video,frame,track_id,confidence,x1,y1,x2,y2
video1.mp4,1,1,0.9129905104637146,783,91,897,417
video1.mp4,1,2,0.7906332612037659,214,122,364,314
video1.mp4,1,3,0.7334544062614441,441,168,624,446
video1.mp4,2,1,0.9111382961273193,783,91,897,417
video1.mp4,2,3,0.7697429060935974,441,169,625,446
video1.mp4,2,2,0.7606164813041687,214,121,363,314
video1.mp4,3,1,0.9094091057777405,784,92,897,417
video1.mp4,3,3,0.7849311828613281,441,169,624,445
video1.mp4,3,2,0.7338406443595886,214,121,363,314
video1.mp4,3,5,0.60481196641922,238,252,392,496
video1.mp4,4,1,0.9066987037658691,784,92,897,416
video1.mp4,4,3,0.7832484841346741,441,169,624,444
video1.mp4,4,2,0.7701706886291504,214,121,364,314
video1.mp4,4,6,0.7021999359130859,19,176,131,422
video1.mp4,4,5,0.655809760093689,238,252,393,497
video1.mp4,5,1,0.9061849117279053,785,92,897,417
video1.mp4,5,2,0.7919327616691589,215,121,364,314
video1.mp4,5,3,0.7767561674118042,441,168,623,444
video1.mp4,5,5,0.6821819543838501,238,253,393,498
video1.mp4,5,6,0.6464534401893616,19,175,131,421
video1.mp4,6,1,0.9045706391334534,785,92,897,417
video1.mp4,6,2,0.7670885920524597,215,121,364,314
video1.mp4,6,3,0.7463151216506958,441,168,627,444
video1.mp4,6,5,0.6670401692390442,238,252,393,498
video1.mp4,6,6,0.6425048112869263,18,175,133,409
video1.mp4,7,1,0.9074757695198059,785,93,897,416
video1.mp4,7,2,0.7604969143867493,216,121,364,314
video1.mp4,7,5,0.7142606973648071,238,252,394,500
video1.mp4,7,3,0.70295649766922,440,168,624,447
video1.mp4,7,6,0.653854489326477,18,175,133,405
video1.mp4,8,1,0.9008957743644714,786,93,897,415
video1.mp4,8,2,0.7608659267425537,216,121,364,314
video1.mp4,8,5,0.7253665924072266,238,252,393,501
video1.mp4,8,3,0.7241900563240051,440,168,625,448
video1.mp4,8,6,0.6813187003135681,18,175,133,406
video1.mp4,9,1,0.8981481194496155,786,95,897,415
video1.mp4,9,2,0.7836704254150391,216,121,364,314
video1.mp4,9,3,0.7201521992683411,440,168,625,449
video1.mp4,9,6,0.6925478577613831,18,175,133,404
video1.mp4,9,5,0.6895031332969666,238,252,393,500
video1.mp4,10,1,0.8970648646354675,786,95,897,415
video1.mp4,10,2,0.7879846692085266,216,121,364,314
video1.mp4,10,3,0.7372511029243469,440,168,628,449
video1.mp4,10,6,0.7043518424034119,19,173,134,404
video1.mp4,10,5,0.6412873268127441,238,252,394,499
video1.mp4,11,1,0.8971080780029297,786,96,897,415
video1.mp4,11,2,0.765902578830719,217,121,364,314
video1.mp4,11,5,0.7484964728355408,238,252,394,501
video1.mp4,11,3,0.7319328784942627,440,169,626,451
video1.mp4,11,6,0.7071390748023987,19,173,134,405
video1.mp4,12,1,0.8999950289726257,786,96,897,414
video1.mp4,12,2,0.743585467338562,217,121,364,314
video1.mp4,12,5,0.7174538373947144,238,252,392,500
video1.mp4,12,3,0.7067444324493408,440,169,626,450
video1.mp4,12,6,0.7054489850997925,20,173,133,401
video1.mp4,13,1,0.9018247723579407,786,98,897,415
video1.mp4,13,2,0.7721706628799438,217,121,365,314
video1.mp4,13,3,0.7116325497627258,440,169,626,450
video1.mp4,13,5,0.711216390132904,239,252,391,500
video1.mp4,13,6,0.6876444816589355,20,173,134,403
video1.mp4,14,1,0.9023250937461853,786,98,897,415
video1.mp4,14,2,0.7327461242675781,217,121,365,314
video1.mp4,14,5,0.7074615955352783,238,252,391,499
video1.mp4,14,3,0.7064453363418579,440,169,625,447
video1.mp4,14,6,0.6277963519096375,20,173,134,416
video1.mp4,15,1,0.9045737385749817,787,98,897,415
video1.mp4,15,3,0.7288856506347656,440,168,625,446
video1.mp4,15,2,0.7101291418075562,218,121,366,315
video1.mp4,15,5,0.6353254318237305,238,252,391,498
video1.mp4,15,6,0.6038830876350403,20,172,134,411
video1.mp4,16,1,0.9020083546638489,787,98,897,414
video1.mp4,16,2,0.7181943655014038,218,121,366,315
video1.mp4,16,3,0.7026529908180237,440,168,626,447
video1.mp4,16,6,0.633178174495697,20,172,134,411
video1.mp4,16,5,0.6141932606697083,237,252,391,497
video1.mp4,17,1,0.904312014579773,787,100,897,415
video1.mp4,17,2,0.73679518699646,217,121,366,313
video1.mp4,17,3,0.72431880235672,440,168,625,448
video1.mp4,17,6,0.6382916569709778,20,172,134,414
video1.mp4,17,5,0.6193297505378723,238,252,391,496
video1.mp4,18,1,0.9032368659973145,787,101,897,415
video1.mp4,18,3,0.7655868530273438,441,168,624,448
video1.mp4,18,2,0.7287220358848572,217,121,366,313
video1.mp4,18,6,0.6383872032165527,20,172,134,414
video1.mp4,18,5,0.6214976906776428,238,252,391,498
video1.mp4,19,1,0.9050194621086121,787,101,897,415
video1.mp4,19,3,0.7554922103881836,441,168,621,450
video1.mp4,19,2,0.7335516214370728,217,121,366,313
video1.mp4,19,6,0.6429970264434814,21,172,134,419
video1.mp4,19,5,0.6111443042755127,238,251,391,497
video1.mp4,20,1,0.9035291075706482,787,103,897,414
video1.mp4,20,3,0.7420096397399902,441,168,617,451
video1.mp4,20,2,0.7272245287895203,217,121,366,313
video1.mp4,20,6,0.6659254431724548,21,172,134,417
video1.mp4,20,5,0.6096438765525818,237,251,391,497
video1.mp4,21,1,0.9022629857063293,787,102,897,415
video1.mp4,21,3,0.739155650138855,441,168,621,452
video1.mp4,21,2,0.7322951555252075,217,121,365,313
video1.mp4,21,6,0.6408187747001648,21,172,135,416
video1.mp4,21,5,0.5820749402046204,237,251,391,497
video1.mp4,22,1,0.9018920660018921,787,102,897,416
video1.mp4,22,3,0.720794141292572,441,168,612,452
video1.mp4,22,2,0.719065248966217,218,121,366,314
video1.mp4,22,6,0.6434924006462097,21,172,135,416
video1.mp4,22,5,0.5784721374511719,237,251,392,497
video1.mp4,23,1,0.9025529026985168,787,101,897,417
video1.mp4,23,2,0.720751166343689,217,121,365,313
video1.mp4,23,3,0.7153052687644958,441,168,619,451
video1.mp4,23,6,0.642451286315918,21,172,135,414
video1.mp4,23,5,0.5742337703704834,237,251,392,497
video1.mp4,24,1,0.9029644131660461,787,101,897,417
video1.mp4,24,3,0.7007084488868713,441,168,600,451
video1.mp4,24,2,0.6889829039573669,217,121,365,313
video1.mp4,24,6,0.6384513974189758,20,172,136,414
video1.mp4,24,5,0.534419059753418,238,251,392,496
video1.mp4,25,1,0.9014454483985901,787,101,897,417
video1.mp4,25,3,0.7195976972579956,441,168,596,456
video1.mp4,25,2,0.6895783543586731,217,122,365,315
video1.mp4,25,6,0.6388033032417297,20,172,136,406
video1.mp4,25,5,0.5650233030319214,238,251,392,495
video1.mp4,26,1,0.8963841199874878,787,102,897,417
video1.mp4,26,2,0.6972106695175171,218,122,366,315
video1.mp4,26,3,0.6692297458648682,442,169,597,456
video1.mp4,26,6,0.6649426221847534,20,172,137,408
video1.mp4,26,5,0.5775153040885925,238,251,392,495
video1.mp4,27,1,0.9062164425849915,787,101,897,417
video1.mp4,27,2,0.6969208121299744,218,121,366,315
video1.mp4,27,3,0.678681492805481,442,169,597,463
video1.mp4,27,6,0.6765342354774475,21,172,137,405
video1.mp4,27,5,0.5638178586959839,238,251,392,496
video1.mp4,28,1,0.9105657339096069,788,102,897,417
video1.mp4,28,3,0.7019600868225098,442,169,597,460
video1.mp4,28,6,0.6826768517494202,24,172,138,410
video1.mp4,28,2,0.6721433997154236,217,121,365,316
video1.mp4,28,5,0.5626476407051086,239,251,392,496
video1.mp4,29,1,0.9115342497825623,788,102,897,417
video1.mp4,29,3,0.7126381993293762,442,169,595,459
video1.mp4,29,6,0.6788530349731445,23,172,138,409
video1.mp4,29,2,0.6679025888442993,219,121,366,315
video1.mp4,29,5,0.579893946647644,239,251,392,496
video1.mp4,30,1,0.9125190377235413,788,102,897,418
video1.mp4,30,3,0.7216286063194275,442,169,597,461
video1.mp4,30,2,0.697620153427124,218,121,365,315
video1.mp4,30,6,0.673338770866394,24,172,138,410
video1.mp4,30,5,0.6340105533599854,239,251,392,496
video1.mp4,31,1,0.9127285480499268,788,102,897,418
video1.mp4,31,3,0.7046713829040527,442,169,598,463
video1.mp4,31,5,0.6984214186668396,239,251,392,496
video1.mp4,31,6,0.6780385375022888,23,172,139,416
video1.mp4,31,2,0.6603281497955322,217,121,365,316
video1.mp4,32,1,0.9131205081939697,788,101,897,418
video1.mp4,32,5,0.7194054126739502,239,250,392,496
video1.mp4,32,3,0.7072793841362,442,169,600,458
video1.mp4,32,2,0.6895653605461121,219,121,367,316
video1.mp4,32,6,0.6732210516929626,23,172,139,420
video1.mp4,33,1,0.9153608083724976,789,101,897,417
video1.mp4,33,2,0.7150278091430664,219,121,367,316
video1.mp4,33,5,0.7146924734115601,239,250,392,497
video1.mp4,33,3,0.6919048428535461,442,168,599,459
video1.mp4,33,6,0.6799643039703369,23,172,139,420
video1.mp4,34,1,0.9115216732025146,789,101,897,417
video1.mp4,34,5,0.7085229158401489,239,250,393,497
video1.mp4,34,2,0.7070441246032715,219,122,367,316
video1.mp4,34,6,0.6860778331756592,24,172,139,420
video1.mp4,34,3,0.685935914516449,442,169,598,452
video1.mp4,35,1,0.9077625274658203,789,101,897,415
video1.mp4,35,5,0.728975772857666,239,249,393,497
video1.mp4,35,3,0.6869636178016663,443,170,597,450
video1.mp4,35,2,0.6827439665794373,217,123,367,315
video1.mp4,35,6,0.6638354063034058,25,172,140,421
video1.mp4,36,1,0.8953482508659363,789,102,897,414
video1.mp4,36,5,0.719781219959259,239,249,393,497
video1.mp4,36,3,0.6717531085014343,443,170,598,447
video1.mp4,36,2,0.6712478399276733,217,123,366,315
video1.mp4,36,6,0.6641758680343628,26,172,140,422
video1.mp4,37,1,0.8808479905128479,789,102,897,414
video1.mp4,37,5,0.7245835661888123,239,249,393,497
video1.mp4,37,2,0.6638995409011841,217,123,367,315
video1.mp4,37,6,0.6637192368507385,25,172,140,422
video1.mp4,37,3,0.6374168395996094,443,170,596,449
video1.mp4,38,1,0.8437576293945312,790,102,897,413
video1.mp4,38,5,0.725221574306488,240,249,393,496
video1.mp4,38,3,0.6407102346420288,443,170,600,448
video1.mp4,38,6,0.6392861604690552,26,172,140,422
video1.mp4,38,2,0.6371481418609619,217,123,366,315
video1.mp4,39,1,0.7810761332511902,789,103,897,412
video1.mp4,39,5,0.7189851403236389,240,249,394,497
video1.mp4,39,6,0.6568436622619629,27,172,140,421
video1.mp4,39,2,0.6560866832733154,219,123,367,316
video1.mp4,39,3,0.6525705456733704,443,170,601,446
video1.mp4,40,1,0.801921010017395,791,104,897,410
video1.mp4,40,5,0.6821624040603638,240,249,394,496
video1.mp4,40,3,0.6685395240783691,443,170,603,446
video1.mp4,40,2,0.637706458568573,217,123,366,315
video1.mp4,40,6,0.6246297359466553,26,172,140,422
video1.mp4,41,1,0.7970622181892395,790,104,897,410
video1.mp4,41,5,0.6928460001945496,240,249,394,497
video1.mp4,41,3,0.6438614130020142,443,170,604,446
video1.mp4,41,2,0.6369838118553162,218,124,366,315
video1.mp4,41,6,0.6178644895553589,25,172,140,421
video1.mp4,42,1,0.7834988236427307,791,105,897,410
video1.mp4,42,5,0.6930168271064758,239,249,395,497
video1.mp4,42,2,0.640620231628418,218,124,366,315
video1.mp4,42,3,0.6295047402381897,442,170,604,447
video1.mp4,42,6,0.618808925151825,25,172,140,421
video1.mp4,43,1,0.7670629620552063,791,105,897,409
video1.mp4,43,5,0.6834424138069153,239,249,395,498
video1.mp4,43,2,0.6432371735572815,218,125,366,316
video1.mp4,43,6,0.6320655345916748,26,172,140,418
video1.mp4,43,3,0.6202446222305298,444,171,606,446
video1.mp4,44,1,0.8444544672966003,792,105,897,409
video1.mp4,44,5,0.6850280165672302,240,249,395,498
video1.mp4,44,2,0.6660454869270325,218,125,366,316
video1.mp4,44,3,0.6340364813804626,444,170,610,443
video1.mp4,44,6,0.5993886590003967,26,172,140,418
video1.mp4,45,1,0.8355475068092346,790,106,897,409
video1.mp4,45,5,0.6845166087150574,240,249,395,498
video1.mp4,45,2,0.6629374027252197,219,125,366,316
video1.mp4,45,3,0.635496199131012,444,171,604,447
video1.mp4,45,6,0.597776472568512,26,172,140,419
video1.mp4,46,1,0.760951817035675,790,106,897,411
video1.mp4,46,5,0.6819861531257629,239,249,395,498
video1.mp4,46,2,0.6595124006271362,219,126,366,316
video1.mp4,46,3,0.6411426663398743,445,171,608,446
video1.mp4,46,6,0.6018266081809998,26,172,140,422
video1.mp4,47,1,0.7870414853096008,790,107,897,412
video1.mp4,47,5,0.6952435374259949,239,249,396,499
video1.mp4,47,3,0.6594698429107666,444,170,606,444
video1.mp4,47,2,0.6566157937049866,219,126,367,316
video1.mp4,47,6,0.6003339290618896,27,172,140,424
video1.mp4,48,1,0.7945534586906433,788,104,897,412
video1.mp4,48,5,0.6999672651290894,240,249,395,499
video1.mp4,48,3,0.6570550203323364,444,170,607,444
video1.mp4,48,2,0.6514183282852173,219,126,367,317
video1.mp4,48,6,0.5749180912971497,27,172,141,425
video1.mp4,49,1,0.8359848260879517,786,103,897,414
video1.mp4,49,5,0.7166141271591187,240,249,396,499
video1.mp4,49,3,0.6658191084861755,444,170,605,444
video1.mp4,49,2,0.6471980214118958,220,126,367,317
video1.mp4,49,6,0.5682148933410645,27,172,141,424
video1.mp4,50,1,0.835118293762207,784,102,897,413
video1.mp4,50,5,0.702264130115509,240,249,396,499
video1.mp4,50,2,0.6443792581558228,220,125,367,317
video1.mp4,50,3,0.6113210916519165,445,171,607,448
video1.mp4,50,6,0.5502904057502747,27,172,141,423
video1.mp4,51,1,0.87932950258255,782,101,897,416
video1.mp4,51,5,0.717539370059967,240,249,396,500
video1.mp4,51,2,0.6592170000076294,220,126,367,317
video1.mp4,51,3,0.6272647380828857,445,171,600,450
video1.mp4,51,6,0.5490221977233887,27,172,141,423
video1.mp4,52,1,0.8665910959243774,778,100,897,416
video1.mp4,52,5,0.7629367113113403,240,249,396,500
video1.mp4,52,2,0.654556155204773,220,125,367,316
video1.mp4,52,3,0.606372594833374,444,171,610,448
video1.mp4,52,6,0.548900842666626,27,172,141,421
video1.mp4,53,1,0.8824899792671204,778,99,897,416
video1.mp4,53,5,0.7602930068969727,240,249,396,500
video1.mp4,53,2,0.6263333559036255,220,125,367,315
video1.mp4,53,3,0.5966350436210632,444,171,611,449
video1.mp4,53,6,0.5636250972747803,27,172,141,418
video1.mp4,54,1,0.8862846493721008,777,99,897,416
video1.mp4,54,5,0.7491724491119385,240,249,396,500
video1.mp4,54,2,0.6157311201095581,220,123,366,315
video1.mp4,54,3,0.6125286817550659,445,171,616,450
video1.mp4,54,6,0.5568017959594727,27,172,140,418
video1.mp4,55,1,0.8848764300346375,777,98,897,417
video1.mp4,55,5,0.7405312657356262,240,249,397,500
video1.mp4,55,2,0.6252295970916748,220,123,367,315
video1.mp4,55,3,0.5967686772346497,445,171,628,449
video1.mp4,55,6,0.5826783180236816,27,172,140,419
video1.mp4,56,1,0.8898822665214539,776,93,897,418
video1.mp4,56,5,0.6998361349105835,240,249,397,499
video1.mp4,56,2,0.6418885588645935,220,123,367,315
video1.mp4,56,3,0.5888776183128357,445,171,628,446
video1.mp4,56,6,0.5788716673851013,27,173,140,419
video1.mp4,57,1,0.8825494647026062,776,90,897,420
video1.mp4,57,5,0.7000260353088379,240,249,397,499
video1.mp4,57,2,0.6312214732170105,221,122,367,314
video1.mp4,57,6,0.5829253196716309,27,172,140,417
video1.mp4,57,3,0.5814105272293091,445,171,630,446
video1.mp4,58,1,0.8435975313186646,775,79,897,421
video1.mp4,58,5,0.6836292147636414,241,249,397,499
video1.mp4,58,2,0.6314355134963989,221,123,368,315
video1.mp4,58,3,0.5845790505409241,445,171,631,446
video1.mp4,58,6,0.5716506242752075,27,173,140,420
video1.mp4,59,1,0.8398600816726685,775,73,897,422
video1.mp4,59,5,0.6784788370132446,241,248,397,499
video1.mp4,59,2,0.6362230777740479,221,124,368,315
video1.mp4,59,6,0.5916024446487427,27,173,140,419
video1.mp4,59,3,0.5775492191314697,445,171,633,445
video1.mp4,60,1,0.840172290802002,775,47,897,434
video1.mp4,60,2,0.6586294770240784,222,123,368,315
video1.mp4,60,5,0.6480364799499512,241,248,397,499
video1.mp4,60,6,0.6000766754150391,27,173,140,415
video1.mp4,60,3,0.5901110768318176,445,172,633,445
video1.mp4,61,1,0.8758073449134827,774,29,897,424
video1.mp4,61,2,0.665377140045166,222,123,368,316
video1.mp4,61,5,0.6353757381439209,241,248,398,499
video1.mp4,61,6,0.6243690848350525,27,173,140,413
video1.mp4,61,3,0.5824487805366516,445,172,633,445
video1.mp4,62,1,0.890148401260376,775,30,897,426
video1.mp4,62,2,0.6468678712844849,222,123,368,315
video1.mp4,62,6,0.6322121620178223,27,173,140,416
video1.mp4,62,5,0.6211038827896118,241,248,397,499
video1.mp4,62,3,0.5840916037559509,445,172,632,446
video1.mp4,63,1,0.901315450668335,775,26,897,422
video1.mp4,63,2,0.6496478915214539,223,124,369,315
video1.mp4,63,6,0.6339571475982666,27,173,140,414
video1.mp4,63,5,0.6326809525489807,241,248,398,499
video1.mp4,63,3,0.590069591999054,445,172,632,446
video1.mp4,64,1,0.905505359172821,775,21,897,428
video1.mp4,64,2,0.6591060161590576,223,124,369,316
video1.mp4,64,6,0.6355440020561218,27,173,140,416
video1.mp4,64,5,0.621712327003479,242,248,398,499
video1.mp4,64,3,0.5900527238845825,445,172,634,446
video1.mp4,65,1,0.9104726910591125,775,23,897,429
video1.mp4,65,2,0.664821982383728,223,124,370,315
video1.mp4,65,6,0.6302260756492615,27,173,140,414
video1.mp4,65,5,0.6237192153930664,242,248,398,499
video1.mp4,65,3,0.6105607748031616,445,172,634,445
video1.mp4,65,8,0.6086410880088806,445,171,590,356
video1.mp4,66,1,0.9050511717796326,776,12,897,429
video1.mp4,66,2,0.6486797332763672,223,124,369,315
video1.mp4,66,3,0.6290290355682373,445,173,634,446
video1.mp4,66,5,0.6279170513153076,242,248,398,499
video1.mp4,66,6,0.6250381469726562,27,174,140,415
video1.mp4,66,8,0.6101590991020203,445,171,590,357
video1.mp4,67,1,0.9122524261474609,776,3,897,432
video1.mp4,67,2,0.6516662240028381,223,124,369,315
video1.mp4,67,3,0.6377067565917969,445,173,633,446
video1.mp4,67,5,0.6366355419158936,242,248,398,499
video1.mp4,67,6,0.6252028942108154,26,174,140,417
video1.mp4,67,8,0.5931493639945984,445,171,590,356
video1.mp4,68,1,0.9169405698776245,775,1,897,432
video1.mp4,68,5,0.6654844284057617,242,248,399,500
video1.mp4,68,8,0.6402778625488281,445,171,590,357
video1.mp4,68,6,0.6388359069824219,26,174,140,416
video1.mp4,68,2,0.6280127763748169,223,124,369,316
video1.mp4,68,3,0.6081154346466064,445,173,634,446
video1.mp4,69,1,0.9181167483329773,775,1,897,432
video1.mp4,69,6,0.6779165267944336,26,174,140,413
video1.mp4,69,8,0.6681767702102661,445,171,590,357
video1.mp4,69,5,0.6508890986442566,242,248,399,500
video1.mp4,69,2,0.6331381797790527,222,124,370,316
video1.mp4,69,3,0.5909327268600464,445,172,635,446
video1.mp4,70,1,0.9206263422966003,775,0,897,433
video1.mp4,70,8,0.6799507141113281,445,171,590,358
video1.mp4,70,5,0.6475334167480469,242,248,399,500
video1.mp4,70,6,0.643281877040863,26,174,140,414
video1.mp4,70,2,0.6120104193687439,222,124,370,317
video1.mp4,70,3,0.5617067813873291,445,172,634,446
video1.mp4,71,1,0.914384663105011,775,0,897,433
video1.mp4,71,8,0.6648473143577576,445,171,590,358
video1.mp4,71,5,0.6560969352722168,242,248,399,500
video1.mp4,71,6,0.6371620893478394,26,174,140,414
video1.mp4,71,2,0.6116588115692139,222,124,370,317
video1.mp4,71,3,0.5938194990158081,445,172,634,446
video1.mp4,72,1,0.9125367403030396,775,0,897,432
video1.mp4,72,8,0.6667664647102356,445,171,590,358
video1.mp4,72,6,0.6519222855567932,26,174,140,411
video1.mp4,72,5,0.6482158303260803,242,248,399,499
video1.mp4,72,2,0.6380753517150879,222,124,370,316
video1.mp4,72,3,0.5808427929878235,445,172,634,446
video1.mp4,73,1,0.9080094695091248,774,0,897,432
video1.mp4,73,8,0.6827585697174072,445,171,590,357
video1.mp4,73,6,0.6634002923965454,27,174,140,411
video1.mp4,73,5,0.6423308849334717,242,248,399,499
video1.mp4,73,2,0.6263211965560913,222,124,370,316
video1.mp4,73,3,0.5655784606933594,445,172,633,446
video1.mp4,74,1,0.912662148475647,774,0,897,431
video1.mp4,74,6,0.6850638389587402,27,174,140,411
video1.mp4,74,8,0.6649417281150818,445,171,590,357
video1.mp4,74,5,0.6256599426269531,242,248,399,499
video1.mp4,74,2,0.6243807077407837,222,124,370,316
video1.mp4,74,3,0.5571960210800171,445,172,631,446
video1.mp4,75,1,0.9112254977226257,775,0,897,431
video1.mp4,75,8,0.6928728818893433,444,171,590,358
video1.mp4,75,6,0.6847206950187683,26,174,140,410
video1.mp4,75,2,0.6349639892578125,222,124,370,316
video1.mp4,75,5,0.6288659572601318,242,248,399,499
video1.mp4,75,3,0.5409389734268188,445,172,632,446
video1.mp4,76,1,0.9133287072181702,774,0,897,430
video1.mp4,76,8,0.6924374103546143,444,171,590,358
video1.mp4,76,6,0.678461492061615,26,174,140,411
video1.mp4,76,2,0.6384310722351074,221,124,370,317
video1.mp4,76,5,0.5953047871589661,242,248,399,499
video1.mp4,76,3,0.5182909965515137,445,172,632,446
video1.mp4,77,1,0.904685914516449,774,0,897,428
video1.mp4,77,8,0.6820538640022278,444,171,590,358
video1.mp4,77,6,0.6751775145530701,26,174,140,410
video1.mp4,77,2,0.6352050304412842,221,124,370,317
video1.mp4,77,5,0.6125446557998657,242,248,398,499
video1.mp4,78,1,0.8983675241470337,774,0,897,424
video1.mp4,78,6,0.6872531771659851,26,174,140,409
video1.mp4,78,8,0.6871475577354431,444,172,589,358
video1.mp4,78,2,0.6434000134468079,221,124,370,317
video1.mp4,78,5,0.6004552841186523,242,248,398,498
video1.mp4,79,1,0.8970717787742615,774,0,897,424
video1.mp4,79,6,0.6976432204246521,26,174,140,412
video1.mp4,79,8,0.6883081197738647,444,172,589,358
video1.mp4,79,2,0.6634906530380249,221,125,370,317
video1.mp4,79,5,0.6286511421203613,242,248,398,499
video1.mp4,80,1,0.9033703207969666,774,0,897,424
video1.mp4,80,6,0.6892517805099487,25,174,140,414
video1.mp4,80,2,0.6706962585449219,220,125,370,317
video1.mp4,80,8,0.6378867030143738,444,172,589,358
video1.mp4,80,5,0.6236557960510254,242,248,398,499
video1.mp4,80,3,0.5444622039794922,445,173,611,446
video1.mp4,81,1,0.8921395540237427,774,0,897,422
video1.mp4,81,6,0.6959132552146912,25,174,140,415
video1.mp4,81,2,0.6522958874702454,220,125,369,317
video1.mp4,81,5,0.6313954591751099,241,248,398,499
video1.mp4,81,8,0.6262696981430054,444,172,589,358
video1.mp4,81,3,0.5707902908325195,444,173,613,446
video1.mp4,82,1,0.8763942122459412,774,1,897,421
video1.mp4,82,6,0.7038343548774719,24,174,140,417
video1.mp4,82,2,0.6575669646263123,219,125,370,317
video1.mp4,82,5,0.6450976729393005,241,249,398,498
video1.mp4,82,8,0.605598509311676,444,172,589,358
video1.mp4,82,3,0.5840221643447876,444,173,610,446
video1.mp4,83,1,0.9014996886253357,774,1,897,421
video1.mp4,83,6,0.6998128890991211,25,174,140,417
video1.mp4,83,2,0.6622761487960815,220,125,370,317
video1.mp4,83,5,0.651371955871582,241,249,397,499
video1.mp4,83,8,0.598982572555542,444,172,589,357
video1.mp4,83,3,0.5484787821769714,445,172,605,449
video1.mp4,84,1,0.9172104001045227,772,0,897,421
video1.mp4,84,6,0.6954324841499329,24,174,139,418
video1.mp4,84,5,0.6720820069313049,241,249,396,499
video1.mp4,84,2,0.6652633547782898,219,125,370,317
video1.mp4,84,8,0.5607705116271973,444,172,589,358
video1.mp4,84,3,0.5598524212837219,445,172,605,449
video1.mp4,85,1,0.9173711538314819,772,0,897,421
video1.mp4,85,6,0.6831704378128052,25,174,139,415
video1.mp4,85,5,0.649212121963501,240,249,396,498
video1.mp4,85,2,0.6447439789772034,219,125,370,317
video1.mp4,85,3,0.5919284820556641,444,173,619,446
video1.mp4,85,8,0.5846943259239197,444,172,589,358
video1.mp4,86,1,0.9178686141967773,772,0,897,420
video1.mp4,86,6,0.6825549006462097,25,175,139,414
video1.mp4,86,5,0.6556839346885681,240,249,397,498
video1.mp4,86,8,0.5914236307144165,444,172,589,358
video1.mp4,86,2,0.5905448198318481,219,125,369,317
video1.mp4,86,3,0.578589677810669,445,172,613,449
video1.mp4,87,1,0.919090211391449,771,0,897,419
video1.mp4,87,6,0.6770415902137756,24,175,139,412
video1.mp4,87,5,0.6408377289772034,240,249,397,498
video1.mp4,87,8,0.6027398109436035,444,172,589,358
video1.mp4,87,3,0.586822509765625,445,173,616,449
video1.mp4,87,2,0.5835421681404114,219,125,368,317
video1.mp4,88,1,0.9230579733848572,771,0,897,419
video1.mp4,88,6,0.6592245697975159,24,175,139,417
video1.mp4,88,5,0.6239047646522522,240,249,396,498
video1.mp4,88,3,0.6132676005363464,445,172,618,449
video1.mp4,88,2,0.5797243118286133,219,124,368,317
video1.mp4,89,1,0.9086861610412598,771,0,897,419
video1.mp4,89,5,0.6465044021606445,239,249,396,497
video1.mp4,89,6,0.6464113593101501,24,175,139,418
video1.mp4,89,3,0.6121545433998108,445,172,619,449
video1.mp4,89,2,0.5691962242126465,219,124,367,317
video1.mp4,89,8,0.5469701290130615,444,172,589,358
video1.mp4,90,1,0.9143260717391968,771,0,897,419
video1.mp4,90,5,0.6491830348968506,239,249,395,498
video1.mp4,90,3,0.6444088816642761,444,173,627,446
video1.mp4,90,6,0.6416071653366089,24,175,139,418
video1.mp4,90,2,0.5691392421722412,219,124,367,317
video1.mp4,90,8,0.5438074469566345,444,172,589,357
video1.mp4,91,1,0.9156811237335205,770,0,897,419
video1.mp4,91,5,0.6552969217300415,239,249,395,498
video1.mp4,91,3,0.6509695053100586,444,173,629,446
video1.mp4,91,6,0.6390908360481262,23,175,139,417
video1.mp4,91,2,0.5768120884895325,219,124,366,317
video1.mp4,91,8,0.5427588224411011,444,172,589,357
video1.mp4,92,1,0.9178270697593689,770,0,897,419
video1.mp4,92,3,0.6874093413352966,444,173,628,446
video1.mp4,92,5,0.6617087721824646,239,249,395,498
video1.mp4,92,6,0.6053426861763,23,175,138,419
video1.mp4,92,2,0.5862719416618347,219,124,366,317
video1.mp4,93,1,0.9209221601486206,767,0,897,419
video1.mp4,93,3,0.691892683506012,444,173,625,447
video1.mp4,93,5,0.6804459095001221,239,249,396,499
video1.mp4,93,6,0.6079980731010437,23,175,138,419
video1.mp4,93,2,0.5853996276855469,218,125,366,317
video1.mp4,94,1,0.9208700656890869,761,0,897,419
video1.mp4,94,3,0.7455101609230042,443,173,624,448
video1.mp4,94,5,0.7151922583580017,239,249,395,500
video1.mp4,94,6,0.5926836729049683,22,175,138,418
video1.mp4,94,2,0.5713093876838684,218,125,366,317
video1.mp4,95,1,0.9291795492172241,755,0,897,420
video1.mp4,95,3,0.7336936593055725,443,173,625,448
video1.mp4,95,5,0.715095043182373,239,249,395,501
video1.mp4,95,6,0.6062839031219482,22,175,138,420
video1.mp4,95,2,0.5671034455299377,218,125,365,317
video1.mp4,96,1,0.9326618909835815,749,0,897,420
video1.mp4,96,3,0.7320438623428345,443,173,626,448
video1.mp4,96,5,0.6748868227005005,239,249,395,501
video1.mp4,96,2,0.6164325475692749,218,125,366,318
video1.mp4,96,6,0.5991531014442444,22,175,138,419
video1.mp4,97,1,0.9333212971687317,743,0,897,420
video1.mp4,97,3,0.7500447630882263,443,173,626,449
video1.mp4,97,5,0.7179682850837708,239,250,394,501
video1.mp4,97,2,0.6180515885353088,218,126,366,318
video1.mp4,97,6,0.5873711705207825,22,175,138,420
video1.mp4,98,1,0.929073691368103,738,0,897,420
video1.mp4,98,3,0.7713553309440613,443,173,628,448
video1.mp4,98,5,0.7265751361846924,238,250,395,501
video1.mp4,98,2,0.6331580877304077,218,126,366,318
video1.mp4,98,6,0.5956845283508301,22,174,137,418
video1.mp4,99,1,0.9364646673202515,730,0,897,420
video1.mp4,99,3,0.7619009017944336,445,174,632,446
video1.mp4,99,5,0.7495809197425842,238,250,396,501
video1.mp4,99,2,0.6256176233291626,218,126,366,318
video1.mp4,99,6,0.6207528114318848,22,175,137,418
video1.mp4,100,1,0.9361546039581299,723,1,897,420
video1.mp4,100,5,0.7461509704589844,238,250,395,501
video1.mp4,100,3,0.7445284128189087,443,173,627,449
video1.mp4,100,2,0.6582005023956299,217,126,366,318
video1.mp4,100,6,0.5634416937828064,22,174,137,421
video1.mp4,101,1,0.9409768581390381,718,1,897,421
video1.mp4,101,3,0.7495331168174744,444,174,631,446
video1.mp4,101,5,0.7358179092407227,238,250,394,501
video1.mp4,101,2,0.6608710289001465,217,126,365,317
video1.mp4,101,6,0.5475179553031921,22,175,136,421
video1.mp4,102,1,0.9435985684394836,712,1,897,421
video1.mp4,102,3,0.7572039365768433,444,174,631,446
video1.mp4,102,5,0.7212416529655457,238,250,394,501
video1.mp4,102,2,0.6488001346588135,217,126,364,317
video1.mp4,102,6,0.5438446402549744,21,175,136,419
video1.mp4,103,1,0.9458104968070984,708,1,897,421
video1.mp4,103,3,0.7554880380630493,444,174,631,446
video1.mp4,103,5,0.7237900495529175,237,250,394,501
video1.mp4,103,2,0.6659104228019714,217,126,364,317
video1.mp4,103,6,0.5444191098213196,21,175,136,420
video1.mp4,104,1,0.9469205141067505,701,1,897,421
video1.mp4,104,5,0.7325445413589478,237,250,394,501
video1.mp4,104,3,0.7197322249412537,444,174,631,446
video1.mp4,104,2,0.6850517988204956,217,126,364,317
video1.mp4,104,6,0.53973788022995,21,175,136,421
video1.mp4,105,1,0.9474043250083923,698,1,897,421
video1.mp4,105,3,0.7153152823448181,444,174,631,447
video1.mp4,105,5,0.7108629941940308,236,250,394,501
video1.mp4,105,2,0.6810882687568665,217,126,364,318
video1.mp4,105,6,0.5469452142715454,21,174,136,423
video1.mp4,106,1,0.943850040435791,695,0,897,422
video1.mp4,106,5,0.6992372870445251,237,250,394,501
video1.mp4,106,3,0.6924690008163452,441,174,625,447
video1.mp4,106,2,0.6717624068260193,216,126,365,318
video1.mp4,106,6,0.5762121081352234,20,174,135,425
video1.mp4,107,1,0.9424769282341003,691,0,897,421
video1.mp4,107,3,0.6965301632881165,441,174,627,447
video1.mp4,107,5,0.6898130178451538,236,250,393,501
video1.mp4,107,2,0.6831006407737732,216,126,365,318
video1.mp4,107,6,0.6005496382713318,20,175,135,425
video1.mp4,108,1,0.9451046586036682,688,0,897,421
video1.mp4,108,3,0.7680436372756958,443,175,630,446
video1.mp4,108,2,0.7010101079940796,217,125,364,317
video1.mp4,108,5,0.6340345740318298,237,251,393,501
video1.mp4,108,6,0.5908961892127991,20,175,135,429
video1.mp4,109,1,0.9480418562889099,686,0,897,421
video1.mp4,109,3,0.758833110332489,443,175,630,446
video1.mp4,109,2,0.7127903699874878,216,125,364,317
video1.mp4,109,5,0.6393803954124451,237,251,393,502
video1.mp4,109,6,0.592021644115448,20,175,135,430
video1.mp4,110,1,0.9487978219985962,684,0,897,421
video1.mp4,110,3,0.7339769005775452,441,174,627,447
video1.mp4,110,2,0.7293601036071777,216,125,363,317
video1.mp4,110,5,0.656743586063385,237,251,393,502
video1.mp4,110,6,0.5827862024307251,20,175,135,430
video1.mp4,111,1,0.9482377767562866,681,0,897,421
video1.mp4,111,2,0.7479400038719177,215,125,364,317
video1.mp4,111,3,0.7259566783905029,441,174,625,447
video1.mp4,111,5,0.6870013475418091,236,251,392,502
video1.mp4,111,6,0.5818842649459839,20,175,135,428
video1.mp4,112,1,0.9504064917564392,681,1,897,421
video1.mp4,112,2,0.753099262714386,215,125,363,317
video1.mp4,112,3,0.749264657497406,440,174,626,447
video1.mp4,112,5,0.6830320954322815,236,251,392,502
video1.mp4,112,6,0.5768649578094482,20,175,135,429
video1.mp4,113,1,0.9505603909492493,680,1,897,421
video1.mp4,113,3,0.7724195718765259,442,175,630,446
video1.mp4,113,2,0.7463873624801636,215,125,363,317
video1.mp4,113,5,0.6492800712585449,236,251,392,501
video1.mp4,113,6,0.5936049818992615,20,175,135,423
video1.mp4,114,1,0.9490225911140442,679,1,897,421
video1.mp4,114,3,0.7919800281524658,442,174,629,446
video1.mp4,114,2,0.744896411895752,215,125,362,317
video1.mp4,114,5,0.6596779823303223,236,251,392,501
video1.mp4,114,6,0.5698947310447693,18,176,136,438
video1.mp4,115,1,0.9485403299331665,679,0,897,421
video1.mp4,115,3,0.8000596165657043,442,174,629,446
video1.mp4,115,2,0.7384141683578491,215,125,362,317
video1.mp4,115,5,0.6483262777328491,236,251,391,501
video1.mp4,115,6,0.5696460604667664,20,175,135,421
video1.mp4,116,1,0.9506804943084717,680,1,897,421
video1.mp4,116,3,0.8146304488182068,441,175,629,446
video1.mp4,116,2,0.7335023283958435,214,126,361,317
video1.mp4,116,5,0.6537382006645203,236,251,392,501
video1.mp4,116,6,0.5584489703178406,20,175,135,421
video1.mp4,117,1,0.9470357894897461,680,1,897,421
video1.mp4,117,3,0.8199388384819031,441,174,629,446
video1.mp4,117,2,0.7378985285758972,214,125,361,317
video1.mp4,117,5,0.662168562412262,236,251,391,501
video1.mp4,117,6,0.5523048639297485,20,175,135,420
video1.mp4,118,1,0.9481319785118103,681,1,897,421
video1.mp4,118,3,0.8148862719535828,441,175,629,446
video1.mp4,118,2,0.7396239638328552,215,126,362,318
video1.mp4,118,5,0.6608725190162659,236,251,391,501
video1.mp4,118,6,0.5444440841674805,20,175,135,422
video1.mp4,119,1,0.947431206703186,681,1,897,421
video1.mp4,119,3,0.8287718892097473,441,174,629,446
video1.mp4,119,2,0.7517661452293396,215,126,362,318
video1.mp4,119,5,0.6565544605255127,236,251,392,501
video1.mp4,119,6,0.548086404800415,20,175,135,421
video1.mp4,120,1,0.9455463290214539,683,1,897,421
video1.mp4,120,3,0.827119767665863,441,175,629,446
video1.mp4,120,2,0.7504351735115051,215,126,362,318
video1.mp4,120,5,0.6739673018455505,236,251,392,501
video1.mp4,120,6,0.5487347841262817,20,175,135,422
video1.mp4,121,1,0.9443910121917725,684,0,897,421
video1.mp4,121,3,0.83424973487854,440,174,630,446
video1.mp4,121,2,0.7553420066833496,215,126,362,318
video1.mp4,121,5,0.6539191007614136,236,251,391,501
video1.mp4,121,6,0.5512579679489136,19,175,135,420
video1.mp4,122,1,0.9465853571891785,686,0,897,421
video1.mp4,122,3,0.8342245817184448,440,174,630,446
video1.mp4,122,2,0.7534263134002686,215,126,362,318
video1.mp4,122,5,0.6411137580871582,236,251,391,501
video1.mp4,122,6,0.5523009300231934,19,175,134,420
video1.mp4,123,1,0.9423696398735046,687,0,897,421
video1.mp4,123,3,0.8369296789169312,440,174,630,446
video1.mp4,123,2,0.7535136342048645,215,127,363,319
video1.mp4,123,5,0.6364763975143433,236,251,391,501
video1.mp4,123,6,0.554717481136322,19,175,134,419
video1.mp4,124,1,0.9446405172348022,688,0,897,422
video1.mp4,124,3,0.8249217867851257,440,174,629,446
video1.mp4,124,2,0.7721005082130432,215,126,363,318
video1.mp4,124,5,0.6084766983985901,236,251,391,500
video1.mp4,124,6,0.5484533905982971,19,175,134,419
video1.mp4,125,1,0.9450368285179138,690,1,897,422
video1.mp4,125,3,0.8164696097373962,441,175,629,446
video1.mp4,125,2,0.7772255539894104,215,126,363,318
video1.mp4,125,5,0.5794538855552673,235,251,391,500
video1.mp4,125,6,0.5418283343315125,19,175,134,418
video1.mp4,126,1,0.9434395432472229,691,1,897,422
video1.mp4,126,3,0.7818690538406372,442,175,629,446
video1.mp4,126,2,0.7539011240005493,214,127,363,319
video1.mp4,126,5,0.5648608803749084,235,251,391,500
video1.mp4,126,6,0.538132905960083,19,175,134,417
video1.mp4,127,1,0.9392828941345215,693,1,897,422
video1.mp4,127,3,0.7894845604896545,441,175,629,446
video1.mp4,127,2,0.7573602199554443,215,126,363,318
video1.mp4,127,5,0.5545004606246948,235,251,391,499
video1.mp4,127,6,0.5239381790161133,19,175,134,415
video1.mp4,128,1,0.9386333227157593,696,1,897,422
video1.mp4,128,3,0.7986749410629272,441,175,629,446
video1.mp4,128,2,0.755267858505249,215,126,363,318
video1.mp4,128,5,0.5707346796989441,235,251,391,498
video1.mp4,128,6,0.5191881656646729,19,175,134,416
video1.mp4,129,1,0.9396495819091797,697,0,897,424
video1.mp4,129,3,0.8038547039031982,441,174,629,446
video1.mp4,129,2,0.7534996271133423,214,127,364,320
video1.mp4,129,5,0.5502747893333435,235,251,391,497
video1.mp4,129,6,0.5108546614646912,19,175,134,417
video1.mp4,130,1,0.9405173659324646,699,0,897,424
video1.mp4,130,3,0.8051997423171997,441,175,629,446
video1.mp4,130,2,0.7296954989433289,214,126,364,320
video1.mp4,130,5,0.5483413338661194,235,251,391,497
video1.mp4,131,1,0.9388014674186707,700,0,897,424
video1.mp4,131,3,0.7970681190490723,441,175,629,446
video1.mp4,131,2,0.7439625859260559,214,127,364,320
video1.mp4,131,5,0.544269859790802,235,251,391,498
video1.mp4,132,1,0.9394401907920837,701,1,897,425
video1.mp4,132,3,0.8055043816566467,440,174,629,446
video1.mp4,132,2,0.7390064001083374,214,126,364,320
video1.mp4,132,5,0.5408072471618652,235,251,391,498
video1.mp4,133,1,0.9391771554946899,702,1,897,425
video1.mp4,133,3,0.809104859828949,440,174,629,446
video1.mp4,133,2,0.7389901876449585,214,127,364,320
video1.mp4,133,5,0.5410043001174927,235,251,391,498
video1.mp4,134,1,0.9371197819709778,704,0,897,427
video1.mp4,134,3,0.8070981502532959,440,175,629,445
video1.mp4,134,2,0.7510701417922974,214,127,364,320
video1.mp4,134,5,0.5338369607925415,235,251,391,498
video1.mp4,135,1,0.9378639459609985,705,0,897,427
video1.mp4,135,3,0.804083526134491,440,175,629,445
video1.mp4,135,2,0.7498312592506409,214,127,364,320
video1.mp4,135,5,0.5308992266654968,235,251,391,497
video1.mp4,136,1,0.9402405619621277,706,0,897,426
video1.mp4,136,3,0.8008019924163818,441,175,629,445
video1.mp4,136,2,0.7706292271614075,215,126,364,318
video1.mp4,136,5,0.5224487781524658,235,251,391,497
video1.mp4,137,1,0.9416078329086304,707,1,897,426
video1.mp4,137,3,0.7937366962432861,441,175,629,445
video1.mp4,137,2,0.7815235257148743,215,126,364,318
video1.mp4,137,5,0.5391654372215271,235,251,391,497
video1.mp4,138,1,0.9383370280265808,708,0,897,427
video1.mp4,138,3,0.7932152152061462,441,175,629,445
video1.mp4,138,2,0.7876249551773071,215,126,364,318
video1.mp4,138,5,0.5509218573570251,235,251,391,497
video1.mp4,139,1,0.9368628263473511,708,0,897,427
video1.mp4,139,3,0.7967098355293274,441,175,629,445
video1.mp4,139,2,0.7802084684371948,215,126,364,318
video1.mp4,139,5,0.5395802855491638,235,251,391,496
video1.mp4,139,6,0.5042270421981812,19,176,134,417
video1.mp4,140,1,0.9376618266105652,708,0,897,427
video1.mp4,140,2,0.7951606512069702,215,126,364,318
video1.mp4,140,3,0.7531213164329529,439,174,626,447
video1.mp4,140,5,0.5568657517433167,235,251,391,498
video1.mp4,140,6,0.5201699137687683,19,176,134,417
video1.mp4,141,1,0.9363920092582703,708,0,897,426
video1.mp4,141,2,0.8147742748260498,215,126,364,318
video1.mp4,141,3,0.7621642351150513,441,175,628,445
video1.mp4,141,5,0.5573018193244934,235,251,391,498
video1.mp4,141,6,0.5229803323745728,19,175,134,419
video1.mp4,142,1,0.9388061165809631,708,0,897,427
video1.mp4,142,2,0.8056726455688477,215,126,364,318
video1.mp4,142,3,0.7653895020484924,441,175,628,445
video1.mp4,142,5,0.5831878781318665,235,251,391,499
video1.mp4,142,6,0.5288944840431213,19,176,134,423
video1.mp4,143,1,0.9411190152168274,708,0,897,427
video1.mp4,143,2,0.8069849610328674,215,126,364,318
video1.mp4,143,3,0.7770664095878601,441,175,628,445
video1.mp4,143,5,0.5798565149307251,235,251,391,499
video1.mp4,143,6,0.5279025435447693,19,175,134,421
video1.mp4,144,1,0.939068078994751,708,0,897,427
video1.mp4,144,2,0.8010810017585754,215,126,364,318
video1.mp4,144,3,0.740964412689209,442,175,628,445
video1.mp4,144,5,0.5580955743789673,235,251,391,499
video1.mp4,144,6,0.5272352695465088,19,175,134,422
video1.mp4,145,1,0.9359851479530334,707,1,897,428
video1.mp4,145,2,0.7995572686195374,215,126,364,318
video1.mp4,145,3,0.7644683122634888,442,175,629,445
video1.mp4,145,5,0.555492639541626,235,251,391,499
video1.mp4,145,6,0.517603874206543,19,176,134,422
video1.mp4,146,1,0.9338658452033997,707,1,897,428
video1.mp4,146,2,0.7984732985496521,215,126,364,318
video1.mp4,146,3,0.7525718212127686,442,175,629,445
video1.mp4,146,5,0.5700599551200867,236,251,391,498
video1.mp4,146,6,0.5437746644020081,19,176,134,422
video1.mp4,147,1,0.9321016073226929,707,1,897,429
video1.mp4,147,2,0.7906490564346313,215,126,364,318
video1.mp4,147,3,0.7770350575447083,441,175,628,445
video1.mp4,147,5,0.5767180919647217,236,251,391,499
video1.mp4,147,6,0.5420327186584473,20,176,134,422
video1.mp4,148,1,0.9327444434165955,709,0,896,428
video1.mp4,148,2,0.7958455085754395,215,126,364,318
video1.mp4,148,3,0.7794018387794495,441,175,627,445
video1.mp4,148,5,0.6058654189109802,236,251,391,498
video1.mp4,148,6,0.5332683324813843,19,176,134,420
video1.mp4,149,1,0.929678201675415,708,0,895,428
video1.mp4,149,3,0.8044842481613159,440,175,627,445
video1.mp4,149,2,0.7939261794090271,215,126,364,318
video1.mp4,149,5,0.6488478183746338,236,251,391,500
video1.mp4,149,6,0.5306176543235779,19,176,134,419
video1.mp4,150,1,0.9281187057495117,708,1,894,428
video1.mp4,150,3,0.8110953569412231,440,175,627,445
video1.mp4,150,2,0.7949133515357971,215,126,364,318
video1.mp4,150,5,0.6363518238067627,236,251,392,500
video1.mp4,150,6,0.5300818681716919,19,176,134,418
video1.mp4,151,1,0.9245539307594299,707,1,893,428
video1.mp4,151,3,0.8071573376655579,440,175,627,445
video1.mp4,151,2,0.7765738368034363,215,126,364,318
video1.mp4,151,5,0.6020077466964722,236,251,392,499
video1.mp4,151,6,0.5159363746643066,19,176,134,419
video1.mp4,152,1,0.9299322366714478,707,1,893,428
video1.mp4,152,3,0.790505588054657,441,175,627,444
video1.mp4,152,2,0.7782597541809082,215,126,364,318
video1.mp4,152,5,0.5698848962783813,236,251,392,499
video1.mp4,152,6,0.5296134352684021,20,176,134,420
video1.mp4,153,1,0.9299442768096924,706,0,891,426
video1.mp4,153,3,0.7934790253639221,441,175,626,444
video1.mp4,153,2,0.7686530947685242,215,126,364,317
video1.mp4,153,5,0.5707595944404602,236,251,392,498
video1.mp4,153,6,0.5213199257850647,20,176,134,419
video1.mp4,154,1,0.9309937953948975,705,1,887,426
video1.mp4,154,3,0.7900689840316772,441,175,623,444
video1.mp4,154,2,0.7702462077140808,215,126,364,317
video1.mp4,154,5,0.5732601284980774,236,251,391,498
video1.mp4,154,6,0.5442264676094055,20,175,134,420
video1.mp4,155,1,0.9312061667442322,705,1,885,426
video1.mp4,155,3,0.8135561347007751,440,175,625,444
video1.mp4,155,2,0.7584457397460938,215,126,364,319
video1.mp4,155,5,0.5497421026229858,235,251,391,498
video1.mp4,155,6,0.5387792587280273,20,175,134,418
video1.mp4,156,1,0.9293952584266663,705,1,884,426
video1.mp4,156,3,0.8111711740493774,440,175,624,444
video1.mp4,156,2,0.7550117373466492,215,126,364,319
video1.mp4,156,5,0.5452010035514832,236,250,391,498
video1.mp4,156,6,0.5261058807373047,20,175,134,417
video1.mp4,157,1,0.9273995161056519,703,1,883,426
video1.mp4,157,3,0.8169799447059631,440,175,627,444
video1.mp4,157,2,0.7551001310348511,215,126,364,319
video1.mp4,157,5,0.5415828227996826,236,251,391,498
video1.mp4,157,6,0.5269125699996948,20,175,134,417
video1.mp4,158,1,0.9275683164596558,704,1,881,425
video1.mp4,158,3,0.8310403823852539,440,175,626,444
video1.mp4,158,2,0.77116459608078,215,126,364,317
video1.mp4,158,5,0.5689892768859863,236,251,391,499
video1.mp4,158,6,0.5303177237510681,20,175,134,416
video1.mp4,159,1,0.9263729453086853,703,1,880,425
video1.mp4,159,3,0.8361204862594604,440,175,626,444
video1.mp4,159,2,0.7655287981033325,215,127,364,319
video1.mp4,159,5,0.552101194858551,236,251,390,498
video1.mp4,159,6,0.5444151759147644,20,175,134,414
video1.mp4,160,1,0.9262917041778564,703,1,879,425
video1.mp4,160,3,0.8367709517478943,440,175,626,444
video1.mp4,160,2,0.7662439942359924,215,126,364,317
video1.mp4,160,6,0.551820695400238,20,175,134,415
video1.mp4,160,5,0.5507441759109497,236,251,390,498
video1.mp4,161,1,0.9267286658287048,703,1,877,425
video1.mp4,161,3,0.8249075412750244,440,174,625,444
video1.mp4,161,2,0.7604216933250427,215,126,364,317
video1.mp4,161,5,0.5459144115447998,236,251,390,498
video1.mp4,161,6,0.5450608730316162,20,175,134,413
video1.mp4,162,1,0.9232050180435181,703,1,875,425
video1.mp4,162,3,0.8267643451690674,439,174,625,444
video1.mp4,162,2,0.7754964828491211,215,126,364,317
video1.mp4,162,6,0.5642853379249573,20,175,134,413
video1.mp4,162,5,0.5527205467224121,236,251,391,499
video1.mp4,163,1,0.9212441444396973,702,1,874,425
video1.mp4,163,3,0.8220539093017578,439,174,626,444
video1.mp4,163,2,0.777408242225647,215,126,364,317
video1.mp4,163,5,0.5760356783866882,236,251,390,499
video1.mp4,163,6,0.5626865029335022,20,175,134,411
video1.mp4,164,1,0.9227411150932312,703,1,872,425
video1.mp4,164,3,0.8228908181190491,439,174,627,444
video1.mp4,164,2,0.7899588942527771,215,126,364,317
video1.mp4,164,5,0.5792218446731567,236,251,390,500
video1.mp4,164,6,0.5763237476348877,20,175,134,412
video1.mp4,165,1,0.9273127317428589,703,0,872,424
video1.mp4,165,3,0.8272592425346375,439,174,626,444
video1.mp4,165,2,0.785134494304657,215,126,363,317
video1.mp4,165,5,0.5728301405906677,236,251,390,500
video1.mp4,165,6,0.5624541640281677,20,175,134,414
video1.mp4,166,1,0.9265525341033936,703,1,870,425
video1.mp4,166,3,0.8284355998039246,439,174,627,444
video1.mp4,166,2,0.7792873978614807,215,126,363,317
video1.mp4,166,5,0.587333619594574,237,251,391,499
video1.mp4,166,6,0.5656217932701111,20,175,134,413
video1.mp4,167,1,0.931363046169281,705,0,869,425
video1.mp4,167,3,0.818414032459259,439,174,625,444
video1.mp4,167,2,0.7790343165397644,215,126,363,317
video1.mp4,167,5,0.5806674957275391,237,251,391,499
video1.mp4,167,6,0.5676608085632324,20,175,134,411
video1.mp4,168,1,0.9330712556838989,704,0,867,425
video1.mp4,168,3,0.8253461718559265,439,174,627,444
video1.mp4,168,2,0.7796018123626709,215,126,364,317
video1.mp4,168,6,0.5752403736114502,20,175,134,412
video1.mp4,168,5,0.5720218420028687,237,251,391,500
video1.mp4,169,1,0.9331050515174866,704,0,865,425
video1.mp4,169,3,0.8101747035980225,440,174,625,444
video1.mp4,169,2,0.7753819823265076,215,126,364,317
video1.mp4,169,5,0.5914320349693298,237,251,391,500
video1.mp4,169,6,0.5859686136245728,20,175,134,411
video1.mp4,170,1,0.9339684844017029,704,0,864,425
video1.mp4,170,3,0.8175060749053955,440,174,627,444
video1.mp4,170,2,0.7731916904449463,215,126,364,317
video1.mp4,170,5,0.5863081812858582,237,251,391,500
video1.mp4,170,6,0.583442747592926,20,175,134,411
video1.mp4,171,1,0.9303098917007446,705,0,862,426
video1.mp4,171,3,0.8083277344703674,440,174,627,444
video1.mp4,171,2,0.7599197030067444,215,125,364,317
video1.mp4,171,5,0.5979535579681396,237,251,391,501
video1.mp4,171,6,0.5758283734321594,20,175,134,407
video1.mp4,172,1,0.927268922328949,705,0,861,426
video1.mp4,172,3,0.8124290704727173,440,174,628,444
video1.mp4,172,2,0.7706671357154846,215,126,364,317
video1.mp4,172,5,0.654464840888977,238,251,391,501
video1.mp4,172,6,0.5570812821388245,20,175,134,408
video1.mp4,173,1,0.9224163293838501,706,0,860,426
video1.mp4,173,3,0.812096357345581,440,174,627,444
video1.mp4,173,2,0.7752653360366821,215,126,364,317
video1.mp4,173,5,0.6604876518249512,238,251,391,501
video1.mp4,173,6,0.5521129369735718,21,175,134,409
video1.mp4,174,1,0.9222130179405212,705,0,858,426
video1.mp4,174,3,0.8176830410957336,439,175,628,444
video1.mp4,174,2,0.776774525642395,215,126,364,317
video1.mp4,174,5,0.6810737252235413,238,251,391,501
video1.mp4,174,6,0.5005095601081848,21,176,134,409
video1.mp4,175,1,0.922221302986145,705,0,857,426
video1.mp4,175,3,0.8226197957992554,439,175,628,444
video1.mp4,175,2,0.7577925324440002,216,126,364,317
video1.mp4,175,5,0.6595682501792908,238,251,391,501
video1.mp4,175,6,0.5295773148536682,21,175,134,407
video1.mp4,176,1,0.922802746295929,704,0,856,426
video1.mp4,176,3,0.8085987567901611,440,175,628,444
video1.mp4,176,2,0.7691400051116943,216,126,364,317
video1.mp4,176,5,0.6599299907684326,238,251,391,501
video1.mp4,176,6,0.5131360292434692,21,175,134,410
video1.mp4,177,1,0.9238138794898987,704,0,855,426
video1.mp4,177,3,0.8047702312469482,440,175,627,444
video1.mp4,177,2,0.7681177854537964,216,126,364,318
video1.mp4,177,5,0.6604766249656677,238,251,391,501
video1.mp4,177,6,0.5332714319229126,22,175,134,411
video1.mp4,178,1,0.9260623455047607,704,0,854,426
video1.mp4,178,3,0.8054773211479187,440,175,627,444
video1.mp4,178,2,0.7548468708992004,216,126,364,317
video1.mp4,178,5,0.6420418620109558,238,251,391,501
video1.mp4,178,6,0.5227418541908264,22,175,134,408
video1.mp4,179,1,0.9262109994888306,704,0,853,426
video1.mp4,179,3,0.8013885617256165,440,175,627,444
video1.mp4,179,2,0.7443875670433044,216,126,364,318
video1.mp4,179,5,0.6374204754829407,238,251,391,500
video1.mp4,179,6,0.5533421039581299,21,175,134,409
video1.mp4,180,1,0.9261086583137512,703,0,852,426
video1.mp4,180,3,0.795552670955658,440,175,626,444
video1.mp4,180,2,0.7713720798492432,216,126,364,318
video1.mp4,180,5,0.6614075303077698,238,252,391,500
video1.mp4,180,6,0.5446462035179138,21,175,134,409
video1.mp4,181,1,0.9260516166687012,703,0,851,426
video1.mp4,181,3,0.7951759099960327,440,175,624,444
video1.mp4,181,2,0.7608481645584106,216,126,364,318
video1.mp4,181,5,0.6568650603294373,238,252,391,500
video1.mp4,181,6,0.5462384819984436,20,175,135,406
video1.mp4,182,1,0.9275872111320496,702,0,850,426
video1.mp4,182,3,0.7960519790649414,440,176,624,444
video1.mp4,182,2,0.7549412846565247,216,126,364,318
video1.mp4,182,5,0.639919638633728,238,251,391,501
video1.mp4,182,6,0.5774964094161987,21,175,134,408
video1.mp4,183,1,0.9242134094238281,702,0,849,426
video1.mp4,183,3,0.7950418591499329,440,176,623,444
video1.mp4,183,2,0.7366039752960205,216,126,364,318
video1.mp4,183,6,0.6228362917900085,21,175,134,422
video1.mp4,183,5,0.6144217848777771,238,252,391,499
video1.mp4,184,1,0.9254162907600403,701,0,848,425
video1.mp4,184,3,0.7806622982025146,440,176,620,444
video1.mp4,184,2,0.7097183465957642,216,127,364,320
video1.mp4,184,6,0.6857601404190063,22,175,134,424
video1.mp4,184,5,0.6449318528175354,238,251,391,500
video1.mp4,185,1,0.9252573251724243,701,0,848,425
video1.mp4,185,3,0.783441424369812,440,176,620,444
video1.mp4,185,2,0.7006934881210327,216,127,365,320
video1.mp4,185,6,0.6620326638221741,21,175,135,423
video1.mp4,185,5,0.645720899105072,238,251,391,500
video1.mp4,186,1,0.9273279905319214,701,0,847,425
video1.mp4,186,3,0.7743953466415405,440,176,619,444
video1.mp4,186,2,0.7190298438072205,217,126,365,318
video1.mp4,186,6,0.6897724270820618,22,175,135,426
video1.mp4,186,5,0.6322771310806274,239,252,391,500
video1.mp4,187,1,0.9274352192878723,701,0,846,425
video1.mp4,187,3,0.7658553123474121,440,176,617,444
video1.mp4,187,2,0.7123198509216309,217,127,365,320
video1.mp4,187,6,0.6592015027999878,22,175,135,426
video1.mp4,187,5,0.6518117785453796,239,251,392,499
video1.mp4,188,1,0.9267855882644653,700,0,845,426
video1.mp4,188,3,0.7667778134346008,440,176,618,444
video1.mp4,188,2,0.7175329327583313,217,128,365,320
video1.mp4,188,6,0.6908209323883057,22,175,135,428
video1.mp4,188,5,0.6757515668869019,239,252,392,499
video1.mp4,189,1,0.9267709851264954,700,0,845,426
video1.mp4,189,3,0.7705042958259583,441,176,619,444
video1.mp4,189,2,0.7235295176506042,217,128,365,320
video1.mp4,189,6,0.7154869437217712,22,175,135,427
video1.mp4,189,5,0.6882288455963135,239,252,392,500
video1.mp4,190,1,0.9267436265945435,700,0,845,426
video1.mp4,190,3,0.7593340873718262,441,176,616,444
video1.mp4,190,6,0.7296910285949707,22,175,135,428
video1.mp4,190,2,0.7155646085739136,217,127,365,320
video1.mp4,190,5,0.6730084419250488,239,252,392,499
video1.mp4,191,1,0.9279366731643677,700,0,845,427
video1.mp4,191,3,0.7350972890853882,439,176,615,445
video1.mp4,191,2,0.7170736193656921,217,127,365,320
video1.mp4,191,6,0.7012849450111389,23,175,135,427
video1.mp4,191,5,0.6830289959907532,239,252,392,500
video1.mp4,192,1,0.9286404848098755,699,0,846,428
video1.mp4,192,3,0.7233808040618896,439,176,616,445
video1.mp4,192,2,0.7089309692382812,217,127,366,321
video1.mp4,192,5,0.6609534025192261,239,252,393,499
video1.mp4,192,6,0.6355106234550476,22,175,134,426
video1.mp4,193,1,0.9270651936531067,699,0,846,431
video1.mp4,193,3,0.7301065921783447,439,176,616,445
video1.mp4,193,2,0.6934019923210144,217,127,365,321
video1.mp4,193,5,0.6734298467636108,239,252,392,500
video1.mp4,193,6,0.6677844524383545,23,175,134,427
video1.mp4,194,1,0.9277023077011108,699,0,846,432
video1.mp4,194,3,0.7084435224533081,439,176,612,444
video1.mp4,194,2,0.6972224712371826,217,127,365,321
video1.mp4,194,5,0.6516228318214417,239,252,393,498
video1.mp4,194,6,0.6399033069610596,23,175,134,425
video1.mp4,195,1,0.9261248111724854,699,0,846,434
video1.mp4,195,2,0.7003123164176941,217,127,365,320
video1.mp4,195,3,0.6809550523757935,439,176,606,444
video1.mp4,195,5,0.6361072063446045,239,252,393,498
video1.mp4,196,1,0.9246175289154053,700,0,847,435
video1.mp4,196,2,0.6853864789009094,217,127,365,320
video1.mp4,196,3,0.6823815107345581,439,176,605,444
video1.mp4,196,5,0.6509959697723389,239,252,393,498
video1.mp4,197,1,0.9239659905433655,700,0,847,437
video1.mp4,197,2,0.699678897857666,218,127,365,320
video1.mp4,197,3,0.6954563856124878,439,176,598,444
video1.mp4,197,5,0.6734908223152161,239,252,393,498
video1.mp4,198,1,0.9225385785102844,700,0,847,438
video1.mp4,198,3,0.7551031112670898,441,177,601,443
video1.mp4,198,2,0.7068217992782593,217,127,365,320
video1.mp4,198,5,0.692131757736206,240,252,393,498
video1.mp4,199,1,0.9187722206115723,700,0,847,440
video1.mp4,199,3,0.8062963485717773,440,177,599,443
video1.mp4,199,2,0.7030748128890991,218,127,364,319
video1.mp4,199,5,0.6608706116676331,239,252,393,498
video1.mp4,200,1,0.9179731011390686,699,1,846,441
video1.mp4,200,3,0.7822872996330261,441,177,598,443
video1.mp4,200,2,0.6860659122467041,218,127,364,319
video1.mp4,200,5,0.6475100517272949,239,252,393,497
video1.mp4,201,1,0.9193045496940613,700,1,846,442
video1.mp4,201,3,0.8246819376945496,440,177,597,442
video1.mp4,201,2,0.6914072632789612,218,126,362,317
video1.mp4,201,5,0.6673454642295837,239,252,393,497
video1.mp4,202,1,0.9183288216590881,700,1,845,444
video1.mp4,202,3,0.8318195939064026,439,176,596,444
video1.mp4,202,2,0.682902991771698,218,127,363,318
video1.mp4,202,5,0.661285936832428,239,252,393,497
video1.mp4,203,1,0.9183136820793152,700,1,844,445
video1.mp4,203,3,0.8326505422592163,440,176,597,442
video1.mp4,203,2,0.7076385617256165,218,127,362,317
video1.mp4,203,5,0.6743822693824768,240,252,393,498
video1.mp4,204,1,0.9179126024246216,699,1,843,447
video1.mp4,204,3,0.8223176002502441,439,176,596,443
video1.mp4,204,2,0.68756502866745,218,127,363,318
video1.mp4,204,5,0.6767495274543762,240,252,393,498
video1.mp4,205,1,0.9183611273765564,700,0,843,449
video1.mp4,205,3,0.8080717325210571,439,176,595,443
video1.mp4,205,5,0.662530243396759,239,252,393,497
video1.mp4,205,2,0.6545255780220032,218,127,362,318
video1.mp4,206,1,0.916672945022583,701,0,842,450
video1.mp4,206,3,0.8193557262420654,440,176,594,443
video1.mp4,206,2,0.6633583307266235,218,127,363,318
video1.mp4,206,5,0.6555142402648926,239,251,393,497
video1.mp4,207,1,0.9166691303253174,700,0,842,451
video1.mp4,207,3,0.816806435585022,440,176,595,443
video1.mp4,207,2,0.6735638976097107,218,128,364,319
video1.mp4,207,5,0.6551645994186401,239,252,393,497
video1.mp4,208,1,0.9133291840553284,699,0,841,453
video1.mp4,208,3,0.8021526336669922,439,176,594,443
video1.mp4,208,5,0.6493416428565979,239,252,393,497
video1.mp4,208,2,0.6078806519508362,218,128,364,319
video1.mp4,209,1,0.9144167900085449,699,0,840,454
video1.mp4,209,3,0.7748778462409973,440,176,593,443
video1.mp4,209,5,0.6511386632919312,239,252,393,496
video1.mp4,209,2,0.50581955909729,218,127,364,318
video1.mp4,210,1,0.9127322435379028,698,0,840,455
video1.mp4,210,3,0.7619140148162842,440,176,595,443
video1.mp4,210,2,0.6463938355445862,218,127,365,319
video1.mp4,210,5,0.6459770798683167,239,252,393,497
video1.mp4,211,1,0.9123907089233398,697,1,838,455
video1.mp4,211,3,0.7498546242713928,440,176,598,445
video1.mp4,211,5,0.6543448567390442,239,252,393,498
video1.mp4,211,2,0.6190115213394165,218,127,363,319
video1.mp4,212,1,0.9148093461990356,697,1,837,457
video1.mp4,212,3,0.748876690864563,440,177,593,443
video1.mp4,212,2,0.6320931911468506,218,128,363,319
video1.mp4,212,5,0.6312409043312073,239,252,393,497
video1.mp4,213,1,0.9179083108901978,697,1,836,458
video1.mp4,213,3,0.7757063508033752,439,177,595,445
video1.mp4,213,2,0.6407495737075806,218,128,362,318
video1.mp4,213,5,0.636328399181366,239,252,392,498
video1.mp4,214,1,0.9188224077224731,696,0,835,459
video1.mp4,214,3,0.7886708974838257,439,177,592,444
video1.mp4,214,2,0.6597319841384888,218,128,363,318
video1.mp4,214,5,0.5989625453948975,239,252,392,497
video1.mp4,215,1,0.9195253252983093,696,1,833,460
video1.mp4,215,3,0.7921939492225647,440,177,593,444
video1.mp4,215,2,0.6969923973083496,218,128,362,318
video1.mp4,215,5,0.5612824559211731,239,253,392,497
video1.mp4,216,1,0.920052707195282,694,1,832,461
video1.mp4,216,3,0.7767007946968079,439,177,588,443
video1.mp4,216,2,0.6824942231178284,218,128,363,318
video1.mp4,216,5,0.5845937728881836,239,253,392,497
video1.mp4,217,1,0.9180173277854919,693,1,831,460
video1.mp4,217,3,0.7902210354804993,439,177,587,443
video1.mp4,217,5,0.6377283334732056,239,253,392,498
video1.mp4,217,2,0.6287317276000977,217,128,364,318
video1.mp4,218,1,0.9092883467674255,691,1,830,460
video1.mp4,218,3,0.7854076623916626,439,178,585,442
video1.mp4,218,2,0.6732003092765808,217,128,363,318
video1.mp4,218,5,0.6257861852645874,239,253,392,499
video1.mp4,219,1,0.9011828303337097,693,1,828,458
video1.mp4,219,3,0.7437947392463684,439,178,584,440
video1.mp4,219,2,0.7180197238922119,218,128,363,317
video1.mp4,219,5,0.6328200697898865,239,253,391,500
video1.mp4,220,1,0.914691686630249,696,1,827,457
video1.mp4,220,3,0.7245237827301025,439,178,584,439
video1.mp4,220,2,0.7040519714355469,218,128,361,317
video1.mp4,220,5,0.6537253856658936,238,253,391,500
video1.mp4,221,1,0.9049732685089111,691,1,826,456
video1.mp4,221,3,0.7483617663383484,439,178,583,439
video1.mp4,221,2,0.6706001162528992,218,129,361,317
video1.mp4,221,5,0.6692073345184326,238,253,391,501
video1.mp4,222,1,0.9064778685569763,693,1,825,456
video1.mp4,222,3,0.6804277300834656,439,178,584,442
video1.mp4,222,5,0.6542347073554993,238,254,391,501
video1.mp4,222,2,0.6085794568061829,218,128,361,317
video1.mp4,223,1,0.903762698173523,692,1,824,455
video1.mp4,223,3,0.6751047968864441,438,178,584,441
video1.mp4,223,5,0.6452932357788086,238,254,391,501
video1.mp4,223,2,0.6165870428085327,218,128,360,317
video1.mp4,224,1,0.9090772867202759,691,2,824,455
video1.mp4,224,3,0.7486441135406494,438,178,582,439
video1.mp4,224,5,0.6545725464820862,238,254,391,502
video1.mp4,224,2,0.6094526052474976,218,129,360,318
video1.mp4,225,1,0.9108352065086365,690,2,824,454
video1.mp4,225,3,0.7660479545593262,438,178,581,439
video1.mp4,225,5,0.6909279227256775,238,254,390,502
video1.mp4,225,2,0.6490724682807922,218,129,359,318
video1.mp4,226,1,0.9120966792106628,688,2,824,453
video1.mp4,226,5,0.7127364277839661,238,254,390,502
video1.mp4,226,3,0.7094705104827881,438,178,581,443
video1.mp4,226,2,0.6711015105247498,218,129,359,318
video1.mp4,227,1,0.9135451316833496,687,1,824,453
video1.mp4,227,2,0.6857670545578003,218,129,360,318
video1.mp4,227,3,0.6829938888549805,438,178,581,443
video1.mp4,227,5,0.6770272850990295,238,254,390,502
video1.mp4,228,1,0.9128345251083374,685,1,823,452
video1.mp4,228,2,0.7840589880943298,218,129,361,317
video1.mp4,228,3,0.7500611543655396,437,178,581,438
video1.mp4,228,5,0.6752045750617981,237,255,389,501
video1.mp4,229,1,0.9190887212753296,684,1,823,452
video1.mp4,229,3,0.7790194153785706,437,178,580,437
video1.mp4,229,2,0.6883363723754883,218,129,359,317
video1.mp4,229,5,0.6767202615737915,237,255,389,502
video1.mp4,230,1,0.9201540350914001,683,1,823,452
video1.mp4,230,3,0.760585606098175,437,178,581,437
video1.mp4,230,5,0.6696802973747253,237,255,389,502
video1.mp4,230,2,0.6696545481681824,217,129,357,317
video1.mp4,231,1,0.9131224155426025,684,1,822,452
video1.mp4,231,3,0.76954185962677,436,178,580,437
video1.mp4,231,5,0.627649188041687,237,255,389,502
video1.mp4,231,2,0.5838303565979004,217,129,358,315
video1.mp4,232,1,0.9135136008262634,684,1,822,452
video1.mp4,232,3,0.7520102262496948,436,178,580,436
video1.mp4,232,5,0.6276150941848755,237,255,389,502
video1.mp4,232,2,0.5788771510124207,217,129,358,315
video1.mp4,233,1,0.9139878749847412,684,1,821,452
video1.mp4,233,3,0.76222825050354,436,178,579,436
video1.mp4,233,5,0.6200610995292664,236,255,389,502
video1.mp4,233,2,0.5749922394752502,217,129,358,316
video1.mp4,234,1,0.9122076630592346,685,2,820,452
video1.mp4,234,3,0.774526059627533,436,178,579,435
video1.mp4,234,5,0.6082796454429626,236,255,388,501
video1.mp4,234,2,0.6034766435623169,217,129,358,317
video1.mp4,235,1,0.9105249643325806,685,2,820,452
video1.mp4,235,3,0.7935310006141663,435,178,579,435
video1.mp4,235,5,0.5950345396995544,236,256,388,501
video1.mp4,235,2,0.5413041114807129,217,129,359,315
video1.mp4,236,1,0.9085208177566528,684,2,820,452
video1.mp4,236,3,0.7677682042121887,435,179,579,435
video1.mp4,236,5,0.663260281085968,236,256,388,502
video1.mp4,237,1,0.9067063927650452,684,2,820,452
video1.mp4,237,3,0.7935683727264404,435,179,578,435
video1.mp4,237,5,0.6631765961647034,235,256,387,502
video1.mp4,238,1,0.902213990688324,684,1,821,451
video1.mp4,238,3,0.803573727607727,435,179,578,434
video1.mp4,238,5,0.6766182780265808,235,256,387,501
video1.mp4,239,1,0.9011210799217224,684,1,821,452
video1.mp4,239,3,0.8103505373001099,435,180,578,434
video1.mp4,239,5,0.7037567496299744,235,256,387,501
video1.mp4,240,1,0.9014338254928589,684,1,822,452
video1.mp4,240,5,0.7438369393348694,235,256,386,502
video1.mp4,240,3,0.7334065437316895,435,180,578,435
video1.mp4,241,1,0.8993127942085266,684,1,822,452
video1.mp4,241,5,0.7092835903167725,234,256,386,502
video1.mp4,241,3,0.7028392553329468,434,180,579,437
video1.mp4,242,1,0.8995280265808105,683,1,822,452
video1.mp4,242,3,0.7708206176757812,434,180,578,435
video1.mp4,242,5,0.6798558235168457,235,256,386,501
video1.mp4,243,1,0.8977848291397095,683,1,822,452
video1.mp4,243,3,0.7200759053230286,433,180,578,435
video1.mp4,243,5,0.6333832740783691,235,256,386,500
video1.mp4,244,1,0.8977684378623962,683,1,822,452
video1.mp4,244,5,0.6441931128501892,235,257,385,501
video1.mp4,244,3,0.6101487278938293,434,178,576,435
video1.mp4,245,1,0.897331953048706,683,1,822,453
video1.mp4,245,3,0.7057109475135803,432,180,578,435
video1.mp4,245,5,0.6509670615196228,234,257,385,501
video1.mp4,246,1,0.897724986076355,682,1,822,453
video1.mp4,246,3,0.655976414680481,433,178,575,434
video1.mp4,246,5,0.6023492217063904,234,258,384,497
video1.mp4,247,1,0.8985214829444885,682,2,822,453
video1.mp4,247,5,0.6560394167900085,234,258,383,504
video1.mp4,247,3,0.6274129748344421,434,178,575,434
video1.mp4,248,1,0.8994218111038208,682,2,822,453
video1.mp4,248,5,0.6516096591949463,234,258,383,505
video1.mp4,249,1,0.899629533290863,682,2,822,453
video1.mp4,249,5,0.6694667935371399,233,258,382,505
video1.mp4,250,1,0.8998328447341919,682,2,821,453
video1.mp4,250,5,0.6600573658943176,233,258,382,504
video1.mp4,251,1,0.8954673409461975,681,3,820,453
video1.mp4,251,5,0.663552463054657,233,259,382,502
video1.mp4,251,3,0.6237335205078125,433,180,583,435
video1.mp4,252,1,0.8952153921127319,681,3,820,453
video1.mp4,252,5,0.6241897940635681,232,258,382,498
video1.mp4,252,3,0.5890836119651794,433,179,579,433
video1.mp4,253,1,0.8949623107910156,680,3,820,454
video1.mp4,253,3,0.6899195909500122,432,180,579,436
video1.mp4,253,5,0.5825897455215454,232,259,381,499
video1.mp4,254,1,0.8935908079147339,680,3,819,454
video1.mp4,254,3,0.7395001649856567,430,180,576,436
video1.mp4,254,5,0.5765566229820251,233,260,381,498
video1.mp4,255,1,0.8914100527763367,680,3,819,454
video1.mp4,255,3,0.688463032245636,433,181,572,436
video1.mp4,255,5,0.5192127823829651,233,260,381,499
video1.mp4,256,1,0.8907080888748169,680,3,819,454
video1.mp4,256,3,0.6549930572509766,432,181,574,437
video1.mp4,257,1,0.8903654217720032,679,4,819,455
video1.mp4,257,3,0.7271378636360168,432,181,571,437
video1.mp4,257,5,0.5214649438858032,233,260,380,500
video1.mp4,258,1,0.8887143135070801,679,4,819,455
video1.mp4,258,3,0.6600040197372437,432,181,574,437
video1.mp4,258,5,0.5859377980232239,232,260,380,499
video1.mp4,259,1,0.8870705962181091,679,4,819,454
video1.mp4,259,3,0.7031301856040955,431,181,573,436
video1.mp4,259,5,0.5953526496887207,232,260,380,500
video1.mp4,260,1,0.8886407613754272,679,5,819,455
video1.mp4,260,3,0.6956280469894409,431,182,568,439
video1.mp4,260,5,0.5759682059288025,232,261,380,499
video1.mp4,261,1,0.8898261189460754,679,4,819,454
video1.mp4,261,3,0.7639703750610352,432,182,570,437
video1.mp4,261,5,0.6402398347854614,232,262,379,498
video1.mp4,262,1,0.8906158208847046,679,4,819,455
video1.mp4,262,3,0.7167581915855408,431,182,570,436
video1.mp4,262,5,0.623610258102417,232,262,379,500
video1.mp4,263,1,0.8907934427261353,679,4,819,455
video1.mp4,263,3,0.699359655380249,431,182,570,436
video1.mp4,263,5,0.6366081237792969,232,262,379,501
video1.mp4,263,6,0.5417708158493042,20,183,127,422
video1.mp4,264,1,0.8910664319992065,678,4,818,455
video1.mp4,264,3,0.689385175704956,430,183,568,439
video1.mp4,264,5,0.6557478904724121,231,262,379,501
video1.mp4,264,6,0.5197075009346008,20,184,127,423
video1.mp4,265,1,0.8918133974075317,678,5,818,455
video1.mp4,265,3,0.6585184931755066,431,182,570,435
video1.mp4,265,5,0.6117433309555054,231,263,378,502
video1.mp4,266,1,0.8914714455604553,678,5,818,456
video1.mp4,266,5,0.64029860496521,231,263,378,500
video1.mp4,266,3,0.5622512102127075,431,184,566,439
video1.mp4,266,6,0.5287111401557922,20,184,127,423
video1.mp4,267,1,0.8907937407493591,678,6,817,456
video1.mp4,267,5,0.7054482698440552,230,263,378,500
video1.mp4,268,1,0.8912211060523987,678,6,817,456
video1.mp4,268,5,0.6515167355537415,230,263,378,500
video1.mp4,269,1,0.8926618695259094,678,6,817,456
video1.mp4,269,5,0.6520664691925049,229,263,378,499
video1.mp4,270,1,0.8925210237503052,677,6,817,456
video1.mp4,270,5,0.601222038269043,229,263,377,501
video1.mp4,271,1,0.8925296664237976,677,6,816,456
video1.mp4,271,5,0.6219443082809448,228,263,377,500
video1.mp4,272,1,0.8921727538108826,677,6,816,456
video1.mp4,272,2,0.5934591889381409,209,133,356,314
video1.mp4,272,5,0.59152752161026,228,263,377,500
video1.mp4,273,1,0.8920379281044006,677,6,816,455
video1.mp4,273,5,0.552433431148529,225,263,376,499
video1.mp4,274,1,0.8918554782867432,677,6,815,456
video1.mp4,274,5,0.5230616927146912,225,263,376,500
video1.mp4,275,1,0.9095925092697144,676,6,814,455
video1.mp4,275,5,0.5032631158828735,225,263,376,501
video1.mp4,276,1,0.9101661443710327,676,6,814,456
video1.mp4,276,5,0.5098199248313904,225,263,376,500
video1.mp4,277,1,0.9104673266410828,676,6,814,456
video1.mp4,278,1,0.909419596195221,676,6,813,456
video1.mp4,278,2,0.5548580884933472,208,133,355,315
video1.mp4,278,5,0.5157762765884399,225,263,376,502
video1.mp4,279,1,0.9081367254257202,675,6,813,456
video1.mp4,279,5,0.5589271783828735,225,263,375,501
video1.mp4,279,2,0.5384745597839355,208,133,355,313
video1.mp4,280,1,0.9123486876487732,675,6,813,456
video1.mp4,280,10,0.6876075267791748,430,184,565,435
video1.mp4,280,2,0.560165524482727,208,133,354,318
video1.mp4,280,5,0.522509753704071,225,263,375,503
video1.mp4,281,1,0.9136325120925903,675,6,812,456
video1.mp4,281,10,0.706670343875885,427,184,566,441
video1.mp4,281,5,0.5645553469657898,224,263,375,502
video1.mp4,281,2,0.5459035634994507,208,133,354,319
video1.mp4,282,1,0.9126880168914795,675,6,812,456
video1.mp4,282,10,0.7195294499397278,428,184,565,443
video1.mp4,282,5,0.5806221961975098,224,263,375,503
video1.mp4,283,1,0.9109472632408142,675,6,811,455
video1.mp4,283,10,0.7491321563720703,427,183,566,439
video1.mp4,283,5,0.5829256772994995,224,263,375,503
video1.mp4,284,1,0.9093854427337646,674,7,811,455
video1.mp4,284,5,0.5485162734985352,224,263,374,503
video1.mp4,285,1,0.909596860408783,674,7,811,455
video1.mp4,285,5,0.5033709406852722,224,263,374,503
video1.mp4,286,1,0.9087319374084473,674,7,811,455
video1.mp4,286,2,0.5444379448890686,208,134,355,320
video1.mp4,286,5,0.5011464953422546,224,263,374,503
video1.mp4,287,1,0.9068717360496521,674,7,810,455
video1.mp4,287,10,0.670659601688385,427,184,564,419
video1.mp4,287,5,0.5262805223464966,225,263,375,503
video1.mp4,288,1,0.9064490795135498,674,7,811,455
video1.mp4,289,1,0.9050896763801575,673,7,811,455
video1.mp4,289,10,0.7217797636985779,426,184,565,429
video1.mp4,289,5,0.5552343130111694,223,263,374,503
video1.mp4,290,1,0.9048618674278259,673,7,811,455
video1.mp4,290,10,0.7071930170059204,426,184,565,441
video1.mp4,290,3,0.5825294256210327,426,184,568,364
video1.mp4,290,5,0.5560495257377625,224,264,375,503
video1.mp4,291,1,0.9038916230201721,673,7,811,455
video1.mp4,291,10,0.7008088827133179,427,184,565,445
video1.mp4,291,5,0.5854105949401855,225,263,375,503
video1.mp4,291,2,0.5771884322166443,208,134,353,318
video1.mp4,292,1,0.904483437538147,673,7,812,455
video1.mp4,292,10,0.7386404871940613,426,184,565,455
video1.mp4,292,2,0.6637008786201477,208,134,352,320
video1.mp4,292,5,0.5666693449020386,225,262,375,502
video1.mp4,292,3,0.5308383107185364,427,184,568,370
video1.mp4,293,1,0.9052451252937317,673,7,812,455
video1.mp4,293,10,0.7366889715194702,426,185,565,456
video1.mp4,293,2,0.6826881170272827,208,134,352,320
video1.mp4,293,5,0.5637953281402588,225,262,375,501
video1.mp4,294,1,0.9052741527557373,673,7,811,455
video1.mp4,294,10,0.7829283475875854,426,185,565,457
video1.mp4,294,2,0.6781550049781799,210,134,353,322
video1.mp4,294,5,0.5282583832740784,225,262,375,502
video1.mp4,295,1,0.9039723873138428,673,7,811,455
video1.mp4,295,2,0.7009362578392029,210,134,353,322
video1.mp4,295,10,0.6864374876022339,426,184,564,451
video1.mp4,295,5,0.5363284945487976,225,262,375,500
video1.mp4,296,1,0.904728889465332,672,7,810,455
video1.mp4,296,10,0.6957780122756958,425,185,564,456
video1.mp4,296,2,0.600915789604187,208,134,352,320
video1.mp4,296,5,0.533088207244873,225,262,375,501
video1.mp4,297,1,0.9052585959434509,672,7,810,455
video1.mp4,297,10,0.717666506767273,426,185,564,447
video1.mp4,297,2,0.5610396265983582,208,134,353,320
video1.mp4,297,5,0.5135936737060547,224,262,375,499
video1.mp4,298,1,0.9046993255615234,672,8,809,455
video1.mp4,298,10,0.6764662861824036,425,185,563,419
video1.mp4,298,2,0.6043229103088379,208,134,352,321
video1.mp4,298,5,0.5443453788757324,224,261,375,499
video1.mp4,299,1,0.9036545753479004,672,8,809,455
video1.mp4,299,10,0.650391697883606,425,185,563,412
video1.mp4,299,2,0.6349676847457886,208,134,351,321
video1.mp4,299,5,0.5549851059913635,224,261,375,500
video1.mp4,300,1,0.9045295715332031,672,8,809,455
video1.mp4,300,2,0.7276946902275085,208,133,352,321
video1.mp4,300,10,0.6695529818534851,424,185,565,434
video1.mp4,300,5,0.5832220911979675,224,260,375,501
video1.mp4,301,1,0.9044124484062195,672,8,808,455
video1.mp4,301,2,0.708046019077301,209,133,354,321
video1.mp4,301,10,0.6816492080688477,424,185,566,436
video1.mp4,301,5,0.5612664222717285,224,260,374,500
video1.mp4,302,1,0.9044756293296814,672,8,807,455
video1.mp4,302,2,0.7200911641120911,209,133,354,321
video1.mp4,302,10,0.6724492311477661,424,185,566,432
video1.mp4,302,5,0.5751516222953796,225,260,374,500
video1.mp4,303,1,0.9040665030479431,672,8,806,454
video1.mp4,303,2,0.7865174412727356,209,132,354,321
video1.mp4,303,10,0.6451873183250427,424,185,566,434
video1.mp4,303,5,0.5675124526023865,224,260,374,501
video1.mp4,304,1,0.9042784571647644,672,9,806,454
video1.mp4,304,2,0.8334909677505493,208,132,354,322
video1.mp4,304,10,0.6131295561790466,424,185,567,429
video1.mp4,304,5,0.5717642307281494,224,260,374,501
video1.mp4,305,1,0.9048498868942261,672,9,805,454
video1.mp4,305,2,0.8226402997970581,208,132,354,321
video1.mp4,305,5,0.5682870745658875,224,260,375,501
video1.mp4,306,1,0.9042877554893494,672,9,804,454
video1.mp4,306,2,0.766365110874176,208,132,354,321
video1.mp4,306,10,0.6069873571395874,424,185,567,431
video1.mp4,306,5,0.5705187916755676,224,260,374,501
video1.mp4,307,1,0.9046491384506226,672,9,804,454
video1.mp4,307,2,0.7733267545700073,208,132,354,322
video1.mp4,307,5,0.5679641366004944,224,260,375,501
video1.mp4,307,10,0.55882728099823,424,185,567,433
video1.mp4,308,1,0.9072027206420898,672,9,802,454
video1.mp4,308,2,0.8134608864784241,208,132,354,322
video1.mp4,308,10,0.5911315679550171,424,185,567,440
video1.mp4,308,5,0.5767951011657715,224,260,375,500
video1.mp4,309,1,0.9074780344963074,672,9,802,454
video1.mp4,309,2,0.7874172329902649,208,132,354,322
video1.mp4,309,5,0.5762172937393188,224,260,375,500
video1.mp4,309,10,0.5222219824790955,424,184,566,433
video1.mp4,310,1,0.906728208065033,672,9,802,454
video1.mp4,310,2,0.8253670930862427,208,132,354,322
video1.mp4,310,5,0.5726101398468018,224,260,374,499
video1.mp4,310,10,0.5623846650123596,424,185,566,439
video1.mp4,311,1,0.9067672491073608,672,9,801,454
video1.mp4,311,2,0.8253806829452515,208,132,354,322
video1.mp4,311,10,0.6322394609451294,424,185,566,441
video1.mp4,311,5,0.5743472576141357,224,261,374,499
video1.mp4,312,1,0.9063156843185425,672,9,801,454
video1.mp4,312,2,0.8350118398666382,209,133,354,323
video1.mp4,312,10,0.6398881673812866,424,185,566,442
video1.mp4,312,5,0.525998055934906,224,260,374,498
video1.mp4,313,1,0.9070433378219604,672,9,801,454
video1.mp4,313,2,0.7987004518508911,209,133,354,323
video1.mp4,313,10,0.6579113602638245,425,184,565,442
video1.mp4,313,5,0.5208612084388733,224,260,374,497
video1.mp4,314,1,0.9085997343063354,672,10,801,454
video1.mp4,314,2,0.7776563167572021,209,133,354,323
video1.mp4,314,10,0.6507184505462646,425,185,565,442
video1.mp4,314,5,0.5239596366882324,224,260,374,497
video1.mp4,315,1,0.9083450436592102,672,10,800,454
video1.mp4,315,2,0.8033048510551453,208,132,354,323
video1.mp4,315,10,0.6683229207992554,427,184,563,445
video1.mp4,315,5,0.5402601957321167,224,260,374,498
video1.mp4,316,1,0.9087366461753845,672,10,800,454
video1.mp4,316,2,0.8260234594345093,208,132,354,322
video1.mp4,316,10,0.6725772023200989,427,184,563,445
video1.mp4,316,5,0.5423116683959961,224,260,374,497
video1.mp4,317,1,0.9090250730514526,672,10,800,454
video1.mp4,317,2,0.8408646583557129,208,132,354,322
video1.mp4,317,10,0.6751425266265869,425,184,564,443
video1.mp4,317,5,0.551493763923645,224,261,374,499
video1.mp4,318,1,0.9095840454101562,672,10,800,454
video1.mp4,318,2,0.8289459347724915,208,132,354,322
video1.mp4,318,10,0.6823544502258301,425,185,564,444
video1.mp4,318,5,0.5536627769470215,224,260,374,500
video1.mp4,319,1,0.9096773862838745,672,10,800,454
video1.mp4,319,2,0.8285149931907654,208,132,355,322
video1.mp4,319,10,0.6667077541351318,424,184,565,443
video1.mp4,319,5,0.5518994331359863,223,260,375,500
video1.mp4,320,1,0.9096718430519104,672,10,800,454
video1.mp4,320,2,0.8262362480163574,208,132,355,322
video1.mp4,320,10,0.6710114479064941,424,184,564,443
video1.mp4,320,5,0.5624371767044067,224,260,375,499
video1.mp4,321,1,0.9089590907096863,672,10,800,454
video1.mp4,321,2,0.8169618844985962,208,132,355,322
video1.mp4,321,10,0.6728336215019226,424,184,564,443
video1.mp4,321,5,0.5736358165740967,223,260,375,499
video1.mp4,322,1,0.9084668755531311,672,11,800,454
video1.mp4,322,2,0.8194432854652405,208,133,355,322
video1.mp4,322,10,0.689965546131134,424,185,565,441
video1.mp4,322,5,0.5351866483688354,223,260,375,499
video1.mp4,323,1,0.9082042574882507,672,11,800,454
video1.mp4,323,2,0.836489200592041,208,132,355,322
video1.mp4,323,10,0.7011059522628784,424,185,564,438
video1.mp4,324,1,0.9083330035209656,672,11,800,454
video1.mp4,324,2,0.8385898470878601,208,133,355,322
video1.mp4,324,10,0.6721581816673279,424,184,565,436
video1.mp4,325,1,0.9074833393096924,672,11,800,454
video1.mp4,325,2,0.8041892051696777,208,132,354,322
video1.mp4,326,1,0.9074560403823853,672,11,800,454
video1.mp4,326,2,0.8175695538520813,208,133,354,323
video1.mp4,326,10,0.7125545144081116,427,184,563,440
video1.mp4,327,1,0.9069618582725525,672,11,800,454
video1.mp4,327,2,0.8191040754318237,208,132,354,322
video1.mp4,327,10,0.7537209391593933,426,184,564,442
video1.mp4,327,5,0.5161331295967102,223,261,375,499
video1.mp4,328,1,0.9073708653450012,672,11,800,454
video1.mp4,328,2,0.8261792659759521,208,133,354,323
video1.mp4,328,10,0.7454521059989929,426,184,564,441
video1.mp4,328,5,0.5221647620201111,224,261,376,499
video1.mp4,329,1,0.9073572754859924,672,11,800,454
video1.mp4,329,2,0.8348357081413269,208,133,354,323
video1.mp4,329,10,0.7354670763015747,426,184,564,439
video1.mp4,329,5,0.53083735704422,224,261,376,499
video1.mp4,330,1,0.9073339104652405,672,11,800,454
video1.mp4,330,2,0.8064996600151062,208,132,355,322
video1.mp4,330,10,0.7658882737159729,426,184,564,439
video1.mp4,330,5,0.5031214952468872,224,261,376,501
video1.mp4,331,1,0.9070650339126587,673,11,800,454
video1.mp4,331,2,0.7765493988990784,208,132,355,321
video1.mp4,331,10,0.7427676916122437,427,185,564,438
video1.mp4,331,5,0.522811233997345,224,261,375,502
video1.mp4,332,1,0.9074912071228027,673,11,800,454
video1.mp4,332,2,0.823557436466217,208,132,354,321
video1.mp4,332,10,0.7088253498077393,425,185,565,434
video1.mp4,332,5,0.55717533826828,225,261,376,501
video1.mp4,333,1,0.9074113965034485,673,11,800,454
video1.mp4,333,2,0.8071475028991699,208,132,354,321
video1.mp4,333,10,0.7102404832839966,426,185,566,433
video1.mp4,333,5,0.5511255264282227,225,261,376,501
video1.mp4,334,1,0.9073541760444641,673,11,800,454
video1.mp4,334,2,0.8197734951972961,209,131,354,322
video1.mp4,334,10,0.795958936214447,428,186,566,435
video1.mp4,334,5,0.5039422512054443,225,260,376,501
video1.mp4,335,1,0.9069722294807434,673,11,800,454
video1.mp4,335,2,0.8100067973136902,209,132,354,322
video1.mp4,335,10,0.7952326536178589,428,186,566,436
video1.mp4,336,1,0.9063435196876526,673,11,800,454
video1.mp4,336,2,0.8097096085548401,209,131,354,321
video1.mp4,336,10,0.7819712162017822,428,186,566,440
video1.mp4,336,5,0.5453033447265625,226,261,376,503
video1.mp4,337,1,0.9064001441001892,673,11,800,454
video1.mp4,337,2,0.8131254315376282,209,131,354,320
video1.mp4,337,10,0.7808041572570801,428,186,566,442
video1.mp4,337,5,0.5437102913856506,226,261,376,503
video1.mp4,338,1,0.9066342711448669,673,11,800,454
video1.mp4,338,10,0.8081942200660706,428,186,566,443
video1.mp4,338,2,0.689467191696167,209,132,354,320
video1.mp4,338,5,0.5700128674507141,226,261,376,503
video1.mp4,339,1,0.906340479850769,673,11,800,454
video1.mp4,339,10,0.8084021210670471,428,186,566,440
video1.mp4,339,5,0.5283302068710327,225,261,376,503
video1.mp4,340,1,0.9061298966407776,673,11,800,454
video1.mp4,340,10,0.8088321089744568,429,186,567,450
video1.mp4,340,5,0.561661958694458,227,261,376,503
video1.mp4,341,1,0.9058724641799927,673,10,800,454
video1.mp4,341,10,0.8145154118537903,429,186,568,450
video1.mp4,341,5,0.5572897791862488,227,261,376,503
video1.mp4,342,1,0.9064944386482239,673,10,800,454
video1.mp4,342,10,0.819895327091217,428,186,568,446
video1.mp4,342,5,0.5314474701881409,227,261,377,503
video1.mp4,343,1,0.9064115881919861,674,10,800,454
video1.mp4,343,10,0.819867730140686,429,186,569,447
video1.mp4,343,5,0.5019710659980774,226,262,377,504
video1.mp4,344,1,0.9062163233757019,674,10,800,454
video1.mp4,344,10,0.8200076222419739,428,185,569,448
video1.mp4,344,5,0.5032718181610107,227,262,377,504
video1.mp4,345,1,0.9055334329605103,674,10,800,454
video1.mp4,345,10,0.8165514469146729,429,186,568,447
video1.mp4,345,5,0.5145149230957031,228,262,378,504
video1.mp4,346,1,0.9059424996376038,674,10,800,454
video1.mp4,346,10,0.8169140219688416,430,185,568,448
video1.mp4,347,1,0.9057960510253906,674,10,800,454
video1.mp4,347,10,0.8140572905540466,430,184,568,447
video1.mp4,348,1,0.9057276844978333,674,10,800,454
video1.mp4,348,10,0.8135773539543152,430,184,568,446
video1.mp4,348,5,0.5022541880607605,227,263,377,503
video1.mp4,349,1,0.9050095677375793,674,10,800,454
video1.mp4,349,10,0.8183048367500305,431,184,568,447
video1.mp4,349,5,0.5002700686454773,227,264,377,503
video1.mp4,350,1,0.9051109552383423,674,10,800,454
video1.mp4,350,10,0.8250967264175415,430,183,572,446
video1.mp4,351,1,0.9052565693855286,674,10,800,454
video1.mp4,351,10,0.8345552682876587,430,183,577,445
video1.mp4,352,1,0.9049495458602905,674,10,800,454
video1.mp4,352,10,0.8260445594787598,430,183,578,445
video1.mp4,353,1,0.904238224029541,674,10,800,454
video1.mp4,353,10,0.8221949338912964,430,183,579,445
video1.mp4,354,1,0.9042802453041077,674,10,800,454
video1.mp4,354,10,0.8219289779663086,431,180,579,444
video1.mp4,355,1,0.9045455455780029,674,10,800,454
video1.mp4,355,10,0.8086615800857544,430,177,579,443
video1.mp4,356,1,0.904726505279541,674,10,800,454
video1.mp4,356,10,0.8034829497337341,430,178,582,445
video1.mp4,357,1,0.9050240516662598,674,10,800,454
video1.mp4,357,10,0.8184318542480469,431,176,581,442
video1.mp4,358,1,0.9054110646247864,674,10,800,454
video1.mp4,358,10,0.8183449506759644,430,177,583,444
video1.mp4,359,1,0.9050565361976624,674,10,800,454
video1.mp4,359,10,0.8190091848373413,429,176,584,449
video1.mp4,360,1,0.9049625396728516,674,10,800,454
video1.mp4,360,10,0.8279996514320374,427,176,583,449
video1.mp4,361,1,0.9050527215003967,674,10,800,454
video1.mp4,361,10,0.8137980103492737,428,175,584,448
video1.mp4,361,5,0.5121788382530212,229,264,380,503
video1.mp4,362,1,0.9056391716003418,674,10,800,454
video1.mp4,362,10,0.8109511137008667,426,174,584,448
video1.mp4,362,5,0.59867924451828,229,263,380,501
video1.mp4,363,1,0.9051612615585327,674,10,800,454
video1.mp4,363,10,0.8130506873130798,425,173,585,448
video1.mp4,363,5,0.6016902327537537,229,263,379,500
video1.mp4,364,1,0.9053893685340881,674,10,800,454
video1.mp4,364,10,0.8003830313682556,425,172,586,449
video1.mp4,364,5,0.5943825840950012,229,262,379,499
video1.mp4,365,1,0.9055745005607605,674,10,800,454
video1.mp4,365,10,0.8072271943092346,426,172,586,447
video1.mp4,365,5,0.5950867533683777,228,262,379,499
video1.mp4,366,1,0.9058332443237305,674,10,800,454
video1.mp4,366,10,0.8228042125701904,417,171,585,447
video1.mp4,366,5,0.6037933230400085,228,262,380,500
video1.mp4,367,1,0.90520840883255,674,9,800,454
video1.mp4,367,10,0.8175506591796875,411,173,586,449
video1.mp4,367,5,0.5791897773742676,228,262,380,501
video1.mp4,368,1,0.9049744606018066,674,9,800,454
video1.mp4,368,10,0.8042488098144531,409,172,586,450
video1.mp4,368,5,0.5551664233207703,228,261,380,501
video1.mp4,369,1,0.9054030179977417,674,9,800,454
video1.mp4,369,10,0.8250624537467957,408,169,586,449
video1.mp4,369,5,0.5514378547668457,228,261,380,502
video1.mp4,370,1,0.9055216908454895,674,9,801,454
video1.mp4,370,10,0.8346463441848755,409,168,585,450
video1.mp4,370,5,0.549559473991394,229,261,380,503
video1.mp4,371,1,0.905351459980011,674,9,801,454
video1.mp4,371,10,0.8296026587486267,403,170,584,451
video1.mp4,371,5,0.5448048114776611,229,261,380,504
video1.mp4,372,1,0.9051287174224854,674,9,801,454
video1.mp4,372,10,0.8331453204154968,401,169,584,453
video1.mp4,372,5,0.5608245134353638,229,261,380,502
video1.mp4,373,1,0.9047818779945374,674,9,801,454
video1.mp4,373,10,0.8279484510421753,400,168,584,453
video1.mp4,373,5,0.5681751370429993,228,261,380,501
video1.mp4,374,1,0.903853178024292,674,9,801,454
video1.mp4,374,10,0.8328195214271545,399,166,586,452
video1.mp4,374,5,0.5902870893478394,228,261,380,501
video1.mp4,375,1,0.9038870930671692,674,9,801,454
video1.mp4,375,10,0.824314534664154,397,166,584,452
video1.mp4,375,5,0.556124210357666,229,261,380,501
video1.mp4,376,1,0.9038302898406982,674,9,801,454
video1.mp4,376,10,0.8318383097648621,392,165,584,452
video1.mp4,376,5,0.5505157113075256,229,261,380,502
video1.mp4,377,1,0.9034388661384583,674,9,801,454
video1.mp4,377,10,0.8415539264678955,392,165,584,451
video1.mp4,377,5,0.5457732677459717,229,261,380,501
video1.mp4,378,1,0.9041598439216614,674,9,801,454
video1.mp4,378,10,0.8297967910766602,390,165,584,450
video1.mp4,378,5,0.5169756412506104,229,260,380,500
video1.mp4,379,1,0.9047995805740356,674,9,801,454
video1.mp4,379,10,0.8326253294944763,390,165,585,451
video1.mp4,379,5,0.5016748905181885,229,260,381,502
video1.mp4,380,1,0.9047076106071472,674,9,801,454
video1.mp4,380,10,0.8294975161552429,391,165,585,451
video1.mp4,380,5,0.5390340089797974,229,260,380,503
video1.mp4,381,1,0.904506266117096,674,9,801,454
video1.mp4,381,10,0.8399518132209778,391,165,586,451
video1.mp4,381,5,0.5478981733322144,229,260,380,503
video1.mp4,382,1,0.904594898223877,674,9,801,454
video1.mp4,382,10,0.8359194397926331,393,165,585,450
video1.mp4,382,5,0.5536017417907715,229,260,380,501
video1.mp4,383,1,0.9040734171867371,674,9,801,454
video1.mp4,383,10,0.830471932888031,395,164,587,449
video1.mp4,383,5,0.5668342113494873,229,260,380,501
video1.mp4,384,1,0.9038426876068115,674,9,801,454
video1.mp4,384,10,0.8233875632286072,396,164,586,449
video1.mp4,384,5,0.5660184621810913,229,260,380,499
video1.mp4,385,1,0.9037982821464539,674,9,801,454
video1.mp4,385,10,0.8197121620178223,396,164,587,449
video1.mp4,385,5,0.5857036113739014,229,260,380,497
video1.mp4,386,1,0.904429018497467,674,9,801,454
video1.mp4,386,10,0.8081292510032654,397,164,587,449
video1.mp4,386,5,0.5669912099838257,230,260,380,498
video1.mp4,387,1,0.9041979908943176,674,9,801,454
video1.mp4,387,10,0.8113194108009338,395,164,588,448
video1.mp4,387,5,0.5452985763549805,230,262,380,498
video1.mp4,388,1,0.9041913151741028,674,9,801,454
video1.mp4,388,10,0.7988921999931335,389,165,587,448
video1.mp4,388,5,0.5474703907966614,230,263,380,498
video1.mp4,389,1,0.9040770530700684,674,9,801,454
video1.mp4,389,10,0.8081991672515869,388,165,587,448
video1.mp4,389,5,0.5695196986198425,231,262,380,497
video1.mp4,390,1,0.9039832949638367,674,9,801,454
video1.mp4,390,10,0.8208954334259033,388,164,587,449
video1.mp4,390,5,0.5498795509338379,231,263,380,499
video1.mp4,391,1,0.9039961695671082,674,9,801,454
video1.mp4,391,10,0.8162854313850403,388,164,587,449
video1.mp4,391,5,0.5832177996635437,231,262,380,495
video1.mp4,392,1,0.9041458964347839,674,9,801,454
video1.mp4,392,10,0.8125239610671997,388,165,587,450
video1.mp4,392,5,0.5988091230392456,231,263,380,493
video1.mp4,393,1,0.9042468667030334,674,9,801,454
video1.mp4,393,10,0.8104273676872253,389,164,587,449
video1.mp4,393,5,0.5699987411499023,231,263,380,494
video1.mp4,394,1,0.9043405055999756,674,9,801,454
video1.mp4,394,10,0.7984710335731506,390,165,587,450
video1.mp4,394,5,0.6180952191352844,231,262,380,492
video1.mp4,395,1,0.9044055938720703,674,9,801,454
video1.mp4,395,10,0.8050088286399841,392,164,588,450
video1.mp4,395,5,0.6320562958717346,231,262,380,492
video1.mp4,396,1,0.9045219421386719,673,9,801,454
video1.mp4,396,10,0.8035298585891724,393,164,588,450
video1.mp4,396,5,0.6241141557693481,230,259,379,494
video1.mp4,397,1,0.9048594236373901,674,9,801,454
video1.mp4,397,10,0.7879237532615662,394,164,589,451
video1.mp4,397,5,0.5971969366073608,231,262,380,494
video1.mp4,398,1,0.9047657251358032,674,9,801,454
video1.mp4,398,10,0.7885913848876953,394,164,588,452
video1.mp4,398,5,0.5956796407699585,231,262,380,498
video1.mp4,399,1,0.9046045541763306,674,9,801,454
video1.mp4,399,10,0.8177177906036377,397,164,588,451
video1.mp4,399,5,0.5839838981628418,230,260,379,497
video1.mp4,400,1,0.9046570658683777,673,9,801,455
video1.mp4,400,10,0.8292650580406189,396,164,588,452
video1.mp4,400,5,0.5941110253334045,230,260,379,497
video1.mp4,401,1,0.9047290682792664,673,9,801,454
video1.mp4,401,10,0.8233421444892883,396,164,588,452
video1.mp4,401,5,0.6009997725486755,230,260,379,497
video1.mp4,402,1,0.9046466946601868,673,9,801,455
video1.mp4,402,10,0.774494469165802,395,163,589,454
video1.mp4,402,5,0.5435210466384888,230,260,379,493
video1.mp4,403,1,0.9030332565307617,674,8,801,455
video1.mp4,403,10,0.7330563068389893,395,164,587,454
video1.mp4,403,5,0.5978261232376099,229,260,379,493
video1.mp4,404,1,0.9032734036445618,674,9,801,455
video1.mp4,404,10,0.688753068447113,395,164,589,454
video1.mp4,404,5,0.6473253965377808,229,260,379,496
video1.mp4,405,1,0.9042985439300537,674,9,801,455
video1.mp4,405,10,0.7081336379051208,396,164,590,454
video1.mp4,405,5,0.6947734355926514,228,260,379,498
video1.mp4,406,1,0.9051701426506042,674,9,801,456
video1.mp4,406,5,0.7200614809989929,228,260,379,497
video1.mp4,406,10,0.7103515863418579,395,164,590,455
video1.mp4,407,1,0.9052877426147461,674,9,801,456
video1.mp4,407,5,0.7466336488723755,227,260,379,499
video1.mp4,407,10,0.7359848618507385,395,165,589,454
video1.mp4,408,1,0.9064623117446899,674,9,801,456
video1.mp4,408,10,0.8108898997306824,396,164,588,453
video1.mp4,408,5,0.7652871608734131,226,260,379,499
video1.mp4,409,1,0.9062293171882629,674,9,801,456
video1.mp4,409,10,0.8263879418373108,396,164,588,453
video1.mp4,409,5,0.7637811899185181,226,260,379,500
video1.mp4,410,1,0.9057580232620239,674,8,801,456
video1.mp4,410,10,0.8350241184234619,396,163,587,453
video1.mp4,410,5,0.7470675706863403,226,259,379,500
video1.mp4,411,1,0.9055940508842468,674,8,802,456
video1.mp4,411,10,0.8360816836357117,398,164,586,453
video1.mp4,411,5,0.7912687063217163,226,259,379,501
video1.mp4,412,1,0.9052340984344482,674,8,802,456
video1.mp4,412,10,0.8255375027656555,399,164,585,453
video1.mp4,412,5,0.8022903203964233,226,258,379,501
video1.mp4,413,1,0.9051299095153809,674,8,802,456
video1.mp4,413,5,0.8424304127693176,226,259,379,502
video1.mp4,413,10,0.8206624388694763,400,163,586,453
video1.mp4,414,1,0.9051810503005981,674,9,802,456
video1.mp4,414,5,0.8506823182106018,226,259,379,502
video1.mp4,414,10,0.817497730255127,399,164,584,453
video1.mp4,415,1,0.9061100482940674,674,8,802,456
video1.mp4,415,5,0.8182711601257324,226,258,379,502
video1.mp4,415,10,0.8111263513565063,399,164,585,453
video1.mp4,416,1,0.9051198959350586,674,8,802,456
video1.mp4,416,5,0.8425627946853638,225,258,379,502
video1.mp4,416,10,0.8087770342826843,399,164,585,453
video1.mp4,417,1,0.9059075713157654,674,8,802,456
video1.mp4,417,5,0.8503780364990234,225,258,379,502
video1.mp4,417,10,0.8117092251777649,399,164,585,453
video1.mp4,418,1,0.9065244197845459,674,8,802,456
video1.mp4,418,5,0.853267252445221,225,258,379,502
video1.mp4,418,10,0.8268092274665833,398,164,586,452
video1.mp4,419,1,0.9067896008491516,674,8,803,456
video1.mp4,419,5,0.8746961355209351,224,258,379,503
video1.mp4,419,10,0.8078140616416931,396,164,586,451
video1.mp4,420,1,0.9065269827842712,674,8,803,456
video1.mp4,420,5,0.8754725456237793,224,258,379,503
video1.mp4,420,10,0.8154745101928711,395,164,585,452
video1.mp4,421,1,0.9056949019432068,674,9,803,456
video1.mp4,421,5,0.8771256804466248,224,258,379,503
video1.mp4,421,10,0.8247669339179993,396,165,585,452
video1.mp4,422,1,0.9054790735244751,674,9,803,456
video1.mp4,422,5,0.8756842613220215,225,258,379,503
video1.mp4,422,10,0.8149294257164001,397,166,585,451
video1.mp4,423,1,0.9049604535102844,674,9,803,456
video1.mp4,423,5,0.8816677927970886,225,258,380,503
video1.mp4,423,10,0.8147166967391968,397,165,585,452
video1.mp4,424,1,0.9051057696342468,674,8,803,456
video1.mp4,424,5,0.8682510852813721,224,258,380,503
video1.mp4,424,10,0.8192929029464722,399,165,585,452
video1.mp4,425,1,0.9046676158905029,674,8,804,456
video1.mp4,425,5,0.8439449667930603,224,258,380,503
video1.mp4,425,10,0.8132171630859375,399,166,585,452
video1.mp4,426,1,0.9050800800323486,674,8,804,456
video1.mp4,426,5,0.8483392000198364,223,258,380,503
video1.mp4,426,10,0.8166958093643188,398,166,584,453
video1.mp4,427,1,0.9054851531982422,674,8,803,456
video1.mp4,427,5,0.8289294242858887,224,258,380,502
video1.mp4,427,10,0.8233667016029358,398,165,584,453
video1.mp4,428,1,0.9057641625404358,674,8,804,456
video1.mp4,428,5,0.8327536582946777,224,258,381,502
video1.mp4,428,10,0.8252877593040466,397,165,585,453
video1.mp4,429,1,0.9059154987335205,674,8,804,456
video1.mp4,429,5,0.8387618064880371,224,257,381,502
video1.mp4,429,10,0.8199314475059509,397,165,585,453
video1.mp4,430,1,0.9058743119239807,674,8,804,456
video1.mp4,430,10,0.8332345485687256,395,165,584,454
video1.mp4,430,5,0.8279938697814941,223,257,380,503
video1.mp4,431,1,0.9058297872543335,674,8,804,456
video1.mp4,431,10,0.8302942514419556,393,164,584,454
video1.mp4,431,5,0.8192160129547119,223,256,380,503
video1.mp4,432,1,0.9061374068260193,674,8,804,456
video1.mp4,432,10,0.8350638747215271,393,164,584,454
video1.mp4,432,5,0.8218415975570679,223,256,380,503
video1.mp4,433,1,0.9060579538345337,674,8,804,456
video1.mp4,433,10,0.8380250930786133,392,164,584,454
video1.mp4,433,5,0.8090553879737854,223,256,380,503
video1.mp4,434,1,0.9057615995407104,674,8,804,456
video1.mp4,434,10,0.8458160161972046,392,163,584,454
video1.mp4,434,5,0.8005674481391907,223,256,379,505
video1.mp4,435,1,0.9055831432342529,674,8,804,456
video1.mp4,435,10,0.8435061573982239,392,163,584,456
video1.mp4,435,5,0.7805345058441162,222,256,378,505
video1.mp4,436,1,0.9053918123245239,674,8,805,456
video1.mp4,436,10,0.8419923186302185,391,164,584,456
video1.mp4,436,5,0.7334067225456238,222,256,378,502
video1.mp4,437,1,0.9057133197784424,674,8,804,456
video1.mp4,437,10,0.8385341167449951,390,164,584,455
video1.mp4,437,5,0.7408697009086609,222,255,377,502
video1.mp4,438,1,0.9049811959266663,674,8,805,456
video1.mp4,438,10,0.8260777592658997,390,165,584,455
video1.mp4,438,5,0.6705078482627869,217,258,377,504
video1.mp4,439,1,0.9047869443893433,674,8,805,456
video1.mp4,439,10,0.8111007213592529,390,165,585,456
video1.mp4,439,5,0.6894578337669373,220,256,376,504
video1.mp4,440,1,0.9052440524101257,674,7,805,456
video1.mp4,440,10,0.7959063649177551,390,166,585,455
video1.mp4,440,5,0.6929356455802917,220,256,376,504
video1.mp4,441,1,0.9053699970245361,674,7,805,456
video1.mp4,441,10,0.7807506322860718,393,165,586,455
video1.mp4,441,5,0.5930677652359009,220,256,376,504
video1.mp4,442,1,0.9045245051383972,674,7,805,456
video1.mp4,442,10,0.7876179218292236,402,165,584,456
video1.mp4,442,5,0.6251038312911987,220,256,376,504
video1.mp4,443,1,0.9036678075790405,674,7,805,456
video1.mp4,443,10,0.7793636918067932,401,165,585,452
video1.mp4,443,5,0.6990883946418762,221,256,376,505
video1.mp4,444,1,0.9039008021354675,675,7,806,456
video1.mp4,444,10,0.7737411260604858,405,164,586,453
video1.mp4,444,5,0.6841339468955994,222,256,376,504
video1.mp4,445,1,0.9052948951721191,675,6,806,456
video1.mp4,445,10,0.7803842425346375,405,166,586,453
video1.mp4,445,5,0.6878307461738586,221,256,375,505
video1.mp4,446,1,0.907488226890564,675,7,807,456
video1.mp4,446,10,0.7783547639846802,405,167,586,453
video1.mp4,446,5,0.5708656907081604,219,256,376,503
video1.mp4,447,1,0.9055006504058838,675,6,807,456
video1.mp4,447,10,0.7985498905181885,406,166,586,451
video1.mp4,448,1,0.9056203365325928,675,6,808,456
video1.mp4,448,10,0.7901446223258972,414,166,586,454
video1.mp4,449,1,0.9041984677314758,675,6,809,456
video1.mp4,449,10,0.7907508015632629,419,166,586,454
video1.mp4,450,1,0.9013426899909973,675,6,810,456
video1.mp4,450,10,0.7795358896255493,418,165,586,454
video1.mp4,451,1,0.8991700410842896,675,6,811,456
video1.mp4,451,10,0.7826716303825378,405,164,585,454
video1.mp4,451,5,0.5197486877441406,187,256,355,502
video1.mp4,452,1,0.8983117938041687,675,6,811,456
video1.mp4,452,10,0.7846893668174744,407,166,586,455
video1.mp4,452,11,0.7379546761512756,15,188,125,439
video1.mp4,453,1,0.8958667516708374,675,6,813,456
video1.mp4,453,11,0.8265560269355774,15,188,125,438
video1.mp4,453,10,0.8015015125274658,415,166,587,451
video1.mp4,454,1,0.8956267237663269,675,6,813,456
video1.mp4,454,11,0.8449289798736572,15,188,125,444
video1.mp4,454,10,0.7972849607467651,408,167,586,454
video1.mp4,455,1,0.8950878977775574,675,6,814,456
video1.mp4,455,11,0.8353562951087952,14,188,125,453
video1.mp4,455,10,0.8036389946937561,418,168,586,451
video1.mp4,455,5,0.5091641545295715,209,252,362,503
video1.mp4,456,1,0.9024025797843933,675,6,814,456
video1.mp4,456,10,0.8113957643508911,415,169,586,450
video1.mp4,456,11,0.7997546195983887,14,188,126,461
video1.mp4,457,1,0.9019360542297363,675,5,815,456
video1.mp4,457,10,0.8003525733947754,416,169,586,451
video1.mp4,457,11,0.7328541874885559,15,188,126,425
video1.mp4,458,1,0.9002531170845032,675,5,815,456
video1.mp4,458,10,0.8048042058944702,418,169,586,449
video1.mp4,458,11,0.7419921159744263,13,189,126,454
video1.mp4,458,5,0.5054605603218079,181,251,354,502
video1.mp4,459,1,0.9002891778945923,676,5,815,456
video1.mp4,459,11,0.8154415488243103,11,189,126,460
video1.mp4,459,10,0.7837360501289368,412,168,586,447
video1.mp4,459,5,0.6030256748199463,181,253,351,499
video1.mp4,460,1,0.9008693695068359,676,5,817,456
video1.mp4,460,11,0.8143945336341858,10,189,126,459
video1.mp4,460,10,0.7776975035667419,417,167,587,452
video1.mp4,460,5,0.5242844223976135,187,250,351,502
video1.mp4,461,1,0.8998011946678162,676,5,818,456
video1.mp4,461,11,0.7998439073562622,10,189,126,455
video1.mp4,461,10,0.7834060788154602,418,167,587,452
video1.mp4,462,1,0.9053272008895874,675,6,819,456
video1.mp4,462,10,0.8098809719085693,418,167,587,454
video1.mp4,462,11,0.7954971194267273,9,189,126,428
video1.mp4,462,5,0.728870689868927,182,253,348,497
video1.mp4,463,1,0.9069687128067017,675,6,819,456
video1.mp4,463,11,0.8550478219985962,8,189,127,418
video1.mp4,463,10,0.8070881366729736,418,165,586,454
video1.mp4,463,5,0.781509518623352,183,254,348,496
video1.mp4,464,1,0.9074448347091675,676,5,819,456
video1.mp4,464,11,0.8483496904373169,8,189,127,419
video1.mp4,464,5,0.814009428024292,183,254,346,496
video1.mp4,464,10,0.8015145659446716,416,166,587,454
video1.mp4,465,1,0.9064581990242004,676,5,820,456
video1.mp4,465,11,0.8474569916725159,7,189,127,425
video1.mp4,465,10,0.8077765703201294,416,166,586,452
video1.mp4,465,5,0.7601469159126282,182,254,345,493
video1.mp4,466,1,0.906566858291626,676,5,820,456
video1.mp4,466,11,0.862907350063324,7,189,127,422
video1.mp4,466,5,0.8199529051780701,184,253,344,498
video1.mp4,466,10,0.8076264262199402,415,166,587,452
video1.mp4,467,1,0.906252920627594,676,5,821,456
video1.mp4,467,11,0.8481447696685791,7,189,127,430
video1.mp4,467,5,0.8411378264427185,184,254,344,498
video1.mp4,467,10,0.7898072004318237,414,166,586,449
video1.mp4,468,1,0.906852126121521,676,5,821,456
video1.mp4,468,11,0.8557662963867188,8,189,127,433
video1.mp4,468,10,0.7943481802940369,415,167,587,451
video1.mp4,468,5,0.7927252054214478,183,253,343,496
video1.mp4,469,1,0.9058108925819397,676,5,821,456
video1.mp4,469,11,0.8565590381622314,8,189,126,441
video1.mp4,469,5,0.8226826786994934,184,253,345,498
video1.mp4,469,10,0.7891800999641418,415,167,587,452
video1.mp4,470,1,0.9102703928947449,676,5,821,456
video1.mp4,470,11,0.8602094054222107,8,189,126,445
video1.mp4,470,5,0.8459630012512207,184,253,345,499
video1.mp4,470,10,0.8003607988357544,414,168,587,454
video1.mp4,471,1,0.9090995788574219,676,6,822,456
video1.mp4,471,11,0.8601274490356445,8,190,126,441
video1.mp4,471,5,0.8477018475532532,184,252,345,500
video1.mp4,471,10,0.8127040863037109,414,169,587,455
video1.mp4,472,1,0.9020476341247559,676,6,823,456
video1.mp4,472,11,0.8604642152786255,9,190,127,441
video1.mp4,472,5,0.8528125286102295,184,252,345,501
video1.mp4,472,10,0.8081887364387512,414,169,587,454
video1.mp4,473,1,0.8920474052429199,675,6,823,456
video1.mp4,473,11,0.8625332713127136,9,190,126,437
video1.mp4,473,5,0.8504190444946289,183,252,345,501
video1.mp4,473,10,0.8017001748085022,416,169,587,454
video1.mp4,474,1,0.8809384703636169,677,5,822,457
video1.mp4,474,11,0.8604746460914612,7,190,127,440
video1.mp4,474,5,0.8568260669708252,184,252,345,501
video1.mp4,474,10,0.8030270934104919,416,169,587,454
video1.mp4,475,1,0.8780171275138855,677,6,822,457
video1.mp4,475,11,0.8614934682846069,7,190,127,440
video1.mp4,475,5,0.8508478999137878,184,251,345,501
video1.mp4,475,10,0.7620335817337036,413,169,588,455
video1.mp4,476,1,0.8794140219688416,677,5,819,457
video1.mp4,476,5,0.8576111197471619,183,251,345,503
video1.mp4,476,11,0.8546479344367981,7,191,127,436
video1.mp4,476,10,0.7722266316413879,415,170,588,455
video1.mp4,477,1,0.8796072006225586,677,5,818,457
video1.mp4,477,11,0.8560191988945007,7,190,127,439
video1.mp4,477,5,0.832094132900238,183,252,346,499
video1.mp4,477,10,0.8121626377105713,419,170,588,456
video1.mp4,478,5,0.8863415122032166,184,250,344,502
video1.mp4,478,1,0.8806304931640625,677,5,818,457
video1.mp4,478,11,0.8535255789756775,7,190,127,437
video1.mp4,478,10,0.8109124302864075,420,170,589,453
video1.mp4,479,5,0.8991824388504028,183,250,343,504
video1.mp4,479,1,0.8823856115341187,677,5,818,457
video1.mp4,479,11,0.8497171998023987,6,191,126,443
video1.mp4,479,10,0.8207923769950867,419,170,588,452
video1.mp4,480,5,0.8959026336669922,185,250,343,502
video1.mp4,480,1,0.8825535774230957,677,5,817,457
video1.mp4,480,11,0.8392602205276489,7,191,126,444
video1.mp4,480,10,0.8166869282722473,419,170,588,452
video1.mp4,481,5,0.9010751843452454,185,250,342,502
video1.mp4,481,1,0.8871645927429199,677,5,814,458
video1.mp4,481,11,0.8363359570503235,7,191,125,446
video1.mp4,481,10,0.8081286549568176,420,170,588,452
video1.mp4,482,5,0.9039089679718018,184,251,342,503
video1.mp4,482,1,0.887387752532959,676,5,815,458
video1.mp4,482,11,0.8455739617347717,7,191,125,444
video1.mp4,482,10,0.8060201406478882,420,171,590,458
video1.mp4,483,5,0.9068936109542847,184,252,342,502
video1.mp4,483,1,0.8843187689781189,677,5,816,457
video1.mp4,483,11,0.8409205675125122,7,191,125,441
video1.mp4,483,10,0.8076450824737549,421,172,590,457
video1.mp4,484,5,0.9083857536315918,184,253,342,502
video1.mp4,484,1,0.8871727585792542,677,6,815,458
video1.mp4,484,11,0.8516111373901367,7,191,125,445
video1.mp4,484,10,0.8263503313064575,419,171,590,458
video1.mp4,485,5,0.907890796661377,185,253,342,503
video1.mp4,485,1,0.8885473012924194,677,5,814,458
video1.mp4,485,11,0.8549095988273621,7,191,124,442
video1.mp4,485,10,0.8265315890312195,420,171,591,458
video1.mp4,486,5,0.919835090637207,184,253,342,503
video1.mp4,486,1,0.8933358192443848,677,6,812,458
video1.mp4,486,11,0.8543707728385925,7,191,124,444
video1.mp4,486,10,0.8360687494277954,420,171,589,453
video1.mp4,487,5,0.9250367879867554,184,253,342,503
video1.mp4,487,1,0.8967082500457764,677,6,811,458
video1.mp4,487,11,0.8550847768783569,7,191,125,445
video1.mp4,487,10,0.8342002630233765,420,171,590,452
video1.mp4,488,5,0.9247391819953918,184,255,342,503
video1.mp4,488,1,0.8980095386505127,677,6,811,458
video1.mp4,488,11,0.854374349117279,7,191,125,445
video1.mp4,488,10,0.8366240859031677,420,172,590,459
video1.mp4,489,5,0.9237141013145447,184,255,342,503
video1.mp4,489,1,0.9003494381904602,678,6,810,458
video1.mp4,489,11,0.8517299294471741,7,191,125,445
video1.mp4,489,10,0.8436006307601929,420,170,590,455
video1.mp4,490,5,0.9215176105499268,184,255,342,503
video1.mp4,490,1,0.9016590118408203,678,6,810,458
video1.mp4,490,11,0.8543684482574463,7,191,124,442
video1.mp4,490,10,0.8449105024337769,420,172,591,459
video1.mp4,491,5,0.9176002740859985,185,256,343,503
video1.mp4,491,1,0.9044688940048218,678,6,811,458
video1.mp4,491,11,0.8591768145561218,5,191,124,444
video1.mp4,491,10,0.8527136445045471,420,172,590,459
video1.mp4,492,5,0.9232034683227539,183,257,343,502
video1.mp4,492,1,0.9044764041900635,678,6,811,459
video1.mp4,492,11,0.8750211596488953,1,191,124,450
video1.mp4,492,10,0.8474532961845398,420,172,590,455
video1.mp4,493,5,0.9145444631576538,184,257,343,503
video1.mp4,493,1,0.905498743057251,677,7,812,459
video1.mp4,493,11,0.8826972842216492,0,191,124,449
video1.mp4,493,10,0.8549240827560425,419,172,590,457
video1.mp4,494,1,0.9014691710472107,678,7,812,459
video1.mp4,494,5,0.8992366194725037,182,257,344,504
video1.mp4,494,11,0.8903675079345703,0,191,124,454
video1.mp4,494,10,0.8374253511428833,419,172,591,452
video1.mp4,495,1,0.9026303887367249,678,7,813,459
video1.mp4,495,5,0.8945952653884888,182,258,344,504
video1.mp4,495,11,0.881645679473877,0,191,125,456
video1.mp4,495,10,0.8300425410270691,421,171,592,452
video1.mp4,496,1,0.900891900062561,678,7,814,459
video1.mp4,496,5,0.8876121640205383,182,259,343,504
video1.mp4,496,11,0.8754393458366394,0,191,125,461
video1.mp4,496,10,0.8096773028373718,422,170,592,437
video1.mp4,497,1,0.8984442949295044,678,7,814,459
video1.mp4,497,11,0.8932836651802063,0,191,125,465
video1.mp4,497,5,0.8784773945808411,182,259,343,504
video1.mp4,497,10,0.7989336252212524,421,170,593,440
video1.mp4,498,1,0.8964731693267822,678,7,815,458
video1.mp4,498,11,0.8837245106697083,0,192,124,468
video1.mp4,498,5,0.8703006505966187,183,259,344,504
video1.mp4,498,10,0.8216809034347534,421,171,592,428
video1.mp4,499,1,0.8916966915130615,679,7,816,458
video1.mp4,499,5,0.8809534907341003,183,259,343,504
video1.mp4,499,11,0.8507394790649414,0,192,124,471
video1.mp4,499,10,0.7891058325767517,421,171,593,427
video1.mp4,500,1,0.8958205580711365,678,7,816,459
video1.mp4,500,5,0.8834078907966614,183,259,343,503
video1.mp4,500,11,0.825911283493042,0,192,124,470
video1.mp4,500,10,0.8201777338981628,421,172,593,425
video1.mp4,501,5,0.90285325050354,185,259,344,503
video1.mp4,501,1,0.899445652961731,679,7,817,459
video1.mp4,501,11,0.8705251812934875,0,192,124,474
video1.mp4,501,10,0.8502255082130432,425,173,591,421
video1.mp4,502,5,0.9036890268325806,184,260,344,503
video1.mp4,502,1,0.8985492587089539,680,7,817,458
video1.mp4,502,11,0.8832818269729614,0,192,123,477
video1.mp4,502,10,0.8556320667266846,424,174,592,421
video1.mp4,503,5,0.8987334370613098,183,261,344,503
video1.mp4,503,1,0.8971568942070007,680,7,818,459
video1.mp4,503,11,0.8791819214820862,0,192,124,477
video1.mp4,503,10,0.8654081225395203,423,173,591,421
video1.mp4,504,5,0.9006322026252747,183,262,344,503
video1.mp4,504,1,0.8968700766563416,680,7,819,459
video1.mp4,504,10,0.8693149089813232,424,173,592,421
video1.mp4,504,11,0.8665978312492371,0,192,123,478
video1.mp4,505,5,0.903505265712738,183,264,344,503
video1.mp4,505,1,0.8983921408653259,680,7,820,458
video1.mp4,505,10,0.8713322281837463,424,173,591,421
video1.mp4,505,11,0.855395495891571,0,192,123,478
video1.mp4,506,5,0.9097739458084106,184,266,344,503
video1.mp4,506,1,0.8977993726730347,680,7,821,459
video1.mp4,506,10,0.869179368019104,422,173,591,421
video1.mp4,506,11,0.8446396589279175,0,192,123,477
video1.mp4,507,5,0.9025344252586365,183,269,344,503
video1.mp4,507,1,0.897192656993866,680,7,823,459
video1.mp4,507,10,0.8676260113716125,421,173,591,421
video1.mp4,507,11,0.8297685384750366,0,191,123,477
video1.mp4,508,5,0.8986575603485107,184,269,345,503
video1.mp4,508,1,0.8973551392555237,680,7,824,459
video1.mp4,508,10,0.8607874512672424,421,173,591,421
video1.mp4,508,11,0.8433172106742859,0,191,124,476
video1.mp4,509,5,0.8988182544708252,184,269,345,503
video1.mp4,509,1,0.8974472284317017,680,7,825,459
video1.mp4,509,10,0.8709604740142822,420,173,591,420
video1.mp4,509,11,0.8330201506614685,0,190,124,479
video1.mp4,510,1,0.9008520245552063,680,7,826,458
video1.mp4,510,5,0.8915320038795471,184,271,346,503
video1.mp4,510,10,0.8690534830093384,419,173,592,423
video1.mp4,510,11,0.8291764259338379,0,190,124,478
video1.mp4,511,1,0.9051028490066528,680,7,828,458
video1.mp4,511,5,0.8880346417427063,185,273,345,504
video1.mp4,511,10,0.8660088181495667,419,174,592,423
video1.mp4,511,11,0.8416210412979126,0,190,124,480
video1.mp4,512,1,0.9121372699737549,681,7,829,458
video1.mp4,512,5,0.8951689600944519,185,275,347,503
video1.mp4,512,10,0.868800163269043,420,173,592,423
video1.mp4,512,11,0.8629670739173889,0,190,124,479
video1.mp4,513,1,0.9161501526832581,681,7,830,457
video1.mp4,513,5,0.9046493172645569,185,276,347,503
video1.mp4,513,10,0.8669077157974243,419,173,591,423
video1.mp4,513,11,0.8616660833358765,0,190,124,480
video1.mp4,514,1,0.9204440712928772,682,7,831,457
video1.mp4,514,5,0.8967737555503845,185,277,347,504
video1.mp4,514,11,0.8715295791625977,0,190,124,480
video1.mp4,514,10,0.8676642179489136,418,173,592,423
video1.mp4,515,1,0.9225124716758728,682,7,832,457
video1.mp4,515,5,0.8983355760574341,185,279,347,504
video1.mp4,515,10,0.8708844184875488,418,173,592,422
video1.mp4,515,11,0.8682627081871033,0,190,124,480
video1.mp4,516,1,0.9231210947036743,682,7,834,456
video1.mp4,516,5,0.8979464769363403,185,280,347,504
video1.mp4,516,11,0.8732117414474487,0,191,124,481
video1.mp4,516,10,0.8685065507888794,418,173,592,422
video1.mp4,517,1,0.9226166605949402,683,8,835,454
video1.mp4,517,5,0.899148166179657,186,282,347,504
video1.mp4,517,11,0.8721460103988647,0,191,124,480
video1.mp4,517,10,0.8705764412879944,419,173,592,423
video1.mp4,518,1,0.9244693517684937,684,8,837,452
video1.mp4,518,5,0.8974027037620544,186,283,348,504
video1.mp4,518,11,0.8695584535598755,0,191,124,480
video1.mp4,518,10,0.8601504564285278,419,173,592,422
video1.mp4,519,1,0.9265456795692444,684,8,838,451
video1.mp4,519,5,0.8939861059188843,187,283,348,504
video1.mp4,519,10,0.8598585724830627,419,173,592,422
video1.mp4,519,11,0.823966383934021,0,191,124,483
video1.mp4,520,1,0.9307473301887512,684,8,838,448
video1.mp4,520,5,0.8806790709495544,187,285,348,504
video1.mp4,520,11,0.8572489619255066,0,191,123,479
video1.mp4,520,10,0.8530686497688293,420,173,592,422
video1.mp4,521,1,0.933230996131897,684,8,840,445
video1.mp4,521,5,0.8925511240959167,186,286,347,504
video1.mp4,521,10,0.8481792211532593,419,173,592,423
video1.mp4,521,11,0.8095512986183167,0,192,123,483
video1.mp4,522,1,0.9333015084266663,685,8,841,442
video1.mp4,522,5,0.8951011896133423,185,287,347,504
video1.mp4,522,10,0.8484876751899719,419,173,592,423
video1.mp4,522,11,0.7860053181648254,0,192,123,480
video1.mp4,523,1,0.9320851564407349,684,8,842,446
video1.mp4,523,5,0.8972926735877991,185,288,347,504
video1.mp4,523,10,0.844010591506958,418,173,591,423
video1.mp4,523,11,0.7877783179283142,0,191,123,480
video1.mp4,524,1,0.9322643876075745,683,8,843,445
video1.mp4,524,5,0.8992927074432373,185,289,347,504
video1.mp4,524,10,0.8510214686393738,418,174,591,424
video1.mp4,524,11,0.7555590271949768,0,191,123,479
video1.mp4,525,1,0.9350709915161133,682,8,844,440
video1.mp4,525,5,0.8992331624031067,184,290,346,504
video1.mp4,525,10,0.8576452732086182,418,174,591,424
video1.mp4,525,11,0.8333195447921753,0,192,122,478
video1.mp4,526,1,0.9324919581413269,681,8,845,440
video1.mp4,526,5,0.8990535140037537,184,291,346,504
video1.mp4,526,11,0.8681333661079407,0,191,122,488
video1.mp4,526,10,0.8575910925865173,417,175,592,424
video1.mp4,527,1,0.930853009223938,680,8,846,438
video1.mp4,527,5,0.8943879008293152,184,291,346,504
video1.mp4,527,11,0.8883139491081238,0,190,120,490
video1.mp4,527,10,0.8578863143920898,417,175,592,424
video1.mp4,528,1,0.9306238293647766,679,8,847,435
video1.mp4,528,5,0.8931919932365417,184,291,345,504
video1.mp4,528,11,0.8597806096076965,0,190,119,487
video1.mp4,528,10,0.8582723736763,417,174,592,424
video1.mp4,529,1,0.9294835925102234,678,7,849,435
video1.mp4,529,5,0.8897445797920227,184,292,345,504
video1.mp4,529,11,0.8740452527999878,0,191,119,492
video1.mp4,529,10,0.8618530631065369,417,174,592,424
video1.mp4,530,1,0.929236888885498,678,7,849,434
video1.mp4,530,5,0.8838608264923096,184,292,344,504
video1.mp4,530,10,0.8610702753067017,417,174,592,424
video1.mp4,530,11,0.8394699096679688,0,191,118,490
video1.mp4,531,1,0.9302886128425598,678,6,849,434
video1.mp4,531,5,0.8835203051567078,184,292,344,504
video1.mp4,531,11,0.8758405447006226,0,192,119,492
video1.mp4,531,10,0.8596126437187195,417,174,592,424
video1.mp4,532,1,0.9274434447288513,678,6,849,434
video1.mp4,532,5,0.8820118308067322,183,292,343,504
video1.mp4,532,11,0.865431547164917,0,192,116,490
video1.mp4,532,10,0.8564441204071045,416,173,593,424
video1.mp4,532,2,0.6553699374198914,216,133,327,318
video1.mp4,533,1,0.9286498427391052,678,6,850,434
video1.mp4,533,5,0.8803020715713501,183,292,343,504
video1.mp4,533,10,0.8570219278335571,416,173,593,425
video1.mp4,533,11,0.8498486876487732,0,193,115,488
video1.mp4,534,1,0.9286113381385803,679,5,850,434
video1.mp4,534,11,0.8723884224891663,0,193,114,492
video1.mp4,534,5,0.8635724186897278,182,292,342,504
video1.mp4,534,10,0.8576483726501465,416,173,593,425
video1.mp4,535,1,0.9273201823234558,680,5,850,435
video1.mp4,535,11,0.88352370262146,0,193,107,496
video1.mp4,535,5,0.8727651834487915,181,293,342,504
video1.mp4,535,10,0.8614963293075562,416,173,593,425
video1.mp4,535,2,0.6555841565132141,215,133,327,313
video1.mp4,536,1,0.927238404750824,682,5,850,434
video1.mp4,536,5,0.8701083064079285,180,293,341,504
video1.mp4,536,10,0.8680422902107239,417,173,592,425
video1.mp4,536,11,0.8580150604248047,0,194,107,495
video1.mp4,536,2,0.6423389911651611,215,134,327,315
video1.mp4,537,1,0.9255168437957764,685,5,850,434
video1.mp4,537,5,0.8820607662200928,180,293,341,503
video1.mp4,537,10,0.8616442084312439,416,173,592,425
video1.mp4,537,11,0.8029775023460388,0,194,106,490
video1.mp4,537,2,0.6582608222961426,216,134,327,320
video1.mp4,538,1,0.9231879115104675,686,5,850,435
video1.mp4,538,5,0.8913004398345947,178,293,340,504
video1.mp4,538,10,0.8587663769721985,416,172,592,424
video1.mp4,538,11,0.7229323387145996,0,195,105,490
video1.mp4,538,2,0.6704657077789307,216,134,327,318
video1.mp4,539,1,0.9231911897659302,688,5,850,435
video1.mp4,539,5,0.895176351070404,178,293,339,503
video1.mp4,539,10,0.850337564945221,416,173,592,424
video1.mp4,539,11,0.8142280578613281,0,195,102,495
video1.mp4,540,1,0.9230188727378845,690,5,850,436
video1.mp4,540,5,0.8961349129676819,177,293,339,503
video1.mp4,540,11,0.8723806142807007,0,195,102,497
video1.mp4,540,10,0.8448259234428406,416,173,592,424
video1.mp4,541,1,0.9240275025367737,692,5,850,435
video1.mp4,541,5,0.8932672142982483,176,293,338,503
video1.mp4,541,11,0.8500494956970215,0,197,102,496
video1.mp4,541,10,0.849467933177948,416,173,593,423
video1.mp4,542,1,0.9252130389213562,694,5,850,435
video1.mp4,542,5,0.8836047053337097,174,294,337,504
video1.mp4,542,10,0.8489679098129272,416,174,593,423
video1.mp4,542,11,0.8173722624778748,0,198,101,493
video1.mp4,542,2,0.6675628423690796,216,134,327,317
video1.mp4,543,1,0.9264088273048401,696,5,850,435
video1.mp4,543,5,0.8886342644691467,173,293,336,503
video1.mp4,543,10,0.8524176478385925,416,176,592,422
video1.mp4,543,11,0.7508175373077393,0,199,101,487
video1.mp4,543,2,0.6491673588752747,217,134,327,319
video1.mp4,544,1,0.9289997816085815,698,5,850,436
video1.mp4,544,5,0.8912858963012695,171,292,335,503
video1.mp4,544,10,0.8417880535125732,416,174,593,422
video1.mp4,544,2,0.6225078701972961,217,134,327,327
video1.mp4,545,1,0.930219292640686,699,6,851,436
video1.mp4,545,5,0.8936559557914734,171,292,334,503
video1.mp4,545,10,0.851733386516571,416,175,593,422
video1.mp4,545,11,0.8434377908706665,0,202,101,494
video1.mp4,545,2,0.6350968480110168,217,134,328,330
video1.mp4,546,1,0.9289336204528809,701,7,851,436
video1.mp4,546,5,0.8955702781677246,171,291,333,503
video1.mp4,546,10,0.8523602485656738,416,176,593,423
video1.mp4,546,2,0.6355046629905701,217,134,328,329
video1.mp4,547,1,0.930492103099823,702,7,850,436
video1.mp4,547,5,0.9029273986816406,170,291,332,504
video1.mp4,547,10,0.8586651682853699,416,177,593,423
video1.mp4,547,2,0.6273459196090698,217,134,328,326
video1.mp4,548,1,0.9310007095336914,703,7,850,436
video1.mp4,548,5,0.9046635627746582,169,289,332,504
video1.mp4,548,10,0.8562997579574585,416,176,593,423
video1.mp4,548,2,0.665152907371521,217,135,328,330
video1.mp4,549,1,0.9317627549171448,704,7,850,435
video1.mp4,549,5,0.9063006043434143,168,288,331,504
video1.mp4,549,10,0.8692502975463867,417,177,593,422
video1.mp4,549,2,0.6828050017356873,217,134,329,333
video1.mp4,550,1,0.9338261485099792,704,7,850,435
video1.mp4,550,5,0.9157875180244446,167,287,330,504
video1.mp4,550,10,0.8755112886428833,417,177,593,422
video1.mp4,550,2,0.6956299543380737,217,134,329,331
video1.mp4,551,1,0.932437002658844,703,8,850,436
video1.mp4,551,5,0.9211368560791016,167,286,330,504
video1.mp4,551,10,0.8707302212715149,417,178,593,422
video1.mp4,551,2,0.7092671990394592,217,134,329,331
video1.mp4,552,1,0.9334703683853149,703,8,849,435
video1.mp4,552,5,0.9215335249900818,166,284,329,504
video1.mp4,552,10,0.8746488690376282,417,179,593,422
video1.mp4,552,2,0.6967635750770569,217,134,329,329
video1.mp4,553,1,0.9350348114967346,703,8,848,435
video1.mp4,553,5,0.9205498695373535,165,282,329,504
video1.mp4,553,10,0.8769351243972778,417,178,593,423
video1.mp4,553,2,0.6702017784118652,217,134,330,327
video1.mp4,554,1,0.9347854852676392,703,8,848,434
video1.mp4,554,5,0.9214399456977844,165,281,329,504
video1.mp4,554,10,0.870616614818573,418,178,593,423
video1.mp4,554,2,0.6381169557571411,217,134,330,323
video1.mp4,555,1,0.9352432489395142,703,8,847,433
video1.mp4,555,5,0.9240078330039978,164,279,329,504
video1.mp4,555,10,0.874579131603241,418,177,591,423
video1.mp4,555,2,0.637887716293335,217,134,330,324
video1.mp4,556,1,0.9364888072013855,703,7,846,432
video1.mp4,556,5,0.9238060712814331,164,278,329,504
video1.mp4,556,10,0.8578807711601257,417,175,590,424
video1.mp4,556,2,0.5890240669250488,218,134,331,324
video1.mp4,557,1,0.9374840259552002,704,6,846,431
video1.mp4,557,5,0.9224685430526733,163,277,329,504
video1.mp4,557,10,0.8609658479690552,417,176,590,424
video1.mp4,557,2,0.5161315202713013,219,134,331,323
video1.mp4,558,1,0.9372645020484924,704,6,845,430
video1.mp4,558,5,0.9233352541923523,163,275,329,504
video1.mp4,558,10,0.8519359827041626,417,178,588,424
video1.mp4,558,2,0.5058178901672363,219,134,320,320
video1.mp4,559,1,0.9372656345367432,705,5,845,430
video1.mp4,559,5,0.923697292804718,163,274,329,504
video1.mp4,559,10,0.8594709038734436,417,180,588,424
video1.mp4,559,2,0.5078110098838806,219,134,323,318
video1.mp4,560,1,0.9379130601882935,705,4,845,429
video1.mp4,560,5,0.9213827848434448,162,273,329,504
video1.mp4,560,10,0.8371582627296448,418,181,586,424
video1.mp4,560,2,0.5060339570045471,219,134,320,318
video1.mp4,561,1,0.9378727674484253,705,3,845,427
video1.mp4,561,5,0.9187412858009338,162,272,329,504
video1.mp4,561,10,0.8521251678466797,420,179,583,425
video1.mp4,562,1,0.9370691180229187,705,3,844,426
video1.mp4,562,5,0.9202284812927246,162,272,327,504
video1.mp4,562,10,0.8536203503608704,417,179,582,425
video1.mp4,563,1,0.9367794394493103,705,2,844,425
video1.mp4,563,5,0.9176763296127319,161,272,326,503
video1.mp4,563,10,0.8562772870063782,420,177,581,424
video1.mp4,563,2,0.5216680765151978,219,134,331,318
video1.mp4,564,1,0.9358233213424683,705,2,844,424
video1.mp4,564,5,0.9187583327293396,160,271,326,503
video1.mp4,564,10,0.8485475778579712,421,177,581,425
video1.mp4,564,2,0.5465877056121826,220,134,331,319
video1.mp4,565,1,0.9355563521385193,705,2,844,423
video1.mp4,565,5,0.9119796752929688,160,268,324,504
video1.mp4,565,10,0.8464663028717041,420,178,580,425
video1.mp4,565,2,0.5394657254219055,219,134,331,321
video1.mp4,566,1,0.9343675374984741,705,1,844,422
video1.mp4,566,5,0.91180819272995,159,268,325,504
video1.mp4,566,10,0.8514823317527771,418,178,580,425
video1.mp4,566,2,0.5661226511001587,220,134,332,321
video1.mp4,567,1,0.9383453130722046,705,1,844,420
video1.mp4,567,5,0.9062477350234985,158,266,322,504
video1.mp4,567,10,0.8607883453369141,423,178,579,424
video1.mp4,567,2,0.5460538268089294,220,134,332,322
video1.mp4,568,1,0.940325915813446,705,0,844,419
video1.mp4,568,5,0.9079570770263672,158,264,319,504
video1.mp4,568,10,0.8567029237747192,423,178,579,424
video1.mp4,568,2,0.5639270544052124,219,134,329,319
video1.mp4,569,1,0.9400717616081238,705,0,844,419
video1.mp4,569,5,0.9099903702735901,157,263,316,504
video1.mp4,569,10,0.8567779064178467,424,177,579,424
video1.mp4,569,2,0.5441961288452148,220,134,332,322
video1.mp4,570,1,0.9422707557678223,705,0,844,418
video1.mp4,570,5,0.9152413606643677,157,262,315,504
video1.mp4,570,10,0.8583595752716064,427,176,579,424
video1.mp4,570,2,0.5267037153244019,220,134,332,323
video1.mp4,571,1,0.942900538444519,705,0,844,418
video1.mp4,571,5,0.9135014414787292,156,260,315,504
video1.mp4,571,10,0.8466425538063049,425,175,579,425
video1.mp4,571,2,0.5422866940498352,220,134,333,324
video1.mp4,572,1,0.9425080418586731,704,0,844,418
video1.mp4,572,5,0.913199245929718,155,259,313,504
video1.mp4,572,10,0.8370231986045837,421,173,578,425
video1.mp4,572,2,0.5688448548316956,220,134,333,324
video1.mp4,573,1,0.942980170249939,703,0,845,418
video1.mp4,573,5,0.918036699295044,154,258,313,504
video1.mp4,573,10,0.8448400497436523,422,173,578,425
video1.mp4,573,2,0.5628085732460022,220,134,330,323
video1.mp4,574,1,0.943467915058136,703,0,845,418
video1.mp4,574,5,0.9197239279747009,154,255,313,504
video1.mp4,574,10,0.8492727279663086,430,172,578,424
video1.mp4,574,2,0.5974376797676086,220,134,332,323
video1.mp4,575,1,0.9438329339027405,703,0,845,418
video1.mp4,575,5,0.914415180683136,153,250,308,504
video1.mp4,575,10,0.8729379177093506,431,172,578,424
video1.mp4,575,2,0.6476776599884033,220,134,332,323
video1.mp4,576,1,0.9430820345878601,702,0,845,417
video1.mp4,576,5,0.906595766544342,153,248,308,504
video1.mp4,576,10,0.8939056396484375,433,171,578,425
video1.mp4,576,2,0.6209720969200134,220,134,333,324
video1.mp4,577,1,0.9434305429458618,702,0,844,417
video1.mp4,577,5,0.9061521887779236,153,249,305,504
video1.mp4,577,10,0.8976783752441406,433,168,578,425
video1.mp4,577,2,0.5769386291503906,220,134,333,325
video1.mp4,578,1,0.943810760974884,701,0,844,417
video1.mp4,578,5,0.9003214240074158,153,244,304,504
video1.mp4,578,10,0.8969014286994934,435,167,579,425
video1.mp4,578,2,0.6031317114830017,220,133,334,318
video1.mp4,579,1,0.9426798224449158,701,0,844,415
video1.mp4,579,5,0.8871995806694031,154,242,303,504
video1.mp4,579,10,0.8671210408210754,435,166,579,425
video1.mp4,579,2,0.6122604012489319,221,133,334,314
video1.mp4,580,1,0.9410703778266907,700,0,844,414
video1.mp4,580,5,0.8807193636894226,154,241,302,504
video1.mp4,580,10,0.8714699745178223,436,166,580,425
video1.mp4,580,2,0.5932114720344543,221,133,334,314
video1.mp4,581,1,0.9400753378868103,700,0,844,413
video1.mp4,581,5,0.8966637849807739,154,239,298,504
video1.mp4,581,10,0.8923109173774719,437,165,580,425
video1.mp4,581,2,0.6334546208381653,222,132,334,312
video1.mp4,582,1,0.9397966265678406,700,0,844,411
video1.mp4,582,10,0.8803809881210327,437,164,581,424
video1.mp4,582,5,0.8714233636856079,155,236,308,504
video1.mp4,582,2,0.6468629240989685,223,132,334,317
video1.mp4,583,1,0.9391350746154785,700,0,845,408
video1.mp4,583,5,0.8829933404922485,156,235,301,504
video1.mp4,583,10,0.8748383522033691,436,164,581,423
video1.mp4,583,2,0.65036541223526,224,132,334,316
video1.mp4,584,1,0.9402860999107361,700,0,845,406
video1.mp4,584,5,0.8723684549331665,156,234,300,504
video1.mp4,584,10,0.8578320741653442,435,159,580,423
video1.mp4,584,2,0.6864998936653137,225,131,334,316
video1.mp4,585,1,0.940847635269165,700,0,845,404
video1.mp4,585,10,0.8642091155052185,435,158,580,423
video1.mp4,585,5,0.8393183350563049,156,232,315,504
video1.mp4,585,2,0.7120241522789001,226,131,334,315
video1.mp4,586,1,0.9421226382255554,700,0,845,402
video1.mp4,586,10,0.8728731870651245,436,157,581,423
video1.mp4,586,5,0.8691818714141846,156,231,317,503
video1.mp4,586,2,0.7583187222480774,226,131,334,313
video1.mp4,587,1,0.9404515624046326,700,0,845,401
video1.mp4,587,5,0.8857679963111877,155,230,319,504
video1.mp4,587,10,0.8689314723014832,436,156,580,423
video1.mp4,587,2,0.8036083579063416,227,131,335,313
video1.mp4,588,1,0.9403051733970642,701,0,845,399
video1.mp4,588,5,0.9027363657951355,155,229,317,503
video1.mp4,588,10,0.8782387375831604,436,156,580,423
video1.mp4,588,2,0.7862550020217896,228,131,335,313
video1.mp4,589,1,0.9392377138137817,701,0,844,397
video1.mp4,589,5,0.9036998152732849,154,228,317,503
video1.mp4,589,10,0.8766684532165527,437,155,580,422
video1.mp4,589,2,0.761245846748352,229,131,335,312
video1.mp4,590,1,0.9380544424057007,701,0,843,396
video1.mp4,590,5,0.8890182375907898,154,227,317,503
video1.mp4,590,10,0.8830556273460388,437,154,581,422
video1.mp4,590,2,0.8167200684547424,229,131,336,313
video1.mp4,591,1,0.9374855160713196,702,0,843,392
video1.mp4,591,5,0.8930861353874207,154,227,318,503
video1.mp4,591,10,0.8891282677650452,437,152,581,422
video1.mp4,591,2,0.8116729855537415,229,131,336,314
video1.mp4,592,1,0.9378933310508728,702,0,843,390
video1.mp4,592,5,0.8938090801239014,153,226,319,503
video1.mp4,592,10,0.8845422863960266,436,152,582,422
video1.mp4,592,2,0.7741976380348206,230,131,336,316
video1.mp4,593,1,0.9380449652671814,704,0,842,390
video1.mp4,593,5,0.901502788066864,153,225,320,503
video1.mp4,593,10,0.8876520991325378,435,150,582,422
video1.mp4,593,2,0.767029881477356,230,131,336,317
video1.mp4,594,1,0.9368361830711365,704,0,842,387
video1.mp4,594,5,0.8904113173484802,153,223,321,503
video1.mp4,594,10,0.8883141279220581,436,149,583,422
video1.mp4,594,2,0.7449276447296143,230,131,337,318
video1.mp4,595,1,0.9343277215957642,705,0,842,380
video1.mp4,595,5,0.898661196231842,154,222,323,503
video1.mp4,595,10,0.8857018351554871,436,147,582,423
video1.mp4,595,2,0.7042201161384583,230,131,338,317
video1.mp4,596,1,0.9342293739318848,706,0,841,379
video1.mp4,596,5,0.902553915977478,154,221,323,503
video1.mp4,596,10,0.8755205273628235,436,146,583,423
video1.mp4,596,2,0.5348753929138184,231,131,338,317
video1.mp4,597,1,0.9334996342658997,707,0,841,381
video1.mp4,597,5,0.9016000628471375,154,220,323,503
video1.mp4,597,10,0.8743093013763428,436,145,583,423
video1.mp4,597,2,0.5033712983131409,231,131,338,316
video1.mp4,598,1,0.9314785599708557,708,0,839,380
video1.mp4,598,5,0.904052197933197,155,219,322,503
video1.mp4,598,10,0.8899190425872803,438,145,584,423
video1.mp4,599,1,0.9300403594970703,709,0,839,380
video1.mp4,599,5,0.8965469598770142,155,219,321,502
video1.mp4,599,10,0.8920580744743347,438,144,584,423
video1.mp4,600,1,0.9297298192977905,710,0,838,379
video1.mp4,600,5,0.89665287733078,155,218,321,503
video1.mp4,600,10,0.8936023712158203,437,143,583,423
video1.mp4,601,1,0.9274567365646362,710,0,837,379
video1.mp4,601,5,0.9020178318023682,155,218,320,503
video1.mp4,601,10,0.8932226896286011,437,141,583,422
video1.mp4,602,1,0.9270556569099426,712,0,836,379
video1.mp4,602,5,0.9083533883094788,155,218,320,503
video1.mp4,602,10,0.8989672660827637,437,139,582,421
video1.mp4,603,1,0.9275674223899841,713,0,835,378
video1.mp4,603,5,0.8979031443595886,154,217,321,503
video1.mp4,603,10,0.8900313973426819,437,138,582,423
video1.mp4,603,2,0.516181230545044,231,131,339,315
video1.mp4,604,1,0.926339864730835,713,1,835,378
video1.mp4,604,10,0.8934988975524902,437,137,584,421
video1.mp4,604,5,0.8917726278305054,154,217,321,503
video1.mp4,604,2,0.6113107800483704,231,131,340,315
video1.mp4,605,1,0.9249655604362488,714,1,834,379
video1.mp4,605,10,0.8978221416473389,437,136,584,420
video1.mp4,605,5,0.8927928805351257,154,217,322,503
video1.mp4,605,2,0.5457725524902344,231,130,339,315
video1.mp4,606,1,0.9228674173355103,714,1,833,378
video1.mp4,606,5,0.8881182074546814,153,218,322,504
video1.mp4,606,10,0.8845672011375427,438,136,584,422
video1.mp4,606,2,0.5280369520187378,231,130,339,316
video1.mp4,607,1,0.9202010631561279,715,1,832,378
video1.mp4,607,5,0.8764219880104065,153,217,321,503
video1.mp4,607,10,0.8688541054725647,438,135,583,421
video1.mp4,607,2,0.5618239641189575,231,131,339,317
video1.mp4,608,1,0.916728138923645,715,1,831,378
video1.mp4,608,5,0.8977268934249878,152,217,323,503
video1.mp4,608,10,0.819404661655426,433,135,581,422
video1.mp4,608,2,0.5895942449569702,232,131,339,317
video1.mp4,609,1,0.9158800840377808,715,2,830,376
video1.mp4,609,5,0.898622989654541,151,217,323,503
video1.mp4,609,10,0.7685911059379578,422,134,581,422
video1.mp4,609,2,0.5193967223167419,232,131,339,319
video1.mp4,610,1,0.919152021408081,715,2,830,376
video1.mp4,610,5,0.8989949226379395,150,219,323,504
video1.mp4,610,10,0.7613821625709534,425,134,581,422
video1.mp4,610,2,0.6125039458274841,231,131,340,320
video1.mp4,611,1,0.9204854965209961,715,2,830,376
video1.mp4,611,5,0.8985005021095276,150,218,323,502
video1.mp4,611,10,0.7291734218597412,413,134,581,422
video1.mp4,612,1,0.9131565093994141,715,2,826,376
video1.mp4,612,5,0.9021461009979248,148,219,323,503
video1.mp4,612,10,0.8535358905792236,439,134,581,422
video1.mp4,613,1,0.913907527923584,715,1,824,377
video1.mp4,613,5,0.894436240196228,147,219,323,503
video1.mp4,613,10,0.8521190881729126,439,135,581,422
video1.mp4,614,1,0.9158207774162292,714,1,823,377
video1.mp4,614,5,0.8957473635673523,147,219,323,504
video1.mp4,614,10,0.8167593479156494,438,135,581,422
video1.mp4,615,1,0.9143409132957458,712,1,823,377
video1.mp4,615,5,0.878796398639679,146,220,323,503
video1.mp4,615,10,0.8549832105636597,440,135,581,422
video1.mp4,615,2,0.5663278698921204,230,130,337,326
video1.mp4,616,1,0.9160231351852417,712,0,821,378
video1.mp4,616,5,0.8857133388519287,146,220,324,503
video1.mp4,616,10,0.849991500377655,440,135,581,422
video1.mp4,617,1,0.9184565544128418,712,0,821,378
video1.mp4,617,5,0.8884631395339966,145,220,324,503
video1.mp4,617,10,0.854513943195343,440,136,581,419
video1.mp4,618,1,0.9207314252853394,711,0,820,376
video1.mp4,618,5,0.885651707649231,146,221,323,503
video1.mp4,618,10,0.8490038514137268,440,136,581,419
video1.mp4,619,1,0.9223606586456299,710,1,819,377
video1.mp4,619,5,0.8936396837234497,146,221,323,503
video1.mp4,619,10,0.8450552821159363,441,136,582,419
video1.mp4,620,1,0.9213478565216064,709,1,819,376
video1.mp4,620,5,0.9055299758911133,146,221,325,503
video1.mp4,620,10,0.8364852666854858,441,136,583,420
video1.mp4,621,1,0.9182991981506348,709,1,819,376
video1.mp4,621,5,0.8593204617500305,148,221,324,503
video1.mp4,621,10,0.8377711772918701,440,136,584,419
video1.mp4,622,1,0.912837028503418,708,1,818,375
video1.mp4,622,5,0.9090961813926697,149,221,326,503
video1.mp4,622,10,0.7807263731956482,438,135,584,422
video1.mp4,623,1,0.9145718216896057,708,1,818,374
video1.mp4,623,5,0.9065002202987671,145,221,326,503
video1.mp4,623,10,0.7718028426170349,424,135,585,422
video1.mp4,624,1,0.9114018082618713,708,0,819,374
video1.mp4,624,5,0.9110360145568848,144,222,326,503
video1.mp4,624,10,0.8354238867759705,421,135,586,420
video1.mp4,625,1,0.9116833209991455,708,0,819,375
video1.mp4,625,5,0.9042259454727173,142,222,326,503
video1.mp4,625,10,0.8457320332527161,421,134,586,420
video1.mp4,626,1,0.9126381278038025,708,0,820,374
video1.mp4,626,5,0.9066029191017151,140,223,327,503
video1.mp4,626,10,0.8495382070541382,416,134,586,420
video1.mp4,627,1,0.9141139388084412,707,0,819,373
video1.mp4,627,5,0.9134352207183838,139,224,327,503
video1.mp4,627,10,0.8528942465782166,405,133,586,420
video1.mp4,628,5,0.9153957366943359,135,224,327,503
video1.mp4,628,1,0.9132859110832214,708,0,820,373
video1.mp4,628,10,0.8610020875930786,403,133,586,422
video1.mp4,629,1,0.9129849672317505,709,0,820,372
video1.mp4,629,5,0.9123649597167969,135,224,328,503
video1.mp4,629,10,0.8541083335876465,401,133,585,422
video1.mp4,630,5,0.9156002998352051,136,224,328,503
video1.mp4,630,1,0.9112301468849182,708,0,820,372
video1.mp4,630,10,0.8431171774864197,400,133,585,420
video1.mp4,631,1,0.9086710214614868,709,0,820,371
video1.mp4,631,5,0.9084389805793762,133,224,327,502
video1.mp4,631,10,0.8372766971588135,407,132,584,421
video1.mp4,631,2,0.521410346031189,227,133,330,324
video1.mp4,632,1,0.9072731137275696,709,0,820,370
video1.mp4,632,5,0.9067204594612122,132,224,327,502
video1.mp4,632,10,0.8200877904891968,402,132,584,421
video1.mp4,633,5,0.9089363217353821,129,225,326,503
video1.mp4,633,1,0.9055252075195312,709,0,821,369
video1.mp4,633,10,0.8133201003074646,401,132,584,421
video1.mp4,634,1,0.9054532647132874,709,0,821,369
video1.mp4,634,5,0.9023143649101257,128,225,326,502
video1.mp4,634,10,0.8284901976585388,401,132,585,424
video1.mp4,634,2,0.7571312785148621,226,132,337,328
video1.mp4,635,1,0.9098601937294006,709,0,821,368
video1.mp4,635,10,0.832004725933075,401,131,585,425
video1.mp4,635,5,0.8243043422698975,128,224,324,502
video1.mp4,635,2,0.8080955743789673,226,132,342,328
video1.mp4,636,1,0.9108375310897827,708,0,822,368
video1.mp4,636,10,0.8401716947555542,400,131,585,425
video1.mp4,636,5,0.8391183018684387,129,224,324,502
video1.mp4,636,2,0.8133801817893982,226,132,341,328
video1.mp4,637,1,0.9199350476264954,708,0,823,368
video1.mp4,637,10,0.8600817918777466,399,131,586,425
video1.mp4,637,5,0.8446632027626038,129,224,323,503
video1.mp4,637,2,0.80145663022995,226,131,342,329
video1.mp4,638,1,0.9135494828224182,707,0,825,368
video1.mp4,638,5,0.8374313116073608,128,224,322,503
video1.mp4,638,10,0.8277503848075867,399,131,586,425
video1.mp4,638,2,0.8018051385879517,226,131,339,329
video1.mp4,639,1,0.9019097089767456,705,0,826,368
video1.mp4,639,5,0.890896201133728,127,224,324,503
video1.mp4,639,10,0.7931715250015259,401,131,586,425
video1.mp4,639,2,0.7685327529907227,226,131,337,329
video1.mp4,640,5,0.9018544554710388,127,224,324,503
video1.mp4,640,1,0.9015634655952454,705,0,827,368
video1.mp4,640,10,0.7954169511795044,414,130,586,425
video1.mp4,640,2,0.7799364924430847,225,132,337,329
video1.mp4,641,5,0.9035589694976807,126,224,323,503
video1.mp4,641,1,0.900516152381897,705,0,828,368
video1.mp4,641,10,0.7962418794631958,412,130,586,425
video1.mp4,641,2,0.7241989374160767,225,130,335,329
video1.mp4,642,5,0.9008962512016296,127,224,325,503
video1.mp4,642,1,0.8927468061447144,707,2,830,367
video1.mp4,642,10,0.8066762089729309,416,129,586,426
video1.mp4,642,2,0.7832522392272949,226,135,342,329
video1.mp4,643,1,0.8953188061714172,706,1,830,368
video1.mp4,643,5,0.8821439146995544,130,224,324,503
video1.mp4,643,10,0.7997023463249207,426,128,587,425
video1.mp4,643,2,0.7830406427383423,227,134,342,329
video1.mp4,644,1,0.8922032117843628,706,0,831,368
video1.mp4,644,5,0.8829479813575745,132,224,323,503
video1.mp4,644,10,0.8038448095321655,431,128,587,426
video1.mp4,644,2,0.7518555521965027,226,134,345,329
video1.mp4,645,1,0.9095568060874939,701,1,832,368
video1.mp4,645,5,0.889785647392273,134,224,323,502
video1.mp4,645,10,0.8074524402618408,430,127,587,426
video1.mp4,645,2,0.7817032933235168,225,133,347,330
video1.mp4,646,1,0.9222735166549683,703,1,833,368
video1.mp4,646,5,0.8985700607299805,136,223,324,502
video1.mp4,646,10,0.8101846575737,435,127,587,426
video1.mp4,646,2,0.7956082224845886,226,132,350,327
video1.mp4,647,1,0.9226704835891724,706,0,834,368
video1.mp4,647,5,0.8921207785606384,136,224,325,502
video1.mp4,647,10,0.8026521801948547,430,126,587,425
video1.mp4,647,2,0.7946168780326843,227,132,350,324
video1.mp4,648,1,0.914949357509613,706,0,836,369
video1.mp4,648,5,0.8959782719612122,136,223,325,502
video1.mp4,648,2,0.8177443742752075,226,131,351,325
video1.mp4,648,10,0.7993904948234558,431,126,588,425
video1.mp4,649,1,0.9177476167678833,706,0,837,369
video1.mp4,649,5,0.8947293758392334,138,223,325,502
video1.mp4,649,2,0.8053566217422485,227,131,352,322
video1.mp4,649,10,0.7945759296417236,433,126,589,425
video1.mp4,650,1,0.9172972440719604,707,0,839,369
video1.mp4,650,5,0.8997939229011536,139,223,325,502
video1.mp4,650,2,0.8259767293930054,226,131,352,322
video1.mp4,650,10,0.7975514531135559,430,126,587,424
video1.mp4,651,1,0.9129579067230225,707,0,840,369
video1.mp4,651,5,0.8956964015960693,140,222,325,502
video1.mp4,651,2,0.8396714925765991,226,131,352,322
video1.mp4,651,10,0.7863392233848572,418,126,586,423
video1.mp4,652,1,0.912726104259491,710,1,841,370
video1.mp4,652,5,0.8950287103652954,141,221,323,502
video1.mp4,652,2,0.8321226835250854,226,131,353,322
video1.mp4,652,10,0.7962449789047241,433,126,587,424
video1.mp4,653,1,0.9098478555679321,710,1,842,370
video1.mp4,653,5,0.8979624509811401,141,221,322,502
video1.mp4,653,2,0.8293420076370239,226,130,353,321
video1.mp4,653,10,0.7674990892410278,435,126,589,423
video1.mp4,654,1,0.9110785126686096,711,1,844,370
video1.mp4,654,5,0.8884048461914062,141,222,325,502
video1.mp4,654,2,0.8189026713371277,223,131,354,321
video1.mp4,654,10,0.7848896384239197,436,127,577,425
video1.mp4,655,1,0.910241961479187,712,1,845,371
video1.mp4,655,5,0.899875819683075,140,222,325,502
video1.mp4,655,2,0.8302218317985535,223,130,354,320
video1.mp4,655,10,0.7931963205337524,420,128,580,425
video1.mp4,656,1,0.9098575115203857,714,0,847,371
video1.mp4,656,5,0.9046950936317444,140,222,326,502
video1.mp4,656,2,0.8399117588996887,222,130,354,322
video1.mp4,656,10,0.7318618893623352,434,128,568,426
video1.mp4,657,1,0.9086896777153015,714,0,848,372
video1.mp4,657,5,0.899406909942627,140,221,326,502
video1.mp4,657,2,0.8260701894760132,224,130,354,322
video1.mp4,657,10,0.7172320485115051,429,128,575,426
video1.mp4,658,1,0.9081094264984131,716,0,849,372
video1.mp4,658,5,0.9034868478775024,140,221,325,502
video1.mp4,658,2,0.831866443157196,224,130,354,323
video1.mp4,658,10,0.7271233201026917,410,128,564,426
video1.mp4,659,1,0.9092487692832947,717,0,850,372
video1.mp4,659,5,0.9056264758110046,141,220,326,502
video1.mp4,659,2,0.8021929860115051,223,130,354,321
video1.mp4,659,10,0.7228429317474365,404,128,559,426
video1.mp4,660,5,0.9164596199989319,141,220,328,503
video1.mp4,660,1,0.9148271083831787,719,0,852,372
video1.mp4,660,2,0.8167761564254761,223,130,354,324
video1.mp4,660,10,0.7440623044967651,404,129,552,426
video1.mp4,661,5,0.9185925126075745,142,220,329,502
video1.mp4,661,1,0.9175384640693665,720,0,852,373
video1.mp4,661,2,0.8284481167793274,222,131,355,327
video1.mp4,661,10,0.7442029714584351,403,129,553,426
video1.mp4,662,1,0.9239451289176941,722,0,853,373
video1.mp4,662,5,0.9198712110519409,142,220,329,502
video1.mp4,662,2,0.8269118666648865,222,131,355,326
video1.mp4,662,10,0.7405521869659424,404,130,558,426
video1.mp4,663,1,0.925485372543335,723,0,855,374
video1.mp4,663,5,0.9169443845748901,142,219,327,502
video1.mp4,663,2,0.8114950656890869,221,132,355,325
video1.mp4,663,10,0.7031779885292053,406,130,554,426
video1.mp4,664,1,0.928158164024353,723,0,855,374
video1.mp4,664,5,0.9205294251441956,141,219,327,502
video1.mp4,664,2,0.8059149384498596,222,133,355,325
video1.mp4,664,10,0.6945852637290955,405,130,556,428
video1.mp4,665,1,0.9281433820724487,723,0,856,374
video1.mp4,665,5,0.9175354242324829,142,219,326,502
video1.mp4,665,2,0.791732668876648,222,134,355,324
video1.mp4,665,10,0.7365089654922485,403,128,556,428
video1.mp4,666,1,0.9260368943214417,721,0,857,375
video1.mp4,666,5,0.918216347694397,142,219,326,503
video1.mp4,666,2,0.8069876432418823,221,134,355,324
video1.mp4,666,10,0.7096741199493408,404,131,544,429
video1.mp4,667,1,0.9288426041603088,721,0,858,376
video1.mp4,667,5,0.9159010648727417,142,218,325,503
video1.mp4,667,2,0.8396482467651367,220,135,355,323
video1.mp4,667,10,0.766410231590271,404,131,537,427
video1.mp4,668,1,0.9271681904792786,721,0,858,376
video1.mp4,668,5,0.9147267937660217,141,218,326,502
video1.mp4,668,2,0.8252219557762146,220,135,355,324
video1.mp4,668,10,0.7735738158226013,408,131,537,426
video1.mp4,669,1,0.9264019131660461,721,0,859,375
video1.mp4,669,5,0.915097177028656,141,219,327,502
video1.mp4,669,2,0.8275938630104065,219,137,355,319
video1.mp4,669,10,0.7963571548461914,407,131,536,424
video1.mp4,670,1,0.9269137382507324,721,0,860,375
video1.mp4,670,5,0.920862078666687,141,219,328,503
video1.mp4,670,2,0.8371490240097046,219,136,355,323
video1.mp4,670,10,0.7774487733840942,412,130,536,423
video1.mp4,671,1,0.9283472299575806,722,0,861,375
video1.mp4,671,5,0.9180235266685486,140,218,328,503
video1.mp4,671,2,0.8450732827186584,220,136,355,324
video1.mp4,671,10,0.7100683450698853,414,128,534,423
video1.mp4,672,1,0.92838454246521,723,0,861,374
video1.mp4,672,5,0.916774332523346,140,218,324,502
video1.mp4,672,2,0.8470931649208069,220,137,355,324
video1.mp4,672,10,0.6426123976707458,415,128,533,427
video1.mp4,673,1,0.9271654486656189,724,0,861,374
video1.mp4,673,5,0.9150979518890381,140,218,322,503
video1.mp4,673,2,0.8335273861885071,220,137,355,326
video1.mp4,673,10,0.5472280979156494,419,129,531,429
video1.mp4,674,1,0.927750825881958,725,0,862,375
video1.mp4,674,5,0.9115035533905029,136,219,323,502
video1.mp4,674,2,0.8594853281974792,220,138,355,327
video1.mp4,674,10,0.645170271396637,414,129,527,423
video1.mp4,675,1,0.9279710650444031,727,0,862,375
video1.mp4,675,5,0.8887454867362976,135,218,317,502
video1.mp4,675,2,0.86222243309021,220,138,354,328
video1.mp4,675,10,0.6980922222137451,413,126,528,421
video1.mp4,676,1,0.9242570996284485,728,0,862,375
video1.mp4,676,5,0.8940629959106445,133,219,299,503
video1.mp4,676,2,0.8705419301986694,220,138,353,327
video1.mp4,676,10,0.7019107341766357,414,127,531,419
video1.mp4,677,1,0.911935567855835,730,0,862,375
video1.mp4,677,5,0.9004100561141968,130,218,304,503
video1.mp4,677,2,0.8668354153633118,218,139,351,326
video1.mp4,677,10,0.7215393781661987,409,127,536,423
video1.mp4,678,5,0.9142096638679504,128,217,318,502
video1.mp4,678,1,0.9074733853340149,731,0,862,377
video1.mp4,678,2,0.8692294359207153,219,138,351,326
video1.mp4,678,10,0.7274523377418518,408,127,538,414
video1.mp4,679,5,0.9141585826873779,128,217,321,502
video1.mp4,679,1,0.905854344367981,731,0,862,377
video1.mp4,679,2,0.873602569103241,219,139,350,325
video1.mp4,679,10,0.7751597166061401,408,127,539,414
video1.mp4,680,5,0.9148766994476318,128,218,320,502
video1.mp4,680,1,0.9072520136833191,732,0,861,377
video1.mp4,680,2,0.8715803623199463,220,140,349,323
video1.mp4,680,10,0.7710148096084595,408,127,541,415
video1.mp4,681,5,0.9123621582984924,128,219,322,502
video1.mp4,681,1,0.9059210419654846,732,0,861,377
video1.mp4,681,2,0.8415441513061523,220,140,348,321
video1.mp4,681,10,0.7787007093429565,408,125,547,416
video1.mp4,682,5,0.9084335565567017,130,218,321,502
video1.mp4,682,1,0.9040646553039551,732,0,862,376
video1.mp4,682,9,0.7646229267120361,91,88,258,304
video1.mp4,682,10,0.75813227891922,408,126,545,416
video1.mp4,683,1,0.9041252732276917,733,0,861,376
video1.mp4,683,5,0.9011975526809692,131,217,316,502
video1.mp4,683,9,0.8140305280685425,87,89,254,306
video1.mp4,683,10,0.7931938767433167,408,125,548,411
video1.mp4,684,1,0.9032521843910217,733,0,860,376
video1.mp4,684,5,0.8893546462059021,132,218,316,503
video1.mp4,684,9,0.8029060363769531,85,89,254,303
video1.mp4,684,10,0.7947611212730408,409,126,548,410
video1.mp4,685,1,0.904589056968689,734,0,860,376
video1.mp4,685,5,0.885535717010498,132,217,313,503
video1.mp4,685,10,0.792114794254303,411,125,550,409
video1.mp4,686,1,0.9037371873855591,733,1,860,378
video1.mp4,686,5,0.8911131620407104,131,217,313,503
video1.mp4,686,10,0.7965964078903198,410,125,549,410
video1.mp4,686,9,0.7231618762016296,74,91,254,289
video1.mp4,687,1,0.9026970267295837,733,1,860,378
video1.mp4,687,5,0.901391863822937,131,216,310,503
video1.mp4,687,9,0.8223972320556641,70,94,243,296
video1.mp4,687,10,0.8119031190872192,409,124,552,412
video1.mp4,688,1,0.9062945246696472,733,0,860,377
video1.mp4,688,5,0.8972588777542114,131,216,314,503
video1.mp4,688,9,0.8777342438697815,71,96,240,299
video1.mp4,688,10,0.7989619374275208,409,124,551,418
video1.mp4,689,1,0.905788242816925,733,1,860,379
video1.mp4,689,5,0.8938895463943481,131,215,313,503
video1.mp4,689,9,0.8576424717903137,65,98,238,300
video1.mp4,689,10,0.7975546717643738,409,124,551,419
video1.mp4,690,1,0.9074011445045471,733,0,860,378
video1.mp4,690,5,0.8920015096664429,131,216,312,503
video1.mp4,690,10,0.7880873084068298,410,124,551,416
video1.mp4,690,9,0.73175448179245,55,100,235,296
video1.mp4,691,1,0.9135262370109558,731,0,861,377
video1.mp4,691,5,0.8811366558074951,131,216,317,502
video1.mp4,691,10,0.7857579588890076,409,125,551,409
video1.mp4,691,9,0.6449028253555298,52,103,215,299
video1.mp4,692,1,0.9249117970466614,730,0,861,377
video1.mp4,692,5,0.8672659397125244,131,216,320,502
video1.mp4,692,10,0.7818702459335327,409,125,551,410
video1.mp4,692,9,0.7614126205444336,55,106,170,297
video1.mp4,693,1,0.9282857179641724,729,0,861,378
video1.mp4,693,5,0.8799456357955933,132,215,323,503
video1.mp4,693,9,0.850384533405304,52,108,228,299
video1.mp4,693,10,0.7905592322349548,409,125,553,408
video1.mp4,694,1,0.924841046333313,725,0,861,378
video1.mp4,694,5,0.867215633392334,132,216,320,502
video1.mp4,694,10,0.8001481294631958,410,121,554,410
video1.mp4,694,9,0.7936476469039917,46,109,212,293
video1.mp4,695,1,0.9293862581253052,721,0,862,377
video1.mp4,695,5,0.8729987144470215,132,215,319,502
video1.mp4,695,10,0.8068474531173706,409,124,552,408
video1.mp4,695,9,0.7385939955711365,43,110,206,294
video1.mp4,696,1,0.9349651336669922,719,0,863,378
video1.mp4,696,5,0.8869938850402832,132,215,318,502
video1.mp4,696,10,0.8172503113746643,410,123,553,408
video1.mp4,697,1,0.9365977644920349,718,0,863,377
video1.mp4,697,5,0.8832933902740479,134,215,317,502
video1.mp4,697,10,0.7981813549995422,411,123,553,409
video1.mp4,697,9,0.7426493167877197,39,110,200,295
video1.mp4,698,1,0.9369161128997803,718,0,863,377
video1.mp4,698,5,0.8862766027450562,134,215,315,502
video1.mp4,698,10,0.7925931811332703,411,123,551,411
video1.mp4,698,9,0.6374635100364685,37,110,201,295
video1.mp4,699,1,0.9355769157409668,718,0,863,377
video1.mp4,699,5,0.8864631652832031,138,216,316,503
video1.mp4,699,10,0.8007245063781738,410,123,552,412
video1.mp4,700,1,0.9297284483909607,721,0,863,378
video1.mp4,700,5,0.879764199256897,138,215,317,503
video1.mp4,700,10,0.7910964488983154,409,123,551,413
video1.mp4,701,1,0.9294898509979248,724,0,863,378
video1.mp4,701,5,0.8737772703170776,142,216,320,503
video1.mp4,701,10,0.7617695927619934,411,122,552,412
video1.mp4,702,1,0.9286036491394043,726,0,864,378
video1.mp4,702,5,0.8679442405700684,144,217,320,503
video1.mp4,702,10,0.7813400030136108,410,123,552,416
video1.mp4,703,1,0.9296353459358215,729,0,864,378
video1.mp4,703,5,0.8744151592254639,151,216,320,502
video1.mp4,703,10,0.7676931023597717,406,124,553,419
video1.mp4,704,1,0.9296081066131592,728,0,864,378
video1.mp4,704,5,0.8816108107566833,152,216,323,502
video1.mp4,704,10,0.773312509059906,406,124,552,415
video1.mp4,705,1,0.9309769868850708,728,0,865,378
video1.mp4,705,5,0.8970544338226318,153,215,313,503
video1.mp4,705,10,0.7829697728157043,406,124,553,415
video1.mp4,706,1,0.931261420249939,728,0,865,378
video1.mp4,706,5,0.8891660571098328,155,215,316,502
video1.mp4,706,10,0.7793113589286804,407,124,553,413
video1.mp4,707,1,0.9309024810791016,727,0,866,379
video1.mp4,707,5,0.8944713473320007,158,215,316,503
video1.mp4,707,10,0.770038902759552,407,124,552,405
video1.mp4,708,1,0.9306769371032715,727,0,866,379
video1.mp4,708,5,0.9011548161506653,160,215,317,503
video1.mp4,708,10,0.7733379006385803,406,124,553,410
video1.mp4,709,1,0.930143415927887,726,0,866,379
video1.mp4,709,5,0.9046697616577148,160,214,317,503
video1.mp4,709,10,0.7752180099487305,403,124,553,409
video1.mp4,710,1,0.9307003617286682,725,0,866,376
video1.mp4,710,5,0.8956103324890137,161,214,321,502
video1.mp4,710,10,0.7617874145507812,408,123,553,410
video1.mp4,711,1,0.9317038059234619,726,0,867,379
video1.mp4,711,5,0.8990179300308228,161,213,319,503
video1.mp4,711,10,0.7633455991744995,410,123,553,407
video1.mp4,712,1,0.9314329624176025,725,0,867,379
video1.mp4,712,5,0.9001180529594421,162,213,319,502
video1.mp4,712,10,0.7864153385162354,414,123,553,404
video1.mp4,713,1,0.9310550093650818,725,0,866,376
video1.mp4,713,5,0.9036073088645935,163,212,319,503
video1.mp4,713,10,0.7903897762298584,415,122,553,408
video1.mp4,713,9,0.606696605682373,0,123,148,362
video1.mp4,714,1,0.9303739666938782,724,0,867,379
video1.mp4,714,5,0.9073097705841064,165,212,320,503
video1.mp4,714,10,0.7990919351577759,416,123,553,409
video1.mp4,714,9,0.7975180745124817,0,124,141,367
video1.mp4,715,1,0.931646466255188,723,0,867,379
video1.mp4,715,5,0.8902813792228699,165,212,318,502
video1.mp4,715,10,0.8063240051269531,418,121,554,407
video1.mp4,715,9,0.7325184941291809,0,126,138,370
video1.mp4,716,1,0.9326379895210266,720,0,867,378
video1.mp4,716,5,0.900333046913147,166,211,313,503
video1.mp4,716,10,0.7828747630119324,419,121,554,410
video1.mp4,716,9,0.7200206518173218,0,129,129,362
video1.mp4,717,1,0.9345542788505554,719,0,867,378
video1.mp4,717,9,0.9177588820457458,0,130,127,373
video1.mp4,717,5,0.9046052694320679,167,211,309,503
video1.mp4,717,10,0.7981460690498352,420,121,553,408
video1.mp4,718,1,0.9332269430160522,718,0,867,378
video1.mp4,718,5,0.903162956237793,170,211,310,503
video1.mp4,718,9,0.8951435089111328,0,132,120,373
video1.mp4,718,10,0.8052341341972351,420,120,553,410
video1.mp4,719,1,0.9352708458900452,718,0,867,379
video1.mp4,719,5,0.9012341499328613,170,211,310,503
video1.mp4,719,9,0.8926945924758911,0,134,119,374
video1.mp4,719,10,0.8048833012580872,419,120,554,405
video1.mp4,720,1,0.9352765679359436,717,0,867,379
video1.mp4,720,9,0.9089778065681458,0,136,119,375
video1.mp4,720,5,0.90053790807724,171,211,314,503
video1.mp4,720,10,0.8011578321456909,418,119,554,403
video1.mp4,721,1,0.936680793762207,717,0,867,379
video1.mp4,721,9,0.9064854979515076,0,139,118,375
video1.mp4,721,5,0.9064836502075195,173,211,314,503
video1.mp4,721,10,0.8061816096305847,417,118,554,403
video1.mp4,722,1,0.9368085265159607,714,0,867,379
video1.mp4,722,9,0.9100730419158936,0,151,120,374
video1.mp4,722,5,0.8999667167663574,174,211,316,503
video1.mp4,722,10,0.7121424078941345,417,118,555,407
video1.mp4,723,1,0.9325863718986511,713,0,866,380
video1.mp4,723,9,0.912506639957428,0,167,115,373
video1.mp4,723,5,0.906072735786438,174,210,317,503
video1.mp4,723,10,0.6268017292022705,417,118,555,418
video1.mp4,724,1,0.9271817207336426,715,0,866,380
video1.mp4,724,5,0.8989228010177612,174,210,320,503
video1.mp4,724,9,0.8876703381538391,0,164,112,372
video1.mp4,724,10,0.586366593837738,417,119,555,356
video1.mp4,725,1,0.9169849753379822,722,0,865,381
video1.mp4,725,5,0.8977617621421814,175,210,321,502
video1.mp4,725,9,0.8729524612426758,0,162,107,372
video1.mp4,725,10,0.672979474067688,417,117,555,425
video1.mp4,726,1,0.9163615107536316,721,0,865,381
video1.mp4,726,5,0.8840874433517456,174,210,319,503
video1.mp4,726,10,0.7056337594985962,417,116,558,424
video1.mp4,727,1,0.9215908050537109,717,0,865,382
video1.mp4,727,5,0.8661206364631653,174,210,314,503
video1.mp4,728,1,0.9213849902153015,721,0,864,382
video1.mp4,728,5,0.831790566444397,175,210,319,503
video1.mp4,729,1,0.9213627576828003,728,0,864,382
video1.mp4,729,5,0.8779136538505554,175,210,314,502
video1.mp4,729,10,0.5219349265098572,417,115,559,427
video1.mp4,730,1,0.9234447479248047,727,0,865,381
video1.mp4,730,5,0.871087372303009,174,210,316,503
video1.mp4,730,10,0.5414001941680908,415,114,556,422
video1.mp4,731,1,0.9214105010032654,728,0,865,380
video1.mp4,731,5,0.8994455933570862,174,210,319,502
video1.mp4,731,10,0.7389052510261536,417,114,554,423
video1.mp4,731,13,0.5483596324920654,545,121,666,394
video1.mp4,732,1,0.9142434597015381,731,0,864,381
video1.mp4,732,5,0.8956634402275085,174,210,319,503
video1.mp4,732,10,0.771204948425293,417,113,555,424
video1.mp4,732,13,0.7338367104530334,548,120,670,399
video1.mp4,733,1,0.9120379686355591,733,0,864,381
video1.mp4,733,5,0.8913593888282776,175,210,334,502
video1.mp4,733,13,0.7782118916511536,552,120,673,405
video1.mp4,733,10,0.7703981399536133,417,113,558,426
video1.mp4,734,1,0.9096896648406982,734,0,864,380
video1.mp4,734,5,0.8879470229148865,175,210,338,502
video1.mp4,734,10,0.7999948263168335,417,112,560,426
video1.mp4,734,13,0.7826899886131287,551,121,675,409
video1.mp4,735,5,0.9126609563827515,175,210,336,503
video1.mp4,735,1,0.9096902012825012,735,0,865,380
video1.mp4,735,13,0.8018599152565002,557,121,680,412
video1.mp4,735,10,0.7690281271934509,416,111,563,425
video1.mp4,736,5,0.913865864276886,173,210,335,502
video1.mp4,736,1,0.9094783663749695,735,0,865,379
video1.mp4,736,13,0.854067325592041,558,122,683,415
video1.mp4,736,10,0.7783682942390442,416,110,561,426
video1.mp4,737,5,0.9130311608314514,175,210,334,503
video1.mp4,737,1,0.9114990830421448,736,0,865,379
video1.mp4,737,13,0.8681254982948303,561,122,685,418
video1.mp4,737,10,0.7721008658409119,417,109,565,427
video1.mp4,738,5,0.911807119846344,174,210,333,503
video1.mp4,738,1,0.9062229990959167,738,0,866,380
video1.mp4,738,13,0.8694823384284973,567,123,689,420
video1.mp4,738,10,0.7933092713356018,416,108,562,425
video1.mp4,739,5,0.912219762802124,174,209,333,503
video1.mp4,739,1,0.9049738645553589,740,0,866,380
video1.mp4,739,13,0.9015601873397827,569,126,693,421
video1.mp4,739,10,0.7705720067024231,415,107,562,424
video1.mp4,740,5,0.9087418913841248,172,210,329,503
video1.mp4,740,13,0.9076935648918152,571,127,698,423
video1.mp4,740,1,0.904217541217804,739,0,866,380
video1.mp4,740,10,0.7951375842094421,416,106,561,425
video1.mp4,741,5,0.9063686728477478,171,210,327,502
video1.mp4,741,1,0.904263973236084,741,0,866,379
video1.mp4,741,13,0.8870746493339539,574,129,700,424
video1.mp4,741,10,0.7853372693061829,416,105,561,425
video1.mp4,742,1,0.9082382321357727,741,0,866,379
video1.mp4,742,5,0.9039139747619629,171,210,324,502
video1.mp4,742,13,0.8696426749229431,578,130,699,424
video1.mp4,742,10,0.7733688354492188,415,104,562,426
video1.mp4,743,1,0.9042380452156067,741,0,867,379
video1.mp4,743,5,0.9005306959152222,170,209,323,502
video1.mp4,743,13,0.8575395345687866,582,130,696,423
video1.mp4,743,10,0.7732536196708679,416,103,563,426
video1.mp4,744,1,0.9060021042823792,741,1,867,380
video1.mp4,744,5,0.8995575308799744,169,210,320,502
video1.mp4,744,13,0.8932343125343323,581,130,707,424
video1.mp4,744,10,0.7728692293167114,416,101,565,421
video1.mp4,745,1,0.9066235423088074,741,1,867,380
video1.mp4,745,5,0.8978287577629089,168,210,317,502
video1.mp4,745,13,0.8783652782440186,582,130,703,424
video1.mp4,745,10,0.7458566427230835,416,101,565,408
video1.mp4,746,1,0.9060176610946655,740,1,867,381
video1.mp4,746,5,0.9019379019737244,168,210,321,502
video1.mp4,746,13,0.8852748870849609,586,130,707,424
video1.mp4,746,10,0.7446756958961487,417,100,566,415
video1.mp4,747,1,0.9079848527908325,741,1,867,381
video1.mp4,747,5,0.9024659991264343,167,209,322,502
video1.mp4,747,13,0.8888090252876282,589,127,715,424
video1.mp4,747,10,0.6244999170303345,418,99,566,413
video1.mp4,748,1,0.9093653559684753,741,1,867,381
video1.mp4,748,5,0.9054476022720337,168,209,319,502
video1.mp4,748,13,0.8901411294937134,595,128,717,424
video1.mp4,748,10,0.6680403351783752,417,98,567,429
video1.mp4,749,1,0.9104253053665161,741,1,868,381
video1.mp4,749,5,0.909284234046936,168,209,317,502
video1.mp4,749,13,0.8793968558311462,601,128,715,424
video1.mp4,749,10,0.6824008226394653,419,98,568,431
video1.mp4,750,5,0.9109933376312256,168,209,314,502
video1.mp4,750,1,0.9102983474731445,741,1,868,380
video1.mp4,750,13,0.8828178644180298,604,128,721,424
video1.mp4,751,1,0.9144114851951599,741,0,869,381
video1.mp4,751,5,0.9117029309272766,167,210,314,502
video1.mp4,751,13,0.8820317387580872,607,127,725,424
video1.mp4,751,10,0.5924012660980225,420,97,568,426
video1.mp4,752,1,0.9129363894462585,741,0,870,381
video1.mp4,752,5,0.9113102555274963,165,210,313,502
video1.mp4,752,13,0.8794122338294983,609,128,728,425
video1.mp4,752,10,0.5004221796989441,420,96,569,395
video1.mp4,753,1,0.9138858914375305,740,0,870,381
video1.mp4,753,5,0.9084427952766418,163,210,312,502
video1.mp4,753,13,0.8821687698364258,611,128,731,425
video1.mp4,753,10,0.5498214364051819,421,95,569,400
video1.mp4,754,1,0.9144724011421204,740,0,870,381
video1.mp4,754,5,0.9139888286590576,163,210,311,502
video1.mp4,754,13,0.8849694132804871,613,128,735,425
video1.mp4,754,10,0.6251023411750793,421,94,569,389
video1.mp4,755,5,0.9131066203117371,161,210,310,502
video1.mp4,755,1,0.9128495454788208,740,0,871,381
video1.mp4,755,13,0.8831724524497986,615,129,738,426
video1.mp4,755,10,0.6216320991516113,422,94,569,387
video1.mp4,756,1,0.9103832244873047,740,0,871,381
video1.mp4,756,5,0.9087396860122681,161,210,312,502
video1.mp4,756,13,0.8777041435241699,616,129,742,425
video1.mp4,756,10,0.617070198059082,423,93,568,421
video1.mp4,757,1,0.9089435338973999,740,0,871,381
video1.mp4,757,5,0.9025629758834839,159,210,312,502
video1.mp4,757,13,0.8797538876533508,618,129,743,425
video1.mp4,757,10,0.624218225479126,423,93,567,307
video1.mp4,758,1,0.9085790514945984,740,0,871,381
video1.mp4,758,5,0.8975868821144104,155,210,313,502
video1.mp4,758,13,0.8717963695526123,621,129,746,425
video1.mp4,758,10,0.5473018288612366,425,92,568,406
video1.mp4,759,1,0.9076697826385498,741,0,872,381
video1.mp4,759,5,0.8947004675865173,152,210,313,502
video1.mp4,759,13,0.8723965883255005,620,130,746,425
video1.mp4,759,10,0.5721144676208496,426,91,568,406
video1.mp4,760,1,0.9076497554779053,741,0,872,381
video1.mp4,760,5,0.8937643766403198,149,210,311,502
video1.mp4,760,13,0.8766232132911682,622,131,746,425
video1.mp4,760,10,0.5915204882621765,427,91,567,409
video1.mp4,761,1,0.9038259983062744,742,0,872,381
video1.mp4,761,5,0.8929416537284851,146,210,310,501
video1.mp4,761,13,0.8478004932403564,624,131,737,425
video1.mp4,761,10,0.6475976705551147,427,91,567,411
video1.mp4,762,1,0.9068065285682678,742,0,872,381
video1.mp4,762,5,0.902072548866272,158,210,311,502
video1.mp4,762,13,0.8318560719490051,624,131,734,427
video1.mp4,762,10,0.6534745097160339,428,90,568,410
video1.mp4,763,1,0.903631865978241,743,0,872,381
video1.mp4,763,5,0.8899372220039368,154,210,308,501
video1.mp4,763,13,0.8165328502655029,626,132,740,431
video1.mp4,763,10,0.6319800019264221,429,90,567,410
video1.mp4,764,1,0.9043827056884766,743,0,873,381
video1.mp4,764,5,0.887157678604126,154,211,306,501
video1.mp4,764,13,0.8040359020233154,628,134,735,435
video1.mp4,764,10,0.5395737290382385,432,90,562,389
video1.mp4,765,1,0.9059035778045654,743,0,873,381
video1.mp4,765,5,0.8963198065757751,135,212,300,501
video1.mp4,765,13,0.7782180309295654,628,135,738,441
video1.mp4,766,1,0.9051483273506165,743,0,874,381
video1.mp4,766,5,0.8912786841392517,132,213,299,501
video1.mp4,766,13,0.7682874798774719,631,134,745,444
video1.mp4,767,1,0.9039656519889832,743,0,874,381
video1.mp4,767,5,0.9030145406723022,127,213,298,503
video1.mp4,767,13,0.8367455005645752,632,134,743,447
video1.mp4,768,5,0.9092055559158325,125,213,299,502
video1.mp4,768,1,0.9052293300628662,743,0,874,381
video1.mp4,768,13,0.8568657040596008,633,135,745,449
video1.mp4,768,10,0.7148098349571228,435,89,564,403
video1.mp4,769,1,0.9090119004249573,743,1,875,382
video1.mp4,769,5,0.9045450687408447,122,215,289,503
video1.mp4,769,13,0.8457673192024231,634,138,744,453
video1.mp4,769,10,0.5221701860427856,435,88,560,397
video1.mp4,770,5,0.9138817191123962,118,215,288,503
video1.mp4,770,1,0.9069061279296875,742,1,876,381
video1.mp4,770,13,0.8355903625488281,635,138,771,454
video1.mp4,770,2,0.5892018675804138,229,137,351,317
video1.mp4,771,1,0.9090412259101868,743,1,876,381
video1.mp4,771,5,0.9076846241950989,115,217,288,502
video1.mp4,771,13,0.9011834859848022,634,139,775,456
video1.mp4,771,2,0.6840006113052368,225,135,351,322
video1.mp4,771,10,0.5016459226608276,438,87,563,394
video1.mp4,772,5,0.9122806191444397,113,218,288,503
video1.mp4,772,1,0.9085262417793274,742,1,877,381
video1.mp4,772,13,0.8580358624458313,636,142,776,459
video1.mp4,772,2,0.7980042695999146,223,136,351,328
video1.mp4,773,1,0.9072210788726807,742,1,877,382
video1.mp4,773,5,0.897156298160553,107,219,284,503
video1.mp4,773,2,0.8379358649253845,220,136,351,331
video1.mp4,773,13,0.7862953543663025,636,143,768,462
video1.mp4,773,10,0.5595495700836182,438,87,564,306
video1.mp4,774,1,0.9130125045776367,741,1,878,381
video1.mp4,774,5,0.9040964245796204,104,219,285,502
video1.mp4,774,2,0.8353207111358643,220,135,351,332
video1.mp4,774,13,0.8088440299034119,640,143,762,466
video1.mp4,774,10,0.5429944396018982,438,87,563,305
video1.mp4,775,1,0.9114236831665039,742,1,879,380
video1.mp4,775,5,0.9094438552856445,101,219,282,502
video1.mp4,775,2,0.8388231992721558,225,134,352,334
video1.mp4,775,13,0.8319965600967407,640,145,776,469
video1.mp4,775,10,0.5466586351394653,442,87,563,309
video1.mp4,776,1,0.9127312302589417,743,1,879,381
video1.mp4,776,5,0.8978034853935242,98,220,280,502
video1.mp4,776,13,0.8746451735496521,639,146,780,469
video1.mp4,776,2,0.8677048683166504,228,135,351,334
video1.mp4,776,10,0.571021556854248,439,87,563,305
video1.mp4,777,1,0.9118268489837646,743,0,881,381
video1.mp4,777,5,0.882986843585968,95,221,275,502
video1.mp4,777,2,0.8718640804290771,229,134,352,336
video1.mp4,777,13,0.8679704666137695,640,148,779,471
video1.mp4,777,10,0.7000119090080261,442,86,563,312
video1.mp4,778,1,0.9160735011100769,743,0,882,381
video1.mp4,778,2,0.8921456336975098,229,134,352,335
video1.mp4,778,5,0.885952353477478,90,218,276,503
video1.mp4,778,13,0.8660207986831665,642,148,776,475
video1.mp4,778,10,0.7523735165596008,442,87,563,310
video1.mp4,779,1,0.9174894690513611,743,0,882,381
video1.mp4,779,2,0.8940573930740356,230,134,352,335
video1.mp4,779,13,0.8885632157325745,642,150,776,477
video1.mp4,779,5,0.8638588190078735,87,220,275,502
video1.mp4,779,10,0.7884606719017029,442,87,563,309
video1.mp4,780,1,0.914371907711029,743,0,883,381
video1.mp4,780,13,0.8915595412254333,643,151,777,477
video1.mp4,780,2,0.8897523283958435,230,134,352,341
video1.mp4,780,5,0.8687571883201599,85,224,273,503
video1.mp4,780,10,0.8143675327301025,442,87,564,308
video1.mp4,781,1,0.9100489020347595,743,0,884,380
video1.mp4,781,13,0.8991455435752869,646,152,779,477
video1.mp4,781,2,0.8843917846679688,230,133,352,337
video1.mp4,781,5,0.8591614961624146,82,225,270,502
video1.mp4,781,10,0.7622104287147522,443,87,565,310
video1.mp4,782,1,0.9094767570495605,743,0,884,380
video1.mp4,782,13,0.9018087387084961,644,153,780,477
video1.mp4,782,2,0.881381094455719,229,133,352,336
video1.mp4,782,5,0.861899733543396,87,225,270,502
video1.mp4,782,10,0.7694330215454102,442,87,569,309
video1.mp4,783,1,0.9069494605064392,743,0,885,378
video1.mp4,783,13,0.8934757709503174,648,153,780,478
video1.mp4,783,2,0.8895830512046814,230,133,353,342
video1.mp4,783,5,0.8720408082008362,104,224,267,503
video1.mp4,783,10,0.8117225766181946,442,87,569,310
video1.mp4,784,1,0.9095893502235413,744,0,885,380
video1.mp4,784,13,0.90308678150177,653,153,781,479
video1.mp4,784,2,0.8951935172080994,230,133,353,341
video1.mp4,784,5,0.8778887391090393,106,226,266,503
video1.mp4,784,10,0.8200893402099609,443,87,571,308
video1.mp4,785,1,0.908011794090271,747,0,886,379
video1.mp4,785,13,0.9058487415313721,654,154,783,480
video1.mp4,785,2,0.8916283249855042,231,133,354,340
video1.mp4,785,5,0.8748771548271179,71,228,264,502
video1.mp4,785,10,0.796597957611084,443,86,569,310
video1.mp4,786,1,0.9104353785514832,748,0,886,376
video1.mp4,786,13,0.9072631001472473,653,152,785,480
video1.mp4,786,2,0.8877667188644409,231,133,354,340
video1.mp4,786,5,0.887702465057373,70,228,263,503
video1.mp4,786,10,0.6800686120986938,444,87,570,310
video1.mp4,787,1,0.9166985154151917,746,1,887,376
video1.mp4,787,13,0.9029992818832397,655,152,785,480
video1.mp4,787,2,0.8828408122062683,231,133,354,341
video1.mp4,787,5,0.8827993273735046,68,231,262,501
video1.mp4,787,10,0.7353971600532532,444,87,571,309
video1.mp4,788,1,0.9240023493766785,744,1,888,379
video1.mp4,788,13,0.9065656661987305,656,153,788,481
video1.mp4,788,5,0.8974854350090027,70,229,263,503
video1.mp4,788,2,0.879176676273346,231,132,354,336
video1.mp4,788,10,0.6217237710952759,444,86,572,308
video1.mp4,789,1,0.9238485097885132,737,1,888,372
video1.mp4,789,13,0.9133545160293579,658,154,792,480
video1.mp4,789,5,0.8950133919715881,70,230,263,503
video1.mp4,789,2,0.8734179139137268,230,132,354,337
video1.mp4,789,10,0.6904947757720947,445,86,573,307
video1.mp4,790,1,0.9287386536598206,730,2,888,371
video1.mp4,790,13,0.9162052869796753,658,156,796,481
video1.mp4,790,5,0.8951543569564819,72,230,262,503
video1.mp4,790,2,0.8758248090744019,231,131,354,336
video1.mp4,790,10,0.601391613483429,446,85,574,309
video1.mp4,791,1,0.9247250556945801,723,1,889,370
video1.mp4,791,13,0.9121360778808594,659,158,797,481
video1.mp4,791,5,0.9001872539520264,70,231,262,503
video1.mp4,791,2,0.8789449334144592,232,131,355,335
video1.mp4,791,10,0.7128361463546753,446,85,574,309
video1.mp4,792,1,0.9267580509185791,721,2,889,365
video1.mp4,792,5,0.9099500775337219,69,233,262,503
video1.mp4,792,13,0.9089087843894958,660,159,800,480
video1.mp4,792,2,0.8853145837783813,233,131,356,340
video1.mp4,792,10,0.7446324825286865,447,84,576,309
video1.mp4,793,1,0.9312466979026794,715,0,889,360
video1.mp4,793,13,0.9076383709907532,660,159,803,481
video1.mp4,793,5,0.9064518213272095,74,234,260,503
video1.mp4,793,2,0.8829811811447144,233,130,356,339
video1.mp4,793,10,0.6993231773376465,447,84,577,307
video1.mp4,794,1,0.9396536946296692,714,0,890,356
video1.mp4,794,13,0.9091327786445618,660,160,805,480
video1.mp4,794,5,0.903631865978241,86,234,259,503
video1.mp4,794,2,0.884598433971405,233,130,356,337
video1.mp4,794,10,0.7456012964248657,447,83,578,306
video1.mp4,795,1,0.9336036443710327,710,0,890,359
video1.mp4,795,13,0.9112440347671509,662,159,807,480
video1.mp4,795,5,0.8947309255599976,92,234,259,503
video1.mp4,795,2,0.882274329662323,234,130,357,336
video1.mp4,795,10,0.709154486656189,448,84,577,305
video1.mp4,796,1,0.9336651563644409,709,0,892,360
video1.mp4,796,13,0.9176744222640991,662,159,807,482
video1.mp4,796,5,0.8935139179229736,87,234,257,504
video1.mp4,796,2,0.8760287761688232,234,130,356,335
video1.mp4,796,10,0.5702270865440369,448,82,578,333
video1.mp4,797,1,0.9366892576217651,706,0,893,359
video1.mp4,797,13,0.9179027676582336,663,159,808,481
video1.mp4,797,2,0.8799103498458862,234,129,357,336
video1.mp4,797,5,0.8790478110313416,92,235,256,504
video1.mp4,797,10,0.5716715455055237,449,83,580,343
video1.mp4,798,1,0.9397057890892029,705,0,894,359
video1.mp4,798,13,0.9198834896087646,666,159,808,481
video1.mp4,798,5,0.8853522539138794,93,241,255,505
video1.mp4,798,2,0.8810935616493225,234,129,357,335
video1.mp4,798,10,0.5877010822296143,449,83,580,346
video1.mp4,799,1,0.9380271434783936,704,1,895,363
video1.mp4,799,13,0.9191571474075317,667,159,808,483
video1.mp4,799,2,0.8796137571334839,235,129,358,335
video1.mp4,799,5,0.8724238276481628,101,243,258,504
video1.mp4,799,10,0.5694868564605713,450,83,579,347
video1.mp4,800,1,0.9381229281425476,704,0,895,365
video1.mp4,800,13,0.9211856126785278,668,161,808,482
video1.mp4,800,2,0.8760082721710205,234,129,358,334
video1.mp4,800,5,0.8753761649131775,100,244,257,504
video1.mp4,800,10,0.609573245048523,450,82,579,371
video1.mp4,801,1,0.9352680444717407,704,0,895,366
video1.mp4,801,13,0.9147070050239563,669,162,807,485
video1.mp4,801,2,0.8732268214225769,235,129,359,333
video1.mp4,801,5,0.8662559986114502,108,246,255,504
video1.mp4,801,10,0.5765594840049744,450,82,576,380
video1.mp4,802,1,0.9306604266166687,703,0,895,362
video1.mp4,802,13,0.9169304370880127,670,163,807,492
video1.mp4,802,2,0.8690862059593201,236,129,360,332
video1.mp4,802,5,0.8578134179115295,103,247,256,504
video1.mp4,802,10,0.6068227291107178,449,82,572,389
video1.mp4,803,1,0.9385257363319397,703,0,896,361
video1.mp4,803,13,0.9173608422279358,671,163,807,493
video1.mp4,803,2,0.8669738173484802,236,129,359,331
video1.mp4,803,5,0.8547265529632568,95,246,255,504
video1.mp4,803,10,0.6306958794593811,449,82,569,387
video1.mp4,804,1,0.9443854093551636,702,0,896,360
video1.mp4,804,13,0.9238472580909729,671,164,807,500
video1.mp4,804,2,0.8630562424659729,235,128,360,331
video1.mp4,804,5,0.7846434116363525,100,246,254,504
video1.mp4,805,1,0.9466781616210938,702,0,896,359
video1.mp4,805,13,0.9126039147377014,672,166,807,499
video1.mp4,805,2,0.8696606755256653,236,128,361,332
video1.mp4,805,5,0.7435561418533325,109,248,254,504
video1.mp4,805,10,0.6187631487846375,450,83,566,362
video1.mp4,806,1,0.9441733360290527,702,0,896,360
video1.mp4,806,13,0.9144691228866577,673,166,806,491
video1.mp4,806,2,0.8711970448493958,236,128,361,331
video1.mp4,806,5,0.8165447115898132,101,249,252,504
video1.mp4,806,10,0.6779704689979553,451,83,566,309
video1.mp4,807,1,0.9485978484153748,702,0,896,358
video1.mp4,807,13,0.9143152236938477,673,168,808,499
video1.mp4,807,2,0.8735747337341309,237,128,361,330
video1.mp4,807,5,0.8359861969947815,98,251,251,504
video1.mp4,807,10,0.7137430310249329,452,83,566,348
video1.mp4,808,1,0.9488748908042908,700,0,895,359
video1.mp4,808,13,0.9126929044723511,673,170,807,499
video1.mp4,808,2,0.8708574175834656,237,129,362,330
video1.mp4,808,5,0.8309460282325745,90,251,253,504
video1.mp4,808,10,0.6886521577835083,453,83,564,307
video1.mp4,809,1,0.9507318735122681,698,0,895,359
video1.mp4,809,13,0.9093866348266602,674,172,806,500
video1.mp4,809,2,0.8702281713485718,236,129,363,331
video1.mp4,809,5,0.809131383895874,80,253,253,505
video1.mp4,809,10,0.7801729440689087,451,82,564,306
video1.mp4,810,1,0.9475834965705872,697,0,894,361
video1.mp4,810,13,0.9186451435089111,673,173,808,501
video1.mp4,810,2,0.8719286918640137,237,128,363,330
video1.mp4,810,5,0.8597536683082581,79,251,254,504
video1.mp4,810,10,0.6893994212150574,451,81,563,348
video1.mp4,811,1,0.9464892148971558,697,0,893,360
video1.mp4,811,13,0.919629693031311,673,175,808,502
video1.mp4,811,2,0.8786521553993225,237,129,363,330
video1.mp4,811,5,0.8579307794570923,69,253,254,504
video1.mp4,811,10,0.551982045173645,451,80,563,346
video1.mp4,812,1,0.9476124048233032,696,0,891,360
video1.mp4,812,13,0.9158483147621155,673,177,808,503
video1.mp4,812,2,0.8710737824440002,236,129,363,329
video1.mp4,812,5,0.8177520036697388,67,250,256,505
video1.mp4,812,10,0.7181187272071838,451,80,563,353
video1.mp4,813,1,0.9468922019004822,695,0,890,361
video1.mp4,813,13,0.9153406023979187,673,178,808,503
video1.mp4,813,2,0.865664005279541,236,130,363,330
video1.mp4,813,10,0.7598156332969666,450,79,562,356
video1.mp4,813,5,0.6785599589347839,68,256,258,504
video1.mp4,814,1,0.9425910711288452,694,0,890,362
video1.mp4,814,13,0.9139222502708435,672,180,808,502
video1.mp4,814,2,0.8692640662193298,237,129,363,330
video1.mp4,814,5,0.8206203579902649,61,254,261,505
video1.mp4,814,10,0.8166435956954956,451,79,562,357
video1.mp4,815,1,0.9435477256774902,689,0,889,363
video1.mp4,815,13,0.912747323513031,672,181,807,502
video1.mp4,815,2,0.864552915096283,237,129,363,329
video1.mp4,815,10,0.8204686045646667,451,78,562,355
video1.mp4,815,5,0.7009496688842773,63,255,260,504
video1.mp4,816,1,0.9428581595420837,689,0,888,362
video1.mp4,816,13,0.9073978066444397,672,182,807,502
video1.mp4,816,2,0.8613908886909485,237,130,364,328
video1.mp4,816,10,0.7594588994979858,451,78,563,351
video1.mp4,816,5,0.6875810027122498,100,256,260,503
video1.mp4,817,1,0.9458454847335815,686,0,887,361
video1.mp4,817,13,0.9119748473167419,670,183,806,503
video1.mp4,817,2,0.8598074316978455,238,130,364,328
video1.mp4,817,10,0.7626843452453613,452,78,564,352
video1.mp4,818,1,0.9486362338066101,688,0,887,358
video1.mp4,818,13,0.9056434035301208,671,185,805,503
video1.mp4,818,2,0.8541543483734131,236,131,366,328
video1.mp4,818,10,0.6747139692306519,452,78,564,349
video1.mp4,818,5,0.6018558144569397,128,256,271,504
video1.mp4,819,1,0.947727382183075,686,0,886,357
video1.mp4,819,13,0.9113366603851318,671,187,804,503
video1.mp4,819,2,0.8658247590065002,237,131,367,328
video1.mp4,819,10,0.7604023814201355,452,78,564,351
video1.mp4,819,5,0.5839883089065552,140,257,271,504
video1.mp4,820,1,0.947942316532135,687,0,886,357
video1.mp4,820,13,0.9038508534431458,670,187,803,503
video1.mp4,820,2,0.8648092150688171,238,132,368,329
video1.mp4,820,10,0.7565984725952148,453,78,563,352
video1.mp4,820,5,0.598141074180603,140,257,272,504
video1.mp4,821,1,0.9442338943481445,683,0,885,357
video1.mp4,821,13,0.9116693735122681,669,188,803,503
video1.mp4,821,2,0.8627782464027405,239,133,367,329
video1.mp4,821,15,0.7367532849311829,69,261,274,504
video1.mp4,821,10,0.7049868702888489,453,79,564,354
video1.mp4,821,5,0.5128585696220398,134,260,273,504
video1.mp4,822,1,0.9392815232276917,680,0,885,361
video1.mp4,822,13,0.907880425453186,665,189,801,502
video1.mp4,822,2,0.8563933968544006,240,132,366,329
video1.mp4,822,5,0.6241865158081055,132,261,273,504
video1.mp4,822,10,0.6225626468658447,453,79,563,354
video1.mp4,822,15,0.5687214136123657,71,263,273,504
video1.mp4,823,1,0.9429164528846741,680,0,884,356
video1.mp4,823,13,0.9067584276199341,666,189,801,503
video1.mp4,823,2,0.8762664198875427,240,134,366,330
video1.mp4,823,10,0.6030229926109314,453,79,563,333
video1.mp4,823,15,0.5881232619285583,74,262,273,504
video1.mp4,824,1,0.9297237992286682,675,0,885,374
video1.mp4,824,13,0.913841962814331,662,189,802,503
video1.mp4,824,2,0.8584148287773132,240,134,365,330
video1.mp4,824,5,0.8179798722267151,132,261,273,504
video1.mp4,824,10,0.6603528261184692,451,79,562,306
video1.mp4,825,1,0.9291744232177734,673,0,885,376
video1.mp4,825,13,0.9085672497749329,662,190,801,502
video1.mp4,825,2,0.8519043922424316,241,136,366,330
video1.mp4,825,5,0.8301710486412048,134,261,274,503
video1.mp4,825,10,0.6566349267959595,451,80,557,301
video1.mp4,826,1,0.9356936812400818,673,1,884,377
video1.mp4,826,13,0.9119926691055298,662,190,799,503
video1.mp4,826,2,0.8551317453384399,240,137,366,330
video1.mp4,826,5,0.7985779643058777,121,260,274,504
video1.mp4,826,10,0.6530928611755371,449,80,556,299
video1.mp4,827,1,0.9289675951004028,671,1,884,376
video1.mp4,827,13,0.9128604531288147,661,190,799,503
video1.mp4,827,2,0.8502588868141174,240,137,366,330
video1.mp4,827,5,0.7546429634094238,125,259,273,504
video1.mp4,827,10,0.5524861216545105,450,80,554,301
video1.mp4,828,1,0.9303544759750366,670,1,883,383
video1.mp4,828,13,0.9134072661399841,660,190,798,504
video1.mp4,828,2,0.8197882771492004,240,138,369,332
video1.mp4,828,5,0.6902886033058167,121,259,273,503
video1.mp4,828,10,0.569675087928772,448,79,551,300
video1.mp4,829,1,0.9288172125816345,672,1,882,383
video1.mp4,829,13,0.916225016117096,657,192,797,504
video1.mp4,829,2,0.8218804001808167,241,139,370,331
video1.mp4,829,5,0.7089206576347351,133,260,273,502
video1.mp4,829,10,0.6340289115905762,448,79,552,304
video1.mp4,829,15,0.5200367569923401,57,259,274,504
video1.mp4,830,1,0.9252967238426208,673,1,881,381
video1.mp4,830,13,0.9144347310066223,654,192,797,504
video1.mp4,830,15,0.8120521903038025,57,259,275,504
video1.mp4,830,2,0.7642698884010315,243,140,369,331
video1.mp4,830,10,0.6095455288887024,446,78,552,307
video1.mp4,831,1,0.9256392121315002,671,0,880,378
video1.mp4,831,13,0.9142038822174072,652,193,797,504
video1.mp4,831,15,0.8454703688621521,56,258,277,503
video1.mp4,831,2,0.7471539378166199,243,139,368,331
video1.mp4,831,10,0.6030888557434082,445,78,551,311
video1.mp4,832,1,0.9236523509025574,676,1,880,379
video1.mp4,832,13,0.9064583778381348,650,193,797,504
video1.mp4,832,15,0.8534823060035706,55,257,279,504
video1.mp4,832,10,0.6720107197761536,444,77,550,309
video1.mp4,832,2,0.6444663405418396,245,139,366,330
video1.mp4,833,1,0.9071629047393799,685,1,879,379
video1.mp4,833,13,0.9041601419448853,647,194,797,504
video1.mp4,833,15,0.8876286149024963,55,255,282,504
video1.mp4,833,10,0.7322269678115845,443,77,549,302
video1.mp4,833,2,0.6648229360580444,244,140,367,330
video1.mp4,834,1,0.9189252853393555,678,1,878,381
video1.mp4,834,15,0.9180534482002258,54,256,282,504
video1.mp4,834,13,0.9000234007835388,644,194,795,504
video1.mp4,834,10,0.7314879298210144,442,76,548,302
video1.mp4,834,2,0.7256250977516174,244,140,367,330
video1.mp4,835,1,0.9179043769836426,680,1,877,381
video1.mp4,835,15,0.9167431592941284,55,256,283,504
video1.mp4,835,13,0.9057536125183105,644,196,797,504
video1.mp4,835,2,0.715326726436615,245,143,366,331
video1.mp4,835,10,0.667718231678009,442,76,550,306
video1.mp4,836,1,0.924543023109436,681,1,876,382
video1.mp4,836,15,0.9196711778640747,56,256,286,504
video1.mp4,836,13,0.9077067971229553,641,196,797,504
video1.mp4,836,10,0.7354574203491211,441,76,547,302
video1.mp4,836,2,0.677490770816803,247,145,365,328
video1.mp4,837,1,0.9210145473480225,687,1,876,380
video1.mp4,837,15,0.9089415669441223,53,256,287,504
video1.mp4,837,13,0.9065449833869934,639,198,797,504
video1.mp4,837,10,0.7336209416389465,440,75,545,304
video1.mp4,837,2,0.5952630043029785,247,143,362,327
video1.mp4,838,1,0.9318050146102905,694,1,875,381
video1.mp4,838,13,0.9092729091644287,637,202,796,504
video1.mp4,838,15,0.8301159143447876,53,256,286,504
video1.mp4,838,10,0.7581661343574524,440,75,543,302
video1.mp4,838,2,0.6010928750038147,248,146,365,326
video1.mp4,839,1,0.9301482439041138,698,1,875,380
video1.mp4,839,13,0.9106919765472412,635,206,795,503
video1.mp4,839,15,0.8658649921417236,52,257,287,504
video1.mp4,839,10,0.7187477350234985,443,75,543,303
video1.mp4,840,1,0.931476891040802,702,0,875,380
video1.mp4,840,13,0.9076865911483765,632,207,793,503
video1.mp4,840,15,0.9057307243347168,50,256,288,503
video1.mp4,840,10,0.6448942422866821,443,76,544,320
video3.mp4,2,29,0.9103683233261108,188,5,294,303
video3.mp4,2,28,0.9054512977600098,78,14,190,332
video3.mp4,2,27,0.9053745269775391,313,123,575,332
video3.mp4,3,27,0.909287691116333,311,122,575,332
video3.mp4,3,28,0.9073965549468994,78,14,191,332
video3.mp4,3,29,0.9048581719398499,188,5,295,303
video3.mp4,4,28,0.9079798460006714,78,14,191,332
video3.mp4,4,29,0.9005768895149231,188,5,295,304
video3.mp4,4,27,0.8912820816040039,311,121,575,333
video3.mp4,5,28,0.9088699817657471,78,14,191,332
video3.mp4,5,29,0.8980967402458191,187,5,297,303
video3.mp4,5,27,0.8831242322921753,310,121,575,332
video3.mp4,6,28,0.9084992408752441,79,14,190,332
video3.mp4,6,29,0.8985092043876648,188,4,298,304
video3.mp4,6,27,0.8415583372116089,307,120,576,332
video3.mp4,7,28,0.9099090695381165,79,14,190,332
video3.mp4,7,29,0.8946409225463867,187,5,298,303
video3.mp4,7,27,0.8938145637512207,313,120,575,332
video3.mp4,8,28,0.9106314778327942,78,14,190,332
video3.mp4,8,27,0.9072175621986389,314,121,576,332
video3.mp4,8,29,0.8948042988777161,187,5,297,303
video3.mp4,9,27,0.9186643362045288,314,121,576,332
video3.mp4,9,28,0.9135138988494873,79,14,190,332
video3.mp4,9,29,0.8965811729431152,188,5,298,305
video3.mp4,10,27,0.9219809770584106,315,121,576,332
video3.mp4,10,28,0.9143692255020142,80,14,190,332
video3.mp4,10,29,0.8966696262359619,188,5,298,305
video3.mp4,11,28,0.9159553050994873,80,13,189,332
video3.mp4,11,27,0.9003797769546509,317,121,576,332
video3.mp4,11,29,0.8964484930038452,188,5,296,304
video3.mp4,12,28,0.9124646782875061,80,13,189,332
video3.mp4,12,27,0.901798665523529,314,120,576,332
video3.mp4,12,29,0.8961470127105713,188,5,296,304
video3.mp4,13,28,0.9137586951255798,81,13,189,332
video3.mp4,13,27,0.8986746072769165,309,120,576,332
video3.mp4,13,29,0.897942841053009,188,5,296,304
video3.mp4,14,28,0.9107499122619629,82,13,189,332
video3.mp4,14,27,0.9003985524177551,303,121,576,332
video3.mp4,14,29,0.900275707244873,188,5,296,304
video3.mp4,15,28,0.9051710963249207,81,13,190,332
video3.mp4,15,29,0.9025301337242126,188,5,297,304
video3.mp4,15,27,0.8954702615737915,301,122,576,332
video3.mp4,16,27,0.9145733714103699,308,122,576,332
video3.mp4,16,28,0.902359664440155,82,13,189,332
video3.mp4,16,29,0.9020963907241821,188,5,296,304
video3.mp4,17,27,0.911809504032135,306,121,576,332
video3.mp4,17,28,0.9047336578369141,83,13,190,333
video3.mp4,17,29,0.9040867686271667,188,5,296,304
video3.mp4,18,27,0.9128097891807556,308,122,576,332
video3.mp4,18,28,0.9063054919242859,84,13,190,333
video3.mp4,18,29,0.9056816101074219,189,5,296,304
video3.mp4,19,27,0.917107880115509,309,122,576,332
video3.mp4,19,29,0.9095082879066467,188,5,296,303
video3.mp4,19,28,0.9069965481758118,84,13,190,333
video3.mp4,20,27,0.9185294508934021,309,122,576,332
video3.mp4,20,29,0.9096481800079346,188,5,296,303
video3.mp4,20,28,0.9054816365242004,84,13,190,333
video3.mp4,21,27,0.9233680963516235,310,122,576,332
video3.mp4,21,28,0.9157218933105469,85,13,191,333
video3.mp4,21,29,0.9105674624443054,188,5,296,304
video3.mp4,22,27,0.9205337762832642,310,122,576,332
video3.mp4,22,28,0.9160862565040588,85,13,190,332
video3.mp4,22,29,0.9108051061630249,188,5,297,304
video3.mp4,23,27,0.922855794429779,309,122,576,332
video3.mp4,23,28,0.9143364429473877,85,13,190,333
video3.mp4,23,29,0.9109998941421509,187,5,296,304
video3.mp4,24,27,0.9216372966766357,308,122,576,332
video3.mp4,24,29,0.9140682220458984,187,5,296,304
video3.mp4,24,28,0.9135421514511108,85,13,190,333
video3.mp4,25,29,0.9161978960037231,187,5,296,304
video3.mp4,25,28,0.9141175150871277,85,13,191,333
video3.mp4,25,27,0.9121190905570984,306,122,576,332
video3.mp4,26,29,0.9130770564079285,187,5,296,304
video3.mp4,26,27,0.9125751256942749,305,122,576,332
video3.mp4,26,28,0.9100741147994995,86,13,190,333
video3.mp4,27,29,0.9089861512184143,187,5,296,303
video3.mp4,27,27,0.9077017903327942,303,122,576,332
video3.mp4,27,28,0.9072851538658142,87,13,190,333
video3.mp4,28,29,0.913253128528595,187,5,295,304
video3.mp4,28,28,0.9115363359451294,87,13,190,332
video3.mp4,28,27,0.8984523415565491,300,122,576,332
video3.mp4,29,28,0.9121744632720947,88,13,190,332
video3.mp4,29,29,0.9107289910316467,187,5,295,303
video3.mp4,29,27,0.898859977722168,298,122,576,332
video3.mp4,30,29,0.911228358745575,188,5,294,303
video3.mp4,30,28,0.9040149450302124,88,13,191,332
video3.mp4,30,27,0.8975347876548767,300,122,576,332
video3.mp4,31,28,0.9054334163665771,88,14,191,333
video3.mp4,31,27,0.9035109877586365,302,122,576,331
video3.mp4,31,29,0.9012768268585205,188,5,297,304
video3.mp4,32,27,0.9077273607254028,304,122,576,331
video3.mp4,32,28,0.9003798961639404,88,14,195,333
video3.mp4,32,29,0.9003296494483948,188,5,297,304
video3.mp4,33,29,0.899195671081543,188,5,298,304
video3.mp4,33,27,0.8983235359191895,301,122,576,332
video3.mp4,33,28,0.865581750869751,89,14,190,332
video3.mp4,34,29,0.9060118794441223,189,4,299,304
video3.mp4,34,27,0.8898401856422424,298,120,577,332
video3.mp4,35,29,0.9008967280387878,188,4,298,303
video3.mp4,35,27,0.8918589949607849,296,120,577,332
video3.mp4,35,28,0.8836244940757751,89,15,190,332
video3.mp4,36,29,0.901081383228302,188,4,299,304
video3.mp4,36,27,0.8936352133750916,296,120,576,332
video3.mp4,36,28,0.8485543727874756,89,15,191,332
video3.mp4,37,29,0.9048476219177246,189,5,299,304
video3.mp4,37,27,0.9022133350372314,295,120,576,332
video3.mp4,37,28,0.9008069634437561,90,15,194,332
video3.mp4,38,29,0.9132129549980164,190,4,299,304
video3.mp4,38,28,0.903473436832428,90,14,240,333
video3.mp4,38,27,0.9003456830978394,294,120,576,332
video3.mp4,39,29,0.9047627449035645,190,4,297,304
video3.mp4,39,27,0.9017065167427063,294,120,576,332
video3.mp4,39,28,0.8837594985961914,90,15,199,333
video3.mp4,40,29,0.9002949595451355,190,5,297,304
video3.mp4,40,27,0.8912172317504883,294,120,576,332
video3.mp4,40,28,0.868240237236023,91,15,206,333
video3.mp4,41,28,0.9087634086608887,91,14,204,333
video3.mp4,41,29,0.8986741900444031,191,4,298,303
video3.mp4,41,27,0.8793721795082092,302,121,577,332
video3.mp4,42,28,0.9022791981697083,90,14,203,333
video3.mp4,42,27,0.889680027961731,301,121,577,332
video3.mp4,42,29,0.8896534442901611,190,5,299,304
video3.mp4,43,28,0.9111464023590088,90,14,204,333
video3.mp4,43,27,0.9006384015083313,300,120,577,332
video3.mp4,43,29,0.8889850378036499,191,5,299,303
video3.mp4,44,28,0.9155368208885193,91,14,205,333
video3.mp4,44,27,0.9070272445678711,306,120,577,332
video3.mp4,44,29,0.8834413886070251,191,5,301,304
video3.mp4,45,28,0.916854977607727,91,14,204,333
video3.mp4,45,27,0.9071066975593567,309,120,577,332
video3.mp4,45,29,0.8816395401954651,191,5,302,304
video3.mp4,46,28,0.9210028052330017,91,14,201,333
video3.mp4,46,27,0.9112101793289185,309,121,577,332
video3.mp4,46,29,0.877810001373291,192,5,303,304
video3.mp4,47,28,0.9262382388114929,91,14,199,333
video3.mp4,47,27,0.9133411049842834,309,122,577,332
video3.mp4,47,29,0.8563528060913086,193,5,303,303
video3.mp4,48,28,0.916641891002655,91,14,197,333
video3.mp4,48,27,0.9122005105018616,309,123,577,332
video3.mp4,48,29,0.8754059076309204,195,4,304,301
video3.mp4,49,27,0.9073575735092163,307,122,577,332
video3.mp4,49,28,0.9015108346939087,91,14,194,333
video3.mp4,49,29,0.8926090598106384,194,5,304,305
video3.mp4,50,27,0.9073615074157715,308,122,577,332
video3.mp4,50,28,0.8885422348976135,90,15,230,333
video3.mp4,50,29,0.8496955037117004,196,4,304,307
video3.mp4,51,27,0.9138255715370178,309,122,578,331
video3.mp4,51,28,0.8941501379013062,90,15,193,333
video3.mp4,51,29,0.8004971146583557,194,4,311,311
video3.mp4,52,27,0.9087077379226685,309,122,578,331
video3.mp4,52,28,0.8922507762908936,90,15,191,333
video3.mp4,52,29,0.7320771217346191,195,4,317,295
video3.mp4,53,27,0.9082649350166321,309,123,578,331
video3.mp4,53,28,0.8737043142318726,89,15,193,332
video3.mp4,53,29,0.7679405808448792,195,4,305,314
video3.mp4,54,27,0.9087638258934021,309,123,578,331
video3.mp4,54,28,0.9074695110321045,88,15,197,332
video3.mp4,54,29,0.8229009509086609,195,3,305,285
video3.mp4,55,28,0.9125059843063354,87,16,193,332
video3.mp4,55,27,0.9098329544067383,310,124,578,331
video3.mp4,55,29,0.8442820906639099,194,2,310,286
video3.mp4,56,27,0.913407564163208,310,125,578,331
video3.mp4,56,28,0.9078566431999207,87,15,191,332
video3.mp4,56,29,0.8504979014396667,193,2,310,287
video3.mp4,57,27,0.9046508073806763,310,126,578,331
video3.mp4,57,28,0.9045279026031494,87,15,191,332
video3.mp4,57,29,0.8348938226699829,193,2,318,268
video3.mp4,58,28,0.9106374979019165,86,15,190,332
video3.mp4,58,27,0.9067339897155762,310,126,579,331
video3.mp4,58,29,0.8378744721412659,191,1,318,281
video3.mp4,59,28,0.9074845314025879,86,15,191,332
video3.mp4,59,27,0.9018762707710266,309,128,579,331
video3.mp4,59,29,0.8577883243560791,190,1,302,287
video3.mp4,60,27,0.901917576789856,309,127,579,332
video3.mp4,60,28,0.9004381895065308,85,15,190,332
video3.mp4,60,29,0.8817407488822937,190,1,300,289
video3.mp4,61,29,0.9038359522819519,186,1,300,297
video3.mp4,61,28,0.9016738533973694,85,16,190,332
video3.mp4,61,27,0.8885510563850403,310,127,578,332
video3.mp4,62,28,0.9032899141311646,85,16,190,333
video3.mp4,62,29,0.9026333093643188,185,1,299,297
video3.mp4,62,27,0.8844970464706421,309,127,578,332
video3.mp4,63,29,0.9053938388824463,183,1,299,298
video3.mp4,63,28,0.9014973640441895,84,16,191,333
video3.mp4,63,27,0.8974453210830688,310,127,579,332
video3.mp4,64,29,0.9130767583847046,182,1,300,299
video3.mp4,64,28,0.9084523320198059,84,15,192,333
video3.mp4,64,27,0.8937693238258362,311,127,579,332
video3.mp4,65,29,0.9104500412940979,181,1,300,297
video3.mp4,65,28,0.9044084548950195,83,15,192,333
video3.mp4,65,27,0.8884673118591309,311,128,579,332
video3.mp4,66,29,0.9048275947570801,178,1,299,297
video3.mp4,66,28,0.9040701389312744,82,15,192,332
video3.mp4,66,27,0.8943507671356201,312,129,580,332
video3.mp4,67,29,0.9014488458633423,177,1,298,294
video3.mp4,67,27,0.9002169966697693,314,128,580,332
video3.mp4,67,28,0.8955656886100769,82,15,191,333
video3.mp4,68,29,0.9086917638778687,176,1,297,296
video3.mp4,68,27,0.8973420262336731,315,128,580,332
video3.mp4,68,28,0.8954159617424011,82,15,191,333
video3.mp4,69,29,0.8969559073448181,174,1,297,297
video3.mp4,69,28,0.8962095975875854,81,15,191,333
video3.mp4,69,27,0.895624041557312,316,127,580,333
video3.mp4,70,28,0.9022612571716309,80,14,192,332
video3.mp4,70,27,0.8978742957115173,316,127,580,332
video3.mp4,70,29,0.7141834497451782,174,1,294,244
video3.mp4,71,28,0.9139658808708191,80,15,184,333
video3.mp4,71,29,0.9135311245918274,173,0,292,299
video3.mp4,71,27,0.8858035206794739,318,127,581,333
video3.mp4,72,29,0.9110910892486572,173,0,292,300
video3.mp4,72,28,0.9075753092765808,80,15,186,333
video3.mp4,72,27,0.8852256536483765,318,127,581,332
video3.mp4,73,29,0.910741925239563,172,0,292,300
video3.mp4,73,28,0.9008036851882935,79,15,188,333
video3.mp4,73,27,0.881807267665863,319,127,581,333
video3.mp4,74,28,0.9096697568893433,79,15,188,332
video3.mp4,74,29,0.9092785120010376,173,1,292,300
video3.mp4,74,27,0.885970413684845,319,126,581,333
video3.mp4,75,29,0.9193432331085205,173,2,291,298
video3.mp4,75,28,0.9067397713661194,79,15,188,333
video3.mp4,75,27,0.89766925573349,318,126,580,332
video3.mp4,76,29,0.9167150259017944,174,5,291,297
video3.mp4,76,28,0.9076582193374634,79,15,188,333
video3.mp4,76,27,0.8969758749008179,317,126,580,332
video3.mp4,77,29,0.9081406593322754,174,10,291,295
video3.mp4,77,28,0.9074020385742188,79,15,188,333
video3.mp4,77,27,0.8996264338493347,317,125,580,332
video3.mp4,78,29,0.9036697149276733,174,15,292,294
video3.mp4,78,27,0.9020556807518005,316,124,581,332
video3.mp4,78,28,0.9015977382659912,79,15,188,333
video3.mp4,79,28,0.9069842100143433,79,15,188,333
video3.mp4,79,27,0.8995579481124878,317,124,580,332
video3.mp4,79,29,0.8976706862449646,174,20,294,294
video3.mp4,80,28,0.9100017547607422,79,15,188,333
video3.mp4,80,27,0.9030382633209229,318,124,580,332
video3.mp4,80,29,0.9018161296844482,176,26,296,294
video3.mp4,81,28,0.9219835996627808,78,15,190,333
video3.mp4,81,29,0.9079536199569702,178,30,298,299
video3.mp4,81,27,0.8974713087081909,319,122,581,332
video3.mp4,82,28,0.9233911633491516,78,15,188,333
video3.mp4,82,27,0.9035125374794006,319,122,581,332
video3.mp4,82,29,0.903117835521698,179,33,301,302
video3.mp4,83,28,0.9239354729652405,78,15,188,333
video3.mp4,83,27,0.9088068604469299,320,123,581,332
video3.mp4,83,29,0.9040353298187256,180,36,315,301
video3.mp4,84,28,0.924963653087616,78,15,189,333
video3.mp4,84,27,0.9059358239173889,320,123,581,332
video3.mp4,84,29,0.9033542275428772,182,37,311,301
video3.mp4,85,28,0.9236463904380798,78,15,189,332
video3.mp4,85,27,0.9079112410545349,320,123,580,332
video3.mp4,85,29,0.8995190858840942,183,38,314,301
video3.mp4,86,28,0.9207266569137573,78,15,189,332
video3.mp4,86,27,0.9113333225250244,320,122,581,332
video3.mp4,86,29,0.895003080368042,185,38,312,302
video3.mp4,87,28,0.9185814261436462,78,15,188,332
video3.mp4,87,27,0.907768726348877,319,123,581,332
video3.mp4,87,29,0.9030495882034302,186,37,318,300
video3.mp4,88,28,0.9177797436714172,77,15,188,332
video3.mp4,88,29,0.9095776677131653,190,34,312,300
video3.mp4,88,27,0.9057782292366028,319,122,581,332
video3.mp4,89,28,0.9161043167114258,76,15,187,332
video3.mp4,89,29,0.9081106185913086,191,31,313,300
video3.mp4,89,27,0.9069146513938904,318,123,581,332
video3.mp4,90,28,0.9171835780143738,76,15,186,332
video3.mp4,90,27,0.9029257297515869,319,123,581,332
video3.mp4,90,29,0.9014332294464111,193,29,317,300
video3.mp4,91,27,0.9164986610412598,319,122,580,332
video3.mp4,91,28,0.9138903617858887,76,14,187,332
video3.mp4,91,29,0.9002165794372559,194,24,320,299
video3.mp4,92,27,0.9186306595802307,318,122,580,332
video3.mp4,92,28,0.9150927662849426,75,14,187,332
video3.mp4,92,29,0.8932063579559326,195,20,322,300
video3.mp4,93,27,0.9168738126754761,317,122,580,333
video3.mp4,93,28,0.9159343838691711,76,14,188,332
video3.mp4,93,29,0.8584012985229492,196,16,324,300
video3.mp4,94,28,0.9143528938293457,75,15,189,332
video3.mp4,94,27,0.912408709526062,317,123,580,333
video3.mp4,94,29,0.8934616446495056,195,13,322,303
video3.mp4,95,27,0.9156139492988586,317,123,580,333
video3.mp4,95,28,0.9054352045059204,75,15,195,332
video3.mp4,95,29,0.9009698033332825,194,9,323,305
video3.mp4,96,27,0.9086189270019531,313,123,580,333
video3.mp4,96,29,0.9070305824279785,193,6,323,307
video3.mp4,96,28,0.8920117616653442,75,15,196,332
video3.mp4,97,28,0.9159789681434631,75,15,189,332
video3.mp4,97,27,0.9033316969871521,314,123,580,332
video3.mp4,97,29,0.8983044624328613,192,2,322,310
video3.mp4,98,28,0.9168285131454468,74,15,189,332
video3.mp4,98,29,0.9043569564819336,190,0,324,314
video3.mp4,98,27,0.8994607925415039,315,124,580,333
video3.mp4,99,29,0.9150630235671997,189,0,322,316
video3.mp4,99,28,0.9123681783676147,74,15,191,332
video3.mp4,99,27,0.8991014957427979,315,124,580,333
video3.mp4,100,28,0.9124437570571899,75,15,190,332
video3.mp4,100,29,0.9107968211174011,186,0,324,318
video3.mp4,100,27,0.895336925983429,314,124,580,333
video3.mp4,101,29,0.9136595726013184,184,0,324,323
video3.mp4,101,27,0.9111036658287048,315,123,580,332
video3.mp4,101,28,0.8996824622154236,74,15,193,332
video3.mp4,102,29,0.9119665026664734,180,0,325,326
video3.mp4,102,28,0.9115440249443054,74,14,198,332
video3.mp4,102,27,0.911337673664093,315,123,580,332
video3.mp4,103,29,0.9179584383964539,178,1,321,327
video3.mp4,103,28,0.9139530062675476,74,15,196,332
video3.mp4,103,27,0.9074278473854065,315,124,580,332
video3.mp4,104,29,0.9295994639396667,175,0,322,329
video3.mp4,104,28,0.9084181189537048,75,15,193,332
video3.mp4,104,27,0.9026058912277222,319,124,580,332
video3.mp4,105,29,0.9238393306732178,171,0,321,330
video3.mp4,105,28,0.9110630750656128,75,15,189,332
video3.mp4,105,27,0.8938218355178833,322,124,580,332
video3.mp4,106,29,0.9224448204040527,168,0,316,330
video3.mp4,106,28,0.9078002572059631,75,15,188,332
video3.mp4,106,27,0.9009238481521606,322,124,580,332
video3.mp4,107,29,0.9107869267463684,161,1,315,330
video3.mp4,107,27,0.906892716884613,326,124,580,332
video3.mp4,107,28,0.9033466577529907,75,15,189,332
video3.mp4,108,27,0.9096893072128296,326,123,581,333
video3.mp4,108,29,0.9090908765792847,157,0,314,330
video3.mp4,108,28,0.897588312625885,75,15,191,333
video3.mp4,109,29,0.920718252658844,152,0,309,330
video3.mp4,109,27,0.9084538817405701,326,122,581,333
video3.mp4,109,28,0.8896912932395935,75,15,192,332
video3.mp4,110,27,0.9104446768760681,326,122,581,333
video3.mp4,110,29,0.9035731554031372,149,0,312,331
video3.mp4,110,28,0.8829805254936218,75,15,188,332
video3.mp4,111,29,0.9139354825019836,144,0,309,331
video3.mp4,111,27,0.9050002098083496,325,123,581,332
video3.mp4,111,28,0.8977260589599609,75,16,181,332
video3.mp4,112,29,0.9241749048233032,140,0,302,330
video3.mp4,112,28,0.8985860347747803,75,16,180,332
video3.mp4,112,27,0.8977706432342529,320,123,581,332
video3.mp4,113,29,0.9342257976531982,134,0,298,331
video3.mp4,113,27,0.8982188701629639,317,122,581,332
video3.mp4,114,29,0.9354361891746521,130,0,297,331
video3.mp4,114,27,0.8883489370346069,314,123,581,332
video3.mp4,114,28,0.8480168581008911,75,16,177,331
video3.mp4,115,29,0.927692174911499,125,0,295,330
video3.mp4,115,27,0.88249671459198,314,124,580,332
video3.mp4,116,29,0.9264066815376282,120,0,296,330
video3.mp4,116,27,0.8934333920478821,306,124,581,332
video3.mp4,117,29,0.910846471786499,115,0,288,329
video3.mp4,117,27,0.8984612226486206,311,123,580,332
video3.mp4,118,29,0.9320363998413086,110,0,280,330
video3.mp4,118,27,0.9030377268791199,309,123,580,332
video3.mp4,119,29,0.9300163388252258,108,0,280,331
video3.mp4,119,27,0.9007434248924255,310,124,580,332
video3.mp4,120,29,0.9215571880340576,101,0,278,331
video3.mp4,120,27,0.9042938947677612,310,124,580,332
video3.mp4,121,29,0.9182292222976685,98,0,276,331
video3.mp4,121,27,0.9129231572151184,314,124,580,332
video3.mp4,122,29,0.9149234890937805,98,0,274,331
video3.mp4,122,27,0.9143319725990295,313,124,580,332
video3.mp4,123,27,0.9118704199790955,314,124,580,332
video3.mp4,123,29,0.9025775194168091,89,0,272,331
video3.mp4,124,29,0.9312714338302612,91,0,270,330
video3.mp4,124,27,0.9141438603401184,314,124,580,332
video3.mp4,125,29,0.922637403011322,83,1,267,329
video3.mp4,125,27,0.9138070344924927,314,124,580,332
video3.mp4,126,29,0.9437475800514221,79,0,264,331
video3.mp4,126,27,0.9124682545661926,312,125,579,333
video3.mp4,127,29,0.9551507830619812,76,0,262,331
video3.mp4,127,27,0.9113132953643799,312,125,580,333
video3.mp4,128,29,0.9504010081291199,74,0,260,331
video3.mp4,128,27,0.909061849117279,313,125,580,332
video3.mp4,129,29,0.9394322037696838,70,0,258,330
video3.mp4,129,27,0.9083124399185181,315,124,580,332
video3.mp4,130,29,0.9405158162117004,63,0,255,331
video3.mp4,130,27,0.9084492921829224,313,125,580,332
video3.mp4,131,29,0.9326723217964172,57,0,251,330
video3.mp4,131,27,0.9065288305282593,317,124,580,332
video3.mp4,132,29,0.9404904842376709,53,0,249,331
video3.mp4,132,27,0.9116501212120056,317,124,580,332
video3.mp4,133,29,0.9309433698654175,46,0,247,331
video3.mp4,133,27,0.9095746874809265,317,124,580,332
video3.mp4,134,29,0.9152540564537048,51,0,242,331
video3.mp4,134,27,0.91400545835495,318,124,580,332
video3.mp4,135,29,0.9104805588722229,45,0,237,331
video3.mp4,135,27,0.9039158225059509,318,124,580,332
video3.mp4,136,27,0.9116279482841492,318,124,580,332
video3.mp4,136,29,0.8586394786834717,27,0,233,331
video3.mp4,137,27,0.9073402285575867,319,124,580,332
video3.mp4,137,29,0.9056492447853088,22,0,226,329
video3.mp4,138,29,0.9298878908157349,18,0,219,331
video3.mp4,138,27,0.9093401432037354,319,124,580,332
video3.mp4,139,27,0.9125904440879822,319,124,580,332
video3.mp4,139,29,0.9100938439369202,23,0,212,330
video3.mp4,140,29,0.9379147291183472,7,0,204,330
video3.mp4,140,27,0.9096351265907288,318,124,580,332
video3.mp4,141,29,0.9404094219207764,0,0,196,330
video3.mp4,141,27,0.9164201617240906,319,124,580,332
video3.mp4,141,34,0.8784095048904419,198,67,298,285
video3.mp4,142,29,0.9439958930015564,0,0,184,330
video3.mp4,142,27,0.919787585735321,317,124,580,332
video3.mp4,142,34,0.8374037742614746,198,73,298,285
video3.mp4,143,29,0.9275134801864624,0,0,172,330
video3.mp4,143,27,0.9112305641174316,313,124,581,332
video3.mp4,143,34,0.7783359289169312,199,55,305,284
video3.mp4,144,29,0.9343899488449097,0,0,159,330
video3.mp4,144,27,0.9143037796020508,315,125,581,332
video3.mp4,144,34,0.7422672510147095,200,62,302,285
video3.mp4,145,29,0.9289843440055847,0,0,148,331
video3.mp4,145,27,0.917431652545929,316,125,581,332
video3.mp4,146,29,0.9233270287513733,0,0,137,331
video3.mp4,146,27,0.9195085763931274,317,125,581,332
video3.mp4,147,27,0.9210509657859802,317,125,581,332
video3.mp4,147,29,0.9001505970954895,0,0,132,331
video3.mp4,148,27,0.9221903085708618,317,125,581,332
video3.mp4,148,29,0.9185599088668823,0,1,134,331
video3.mp4,149,27,0.9223359823226929,317,125,581,332
video3.mp4,149,28,0.7527441382408142,0,3,124,329
video3.mp4,150,27,0.9216652512550354,316,125,581,332
video3.mp4,150,36,0.8937195539474487,75,14,187,332
video3.mp4,151,27,0.9140527844429016,310,126,580,331
video3.mp4,151,36,0.9113587737083435,75,15,187,331
video3.mp4,151,34,0.6855298280715942,211,67,313,282
video3.mp4,152,36,0.9128690958023071,75,15,187,331
video3.mp4,152,27,0.910467803478241,309,126,580,331
video3.mp4,152,34,0.6789700984954834,211,69,315,283
video3.mp4,153,36,0.914487361907959,75,15,187,331
video3.mp4,153,27,0.9099828600883484,310,126,580,331
video3.mp4,153,34,0.5625777244567871,212,84,316,283
video3.mp4,154,36,0.9121707677841187,75,15,187,332
video3.mp4,154,27,0.9100967049598694,310,126,580,331
video3.mp4,154,34,0.6361337304115295,215,78,318,282
video3.mp4,155,36,0.9120270609855652,75,15,187,332
video3.mp4,155,27,0.9092545509338379,310,126,580,332
video3.mp4,155,34,0.6839584112167358,216,81,318,282
video3.mp4,156,36,0.9143968224525452,75,14,187,332
video3.mp4,156,27,0.9070117473602295,310,126,581,332
video3.mp4,156,34,0.7369743585586548,217,74,319,282
video3.mp4,157,36,0.9116002321243286,75,14,189,332
video3.mp4,157,27,0.9040701389312744,311,127,580,332
video3.mp4,157,34,0.8015050292015076,216,54,321,283
video3.mp4,158,36,0.9113444089889526,75,14,189,332
video3.mp4,158,27,0.9043524861335754,311,127,580,332
video3.mp4,158,34,0.7779065370559692,217,58,329,283
video3.mp4,159,36,0.9117192029953003,75,15,187,332
video3.mp4,159,27,0.90569669008255,311,127,580,332
video3.mp4,159,34,0.817265510559082,217,57,322,284
video3.mp4,160,36,0.912366509437561,75,15,187,332
video3.mp4,160,27,0.9068337678909302,313,126,580,332
video3.mp4,160,34,0.8378018736839294,218,57,324,284
video3.mp4,161,36,0.9152147173881531,74,14,192,332
video3.mp4,161,27,0.9005570411682129,311,127,580,332
video3.mp4,161,34,0.761685848236084,219,56,328,284
video3.mp4,162,36,0.9154471755027771,74,14,192,332
video3.mp4,162,27,0.9028940200805664,311,127,581,332
video3.mp4,162,34,0.7745304107666016,219,53,327,285
video3.mp4,163,36,0.9141299724578857,73,14,192,332
video3.mp4,163,27,0.9028276801109314,312,127,581,332
video3.mp4,163,34,0.7961888313293457,221,52,328,286
video3.mp4,164,36,0.9165052771568298,74,14,192,332
video3.mp4,164,27,0.9040192365646362,312,127,581,332
video3.mp4,164,34,0.8105531930923462,221,51,328,287
video3.mp4,165,36,0.9137113690376282,74,14,192,332
video3.mp4,165,27,0.9050363302230835,312,126,582,332
video3.mp4,165,34,0.8294209241867065,223,49,329,286
video3.mp4,166,36,0.9143932461738586,74,14,192,332
video3.mp4,166,27,0.9088683128356934,313,126,582,332
video3.mp4,166,34,0.8530556559562683,223,48,331,287
video3.mp4,167,36,0.9131388068199158,73,14,192,332
video3.mp4,167,27,0.9088419079780579,312,127,582,332
video3.mp4,167,34,0.8498084545135498,223,47,331,287
video3.mp4,168,36,0.9112230539321899,73,14,192,332
video3.mp4,168,27,0.9097040891647339,312,126,582,332
video3.mp4,168,34,0.8611301183700562,223,46,332,286
video3.mp4,169,36,0.9117848873138428,73,14,192,332
video3.mp4,169,27,0.9087077379226685,311,127,582,332
video3.mp4,169,34,0.8498392105102539,223,44,332,286
video3.mp4,170,36,0.9111679196357727,72,14,192,332
video3.mp4,170,27,0.9067471623420715,311,127,583,332
video3.mp4,170,34,0.7546020746231079,222,44,333,284
video3.mp4,171,36,0.9144104719161987,73,15,186,332
video3.mp4,171,27,0.8950848579406738,310,126,583,332
video3.mp4,172,36,0.913547694683075,73,15,186,332
video3.mp4,172,27,0.8996576070785522,312,125,583,332
video3.mp4,173,36,0.9119256734848022,73,15,186,332
video3.mp4,173,27,0.9062240719795227,313,126,583,332
video3.mp4,174,36,0.9109326004981995,73,15,186,332
video3.mp4,174,27,0.9070466756820679,313,126,584,332
video3.mp4,174,34,0.7289915680885315,220,47,337,274
video3.mp4,175,27,0.9125593900680542,314,126,584,332
video3.mp4,175,36,0.9105494618415833,72,15,186,332
video3.mp4,175,34,0.8713305592536926,220,48,337,273
video3.mp4,176,36,0.9094931483268738,72,15,186,331
video3.mp4,176,27,0.90677410364151,314,126,584,332
video3.mp4,176,34,0.8569645285606384,218,49,337,273
video3.mp4,177,36,0.9095367193222046,73,15,185,331
video3.mp4,177,27,0.9056933522224426,315,126,584,332
video3.mp4,177,34,0.8771623373031616,214,50,336,273
video3.mp4,178,36,0.9116284251213074,72,15,186,331
video3.mp4,178,27,0.9055991172790527,316,126,584,332
video3.mp4,178,34,0.8654748201370239,214,54,337,272
video3.mp4,179,36,0.9144636392593384,72,15,186,331
video3.mp4,179,27,0.9086229801177979,317,126,584,332
video3.mp4,179,34,0.6742636561393738,216,57,338,274
video3.mp4,180,36,0.9145781993865967,72,15,185,331
video3.mp4,180,27,0.9093941450119019,318,126,585,332
video3.mp4,180,34,0.696424126625061,217,60,337,284
video3.mp4,181,36,0.9118456840515137,71,15,186,331
video3.mp4,181,27,0.9107114672660828,318,126,584,332
video3.mp4,181,34,0.525248110294342,207,61,337,295
video3.mp4,182,36,0.913405179977417,72,15,186,332
video3.mp4,182,27,0.9108570218086243,318,126,584,332
video3.mp4,182,34,0.5091807246208191,207,58,336,296
video3.mp4,183,36,0.9153566956520081,72,15,185,332
video3.mp4,183,27,0.9122573733329773,319,125,585,332
video3.mp4,183,34,0.8160197734832764,207,52,333,298
video3.mp4,184,27,0.9154592752456665,319,125,585,332
video3.mp4,184,36,0.9125279188156128,72,15,185,332
video3.mp4,184,34,0.8635023832321167,203,52,332,300
video3.mp4,185,27,0.914122998714447,320,125,585,332
video3.mp4,185,36,0.9079297184944153,72,15,185,332
video3.mp4,185,34,0.8857499361038208,202,59,329,303
video3.mp4,186,27,0.9190157055854797,320,125,585,332
video3.mp4,186,36,0.9086817502975464,73,14,185,332
video3.mp4,186,34,0.8625855445861816,202,60,326,306
video3.mp4,187,27,0.9151743650436401,320,125,585,332
video3.mp4,187,36,0.9087663888931274,73,14,185,332
video3.mp4,187,34,0.8933249711990356,199,60,322,313
video3.mp4,188,27,0.9177285432815552,321,125,585,332
video3.mp4,188,36,0.9059959053993225,73,14,186,332
video3.mp4,188,34,0.8837060332298279,198,59,321,316
video3.mp4,189,27,0.9213231801986694,322,125,584,332
video3.mp4,189,36,0.9036357402801514,74,14,186,332
video3.mp4,189,34,0.8957674503326416,197,59,318,317
video3.mp4,190,27,0.9155416488647461,321,125,584,332
video3.mp4,190,36,0.9087275862693787,74,14,185,332
video3.mp4,190,34,0.8917312026023865,192,60,315,321
video3.mp4,191,36,0.9189063906669617,74,14,185,332
video3.mp4,191,27,0.9110226035118103,322,125,584,332
video3.mp4,191,34,0.8914907574653625,181,59,310,323
video3.mp4,192,36,0.9227460622787476,74,13,185,332
video3.mp4,192,27,0.9170818328857422,322,125,584,332
video3.mp4,192,34,0.9113202095031738,181,58,306,322
video3.mp4,193,36,0.92169588804245,74,13,183,332
video3.mp4,193,27,0.9166224598884583,322,126,584,332
video3.mp4,193,34,0.9005239009857178,175,58,297,326
video3.mp4,194,27,0.9174551367759705,321,125,584,332
video3.mp4,194,36,0.9137190580368042,74,14,179,332
video3.mp4,194,34,0.9046590924263,168,56,291,327
video3.mp4,195,34,0.9145026206970215,160,53,287,327
video3.mp4,195,27,0.9134544134140015,322,126,584,332
video3.mp4,195,36,0.9078550338745117,74,14,180,332
video3.mp4,196,27,0.9205546975135803,322,125,583,332
video3.mp4,196,36,0.9101521968841553,73,13,180,331
video3.mp4,196,34,0.9032633900642395,151,49,281,326
video3.mp4,197,27,0.9208071827888489,322,125,583,332
video3.mp4,197,34,0.9066055417060852,140,48,278,325
video3.mp4,197,36,0.8855066299438477,74,12,178,332
video3.mp4,198,27,0.9225074052810669,322,125,583,332
video3.mp4,198,34,0.9103707671165466,130,44,273,328
video3.mp4,198,36,0.8600972890853882,74,13,176,331
video3.mp4,199,27,0.919856071472168,322,126,583,332
video3.mp4,199,34,0.906480610370636,120,39,264,330
video3.mp4,200,27,0.9147115349769592,325,126,583,332
video3.mp4,200,34,0.8613762259483337,105,15,261,330
video3.mp4,201,27,0.9066811800003052,325,125,583,332
video3.mp4,201,34,0.8446171879768372,114,22,256,332
video3.mp4,202,27,0.9106008410453796,327,124,583,332
video3.mp4,202,34,0.9056413173675537,92,14,251,332
video3.mp4,203,27,0.9213798642158508,330,125,582,332
video3.mp4,203,34,0.9192485213279724,80,16,247,331
video3.mp4,204,34,0.9254598617553711,70,16,240,331
video3.mp4,204,27,0.9192182421684265,331,125,583,332
video3.mp4,205,34,0.9349759817123413,62,14,233,331
video3.mp4,205,27,0.9163342118263245,331,125,583,332
video3.mp4,205,41,0.7976527214050293,216,43,319,255
video3.mp4,206,34,0.9228846430778503,49,15,227,332
video3.mp4,206,27,0.9177237153053284,331,124,583,332
video3.mp4,206,41,0.804265558719635,212,43,323,287
video3.mp4,207,34,0.9222491979598999,39,14,217,332
video3.mp4,207,27,0.9184194207191467,328,124,583,332
video3.mp4,208,34,0.9236010313034058,26,12,206,332
video3.mp4,208,27,0.9207454323768616,329,125,583,332
video3.mp4,209,27,0.9211933016777039,329,124,583,332
video3.mp4,209,34,0.9015410542488098,14,7,193,331
video3.mp4,210,34,0.9234678149223328,1,1,177,332
video3.mp4,210,27,0.9218196868896484,327,125,583,332
video3.mp4,211,27,0.9234312176704407,327,124,583,332
video3.mp4,211,34,0.8891939520835876,0,0,179,332
video3.mp4,211,41,0.7523756623268127,199,43,311,293
video3.mp4,212,27,0.9215840101242065,319,124,583,332
video3.mp4,212,34,0.8739845752716064,0,2,145,332
video3.mp4,212,41,0.8293154835700989,200,43,300,294
video3.mp4,213,34,0.9212716817855835,0,2,131,332
video3.mp4,213,27,0.9180815815925598,323,125,583,332
video3.mp4,214,34,0.9189648628234863,0,1,117,331
video3.mp4,214,27,0.9172972440719604,318,124,583,332
video3.mp4,214,36,0.8706790804862976,84,15,185,329
video3.mp4,215,27,0.9193882942199707,318,126,583,332
video3.mp4,215,36,0.8833701014518738,82,15,185,330
video3.mp4,215,34,0.8663780093193054,0,4,111,330
video3.mp4,216,27,0.9203579425811768,313,126,583,332
video3.mp4,216,34,0.8922460079193115,0,16,105,331
video3.mp4,216,36,0.8898822665214539,79,16,186,331
video3.mp4,216,41,0.7707446813583374,199,49,300,295
video3.mp4,217,27,0.9213764071464539,314,126,583,332
video3.mp4,217,36,0.9098851680755615,78,16,186,331
video3.mp4,218,36,0.9153358340263367,78,15,186,331
video3.mp4,218,27,0.9144460558891296,311,126,583,332
video3.mp4,218,41,0.7635485529899597,199,59,300,295
video3.mp4,219,36,0.9190572500228882,78,15,185,332
video3.mp4,219,27,0.9103922247886658,312,126,583,332
video3.mp4,220,36,0.919219434261322,79,15,185,332
video3.mp4,220,27,0.9130597114562988,313,126,583,332
video3.mp4,221,27,0.9183060526847839,310,125,583,332
video3.mp4,221,36,0.9154709577560425,79,14,191,333
video3.mp4,222,27,0.9200094938278198,311,125,583,332
video3.mp4,222,36,0.9141136407852173,79,14,191,333
video3.mp4,223,27,0.9192438721656799,310,125,583,332
video3.mp4,223,36,0.9114441275596619,79,14,191,333
video3.mp4,224,27,0.9192076325416565,310,126,583,332
video3.mp4,224,36,0.914573609828949,79,15,192,333
video3.mp4,225,27,0.9196499586105347,310,126,583,332
video3.mp4,225,36,0.9156609177589417,79,15,192,333
video3.mp4,226,27,0.9190691709518433,310,125,583,332
video3.mp4,226,36,0.9115759134292603,79,15,191,333
video3.mp4,227,27,0.9199441075325012,310,126,583,332
video3.mp4,227,36,0.909019947052002,79,15,190,333
video3.mp4,228,27,0.9204438924789429,310,125,583,332
video3.mp4,228,36,0.9060625433921814,79,14,191,333
video3.mp4,229,27,0.9193199872970581,310,125,583,332
video3.mp4,229,36,0.910115659236908,79,14,191,333
video3.mp4,230,27,0.9190954566001892,311,125,583,332
video3.mp4,230,36,0.90398108959198,79,14,189,333
video3.mp4,231,36,0.9209569096565247,79,15,184,332
video3.mp4,231,27,0.919721245765686,316,126,583,332
video3.mp4,232,36,0.9209561347961426,80,15,183,332
video3.mp4,232,27,0.9198307394981384,317,126,583,332
video3.mp4,233,36,0.9232826232910156,80,15,184,332
video3.mp4,233,27,0.919208824634552,316,126,583,332
video3.mp4,233,41,0.8425517082214355,199,62,300,300
video3.mp4,234,36,0.9237886667251587,79,15,184,332
video3.mp4,234,27,0.9189701676368713,316,126,583,332
video3.mp4,234,41,0.8435676693916321,199,61,299,303
video3.mp4,235,36,0.9200658202171326,79,15,184,332
video3.mp4,235,27,0.9192029237747192,315,126,583,332
video3.mp4,235,41,0.7981141209602356,200,58,301,303
video3.mp4,236,27,0.9190346002578735,315,126,583,332
video3.mp4,236,36,0.9177253246307373,79,15,185,332
video3.mp4,237,27,0.9180148839950562,313,126,583,332
video3.mp4,237,36,0.9160842299461365,79,15,186,332
video3.mp4,237,41,0.8537032604217529,202,59,309,307
video3.mp4,238,27,0.9176124930381775,312,126,583,332
video3.mp4,238,36,0.9109009504318237,79,15,187,332
video3.mp4,238,41,0.8728017210960388,200,59,301,308
video3.mp4,239,27,0.9166085720062256,314,126,583,332
video3.mp4,239,36,0.910610556602478,79,15,186,332
video3.mp4,239,41,0.845341682434082,200,62,304,312
video3.mp4,240,27,0.9161961078643799,314,126,584,332
video3.mp4,240,36,0.9094746708869934,80,15,186,332
video3.mp4,240,41,0.7855798006057739,199,59,323,317
video3.mp4,241,36,0.9181792736053467,80,15,186,333
video3.mp4,241,27,0.9159038662910461,311,126,583,332
video3.mp4,241,41,0.8603602647781372,197,58,307,322
video3.mp4,242,27,0.9161774516105652,310,126,583,332
video3.mp4,242,36,0.9118323922157288,81,15,185,333
video3.mp4,242,41,0.8567587733268738,194,57,307,324
video3.mp4,243,36,0.9082659482955933,81,15,185,333
video3.mp4,243,27,0.9076529741287231,308,126,583,332
video3.mp4,243,41,0.7542916536331177,192,57,310,331
video3.mp4,244,27,0.9143487215042114,313,126,583,332
video3.mp4,244,36,0.9135783314704895,81,15,185,332
video3.mp4,244,41,0.7917726635932922,187,65,310,331
video3.mp4,245,27,0.9134331941604614,313,126,583,332
video3.mp4,245,36,0.9108118414878845,81,14,185,333
video3.mp4,245,41,0.8775480389595032,183,65,306,332
video3.mp4,246,27,0.9137353897094727,314,126,583,332
video3.mp4,246,36,0.9123401045799255,82,15,185,332
video3.mp4,246,41,0.850747287273407,178,65,299,331
video3.mp4,247,27,0.9133803844451904,314,126,583,332
video3.mp4,247,36,0.8956333994865417,82,15,185,332
video3.mp4,247,41,0.8378583788871765,174,62,291,330
video3.mp4,248,27,0.9098296761512756,314,126,583,332
video3.mp4,248,41,0.7719062566757202,169,60,286,327
video3.mp4,249,27,0.9115123152732849,315,126,583,332
video3.mp4,249,41,0.741096019744873,158,60,287,330
video3.mp4,250,27,0.9007818102836609,315,126,583,332
video3.mp4,250,41,0.7933233380317688,146,55,289,329
video3.mp4,251,27,0.894636869430542,313,125,583,332
video3.mp4,251,41,0.8695672154426575,138,49,285,332
video3.mp4,252,27,0.904172420501709,316,125,583,332
video3.mp4,252,41,0.9037866592407227,128,46,281,332
video3.mp4,253,27,0.9056382179260254,310,125,584,332
video3.mp4,253,41,0.8548817038536072,117,40,273,332
video3.mp4,254,27,0.9077678322792053,309,125,583,332
video3.mp4,254,41,0.7952033281326294,107,24,265,332
video3.mp4,255,27,0.9117454290390015,307,125,583,332
video3.mp4,255,41,0.8429681062698364,104,16,258,331
video3.mp4,256,27,0.9132077097892761,306,125,583,332
video3.mp4,256,41,0.8784318566322327,89,15,244,332
video3.mp4,257,27,0.9131104946136475,309,125,583,332
video3.mp4,257,41,0.8876607418060303,88,15,235,332
video3.mp4,258,27,0.9186387062072754,310,125,583,332
video3.mp4,258,41,0.9149366021156311,83,15,231,333
video3.mp4,259,27,0.9191191792488098,313,125,583,332
video3.mp4,259,41,0.9152836203575134,78,15,228,332
video3.mp4,260,27,0.9171465039253235,311,124,583,332
video3.mp4,260,41,0.9049223065376282,68,13,228,332
video3.mp4,261,41,0.9240114092826843,61,9,218,332
video3.mp4,261,27,0.9236479997634888,314,125,583,332
video3.mp4,262,27,0.9214649796485901,315,125,583,332
video3.mp4,262,41,0.8968328833580017,56,8,214,332
video3.mp4,262,43,0.8763588666915894,195,56,296,324
video3.mp4,263,27,0.9218424558639526,322,125,583,332
video3.mp4,263,41,0.9083369374275208,47,5,208,332
video3.mp4,263,43,0.8896385431289673,191,56,294,325
video3.mp4,264,27,0.9224813580513,325,126,583,332
video3.mp4,264,41,0.9169212579727173,42,4,205,331
video3.mp4,264,43,0.9018251299858093,187,55,292,326
video3.mp4,265,27,0.9227518439292908,326,124,583,332
video3.mp4,265,43,0.9091646671295166,182,54,290,326
video3.mp4,265,41,0.9070025682449341,36,1,201,331
video3.mp4,266,27,0.9255174398422241,327,125,583,332
video3.mp4,266,43,0.9123740792274475,178,53,287,326
video3.mp4,266,41,0.9016951322555542,20,2,196,331
video3.mp4,267,27,0.9248011112213135,332,125,583,332
video3.mp4,267,41,0.9174264669418335,14,1,189,331
video3.mp4,267,43,0.9164685606956482,173,53,284,327
video3.mp4,268,27,0.9263100028038025,330,125,583,332
video3.mp4,268,41,0.9144980311393738,11,1,186,332
video3.mp4,268,43,0.9119423031806946,170,52,284,326
video3.mp4,269,27,0.9251185059547424,330,125,583,332
video3.mp4,269,43,0.899994432926178,163,52,283,326
video3.mp4,269,41,0.8964827656745911,0,1,175,331
video3.mp4,270,27,0.9219716787338257,330,125,583,332
video3.mp4,270,41,0.9138669967651367,0,2,166,331
video3.mp4,270,43,0.905250608921051,160,52,282,326
video3.mp4,271,41,0.9244934916496277,0,0,155,331
video3.mp4,271,27,0.9243248105049133,327,126,583,332
video3.mp4,271,43,0.9095864295959473,160,52,281,327
video3.mp4,271,36,0.8141099214553833,85,15,191,330
video3.mp4,272,41,0.9290962219238281,0,1,144,330
video3.mp4,272,27,0.9288216233253479,328,126,583,332
video3.mp4,272,43,0.904780387878418,160,52,283,326
video3.mp4,272,36,0.7959281206130981,81,13,192,331
video3.mp4,273,27,0.9293501377105713,328,126,583,332
video3.mp4,273,41,0.9270829558372498,0,1,136,331
video3.mp4,273,43,0.899387538433075,162,51,293,326
video3.mp4,273,36,0.8279270529747009,80,14,182,331
video3.mp4,274,27,0.9313888549804688,328,126,583,332
video3.mp4,274,41,0.9259961843490601,0,1,117,332
video3.mp4,274,43,0.9066413044929504,163,52,288,326
video3.mp4,274,36,0.8507260680198669,80,15,181,331
video3.mp4,275,27,0.9302957653999329,327,126,583,332
video3.mp4,275,41,0.9134945869445801,0,0,104,332
video3.mp4,275,43,0.9132283926010132,167,52,286,326
video3.mp4,275,36,0.8677385449409485,80,15,188,331
video3.mp4,276,27,0.9276688694953918,328,126,583,332
video3.mp4,276,43,0.913713812828064,171,53,288,327
video3.mp4,276,36,0.9004049301147461,79,15,187,332
video3.mp4,277,27,0.9269059300422668,326,124,583,332
video3.mp4,277,43,0.9173516035079956,173,55,287,327
video3.mp4,277,36,0.9069077968597412,80,15,187,332
video3.mp4,278,27,0.9236747622489929,326,125,583,332
video3.mp4,278,36,0.9090982675552368,80,15,187,332
video3.mp4,278,43,0.9030714631080627,174,57,290,327
video3.mp4,279,27,0.9243201017379761,326,126,583,332
video3.mp4,279,36,0.9107771515846252,80,15,187,332
video3.mp4,279,43,0.8945748209953308,176,59,288,327
video3.mp4,280,27,0.9194031953811646,325,125,583,332
video3.mp4,280,36,0.9111303687095642,80,15,187,332
video3.mp4,280,43,0.8942078948020935,177,61,286,327
video3.mp4,281,27,0.9234286546707153,324,125,583,332
video3.mp4,281,36,0.9047505259513855,80,16,189,333
video3.mp4,281,43,0.8771291375160217,176,62,283,327
video3.mp4,282,27,0.9233818054199219,323,125,583,332
video3.mp4,282,43,0.9039844870567322,177,64,284,327
video3.mp4,282,36,0.9036466479301453,80,16,189,333
video3.mp4,283,27,0.9242877960205078,324,125,583,332
video3.mp4,283,36,0.9078077077865601,80,15,190,333
video3.mp4,283,43,0.8916353583335876,176,66,283,327
video3.mp4,284,27,0.9223599433898926,324,125,583,332
video3.mp4,284,36,0.9068557620048523,80,15,189,333
video3.mp4,284,43,0.8912780284881592,177,68,284,327
video3.mp4,285,27,0.923458993434906,323,125,583,332
video3.mp4,285,36,0.9081025123596191,80,16,189,333
video3.mp4,285,43,0.8977364897727966,177,71,283,327
video3.mp4,286,27,0.9239492416381836,324,125,583,332
video3.mp4,286,36,0.9110444188117981,80,16,189,333
video3.mp4,286,43,0.8736134767532349,177,73,281,327
video3.mp4,287,27,0.9202513098716736,321,125,583,332
video3.mp4,287,36,0.9146071672439575,79,15,189,332
video3.mp4,287,43,0.8890172839164734,177,75,283,327
video3.mp4,288,36,0.922458291053772,79,15,189,332
video3.mp4,288,27,0.919774055480957,324,125,583,332
video3.mp4,288,43,0.8549398183822632,177,77,283,327
video3.mp4,289,36,0.9304004907608032,79,15,189,332
video3.mp4,289,27,0.9184012413024902,324,125,583,332
video3.mp4,289,43,0.840980052947998,177,78,278,328
video3.mp4,290,36,0.9174542427062988,79,15,189,332
video3.mp4,290,27,0.9135894775390625,318,125,583,332
video3.mp4,290,43,0.8399253487586975,177,78,281,328
video3.mp4,291,36,0.9318356513977051,80,14,192,332
video3.mp4,291,27,0.9147951006889343,316,125,584,332
video3.mp4,291,43,0.8524103760719299,177,79,280,328
video3.mp4,292,36,0.9278961420059204,80,14,191,332
video3.mp4,292,27,0.9173794984817505,317,125,584,332
video3.mp4,292,43,0.8557275533676147,177,78,280,328
video3.mp4,293,36,0.9166975021362305,80,15,191,332
video3.mp4,293,27,0.915712833404541,313,125,584,332
video3.mp4,293,43,0.8523123264312744,177,78,281,328
video3.mp4,294,36,0.9168584942817688,80,15,192,333
video3.mp4,294,27,0.9152550101280212,313,125,584,332
video3.mp4,294,43,0.8826094269752502,178,76,284,327
video3.mp4,295,27,0.9163018465042114,314,125,584,332
video3.mp4,295,36,0.9162597060203552,80,15,192,333
video3.mp4,295,43,0.8839234113693237,179,74,285,327
video3.mp4,296,27,0.9160071015357971,313,125,584,332
video3.mp4,296,36,0.9148904085159302,80,14,191,333
video3.mp4,296,43,0.8926197290420532,179,71,289,327
video3.mp4,297,27,0.9182201623916626,316,125,584,332
video3.mp4,297,36,0.9168751239776611,80,14,192,333
video3.mp4,297,43,0.9063820838928223,179,64,291,327
video3.mp4,298,27,0.918717086315155,316,125,584,332
video3.mp4,298,36,0.9147878289222717,80,14,192,333
video3.mp4,298,43,0.8915094137191772,179,61,292,327
video3.mp4,299,27,0.9185457229614258,316,125,584,332
video3.mp4,299,36,0.9127689003944397,80,14,192,333
video3.mp4,299,43,0.9122633337974548,179,60,291,326
video3.mp4,300,27,0.9202507138252258,316,125,584,332
video3.mp4,300,36,0.9100652933120728,80,14,192,333
video3.mp4,300,43,0.9084922075271606,181,60,291,326
video3.mp4,301,27,0.9187626242637634,318,125,583,332
video3.mp4,301,36,0.9107146263122559,82,14,193,333
video3.mp4,301,43,0.8953220248222351,182,59,301,324
video3.mp4,302,27,0.9186609387397766,317,125,583,332
video3.mp4,302,36,0.9069337844848633,82,14,193,333
video3.mp4,302,43,0.8756975531578064,183,57,301,325
video3.mp4,303,27,0.9187321662902832,317,125,584,332
video3.mp4,303,36,0.9032732248306274,82,15,195,333
video3.mp4,303,43,0.8761470913887024,186,56,300,325
video3.mp4,304,27,0.9198449850082397,318,125,584,331
video3.mp4,304,36,0.9054702520370483,82,15,197,333
video3.mp4,304,43,0.8429261445999146,188,55,302,327
video3.mp4,305,27,0.9201952815055847,318,125,584,331
video3.mp4,305,36,0.902849555015564,82,14,198,333
video3.mp4,305,43,0.8519315719604492,189,54,304,324
video3.mp4,306,27,0.9188032150268555,318,125,583,332
video3.mp4,306,36,0.9063482880592346,82,14,199,333
video3.mp4,306,43,0.8629668951034546,191,54,307,323
video3.mp4,307,27,0.9219841957092285,313,125,583,332
video3.mp4,307,36,0.9066573977470398,82,15,200,333
video3.mp4,307,43,0.8855610489845276,190,53,305,325
video3.mp4,308,27,0.9213424921035767,312,125,584,332
video3.mp4,308,36,0.8959234356880188,81,15,200,333
video3.mp4,308,43,0.888675332069397,192,53,305,323
video3.mp4,309,27,0.9231855869293213,312,125,584,332
video3.mp4,309,36,0.8934877514839172,81,14,198,333
video3.mp4,309,43,0.8770344257354736,192,52,306,323
video3.mp4,310,27,0.9230297803878784,310,126,584,332
video3.mp4,310,36,0.9005142450332642,81,15,196,333
video3.mp4,310,43,0.8870192170143127,193,52,307,323
video3.mp4,311,27,0.923524022102356,310,125,584,332
video3.mp4,311,36,0.912654459476471,81,16,193,332
video3.mp4,311,43,0.8534157276153564,193,52,315,324
video3.mp4,312,27,0.9226869344711304,310,125,584,332
video3.mp4,312,36,0.9129210710525513,81,17,193,332
video3.mp4,312,43,0.8670654892921448,192,52,310,325
video3.mp4,313,27,0.9236268401145935,310,125,584,332
video3.mp4,313,36,0.9105775356292725,81,17,193,332
video3.mp4,313,43,0.8614182472229004,191,52,307,326
video3.mp4,314,27,0.9256798624992371,311,125,584,332
video3.mp4,314,36,0.9123642444610596,81,17,192,332
video3.mp4,314,43,0.8620460629463196,191,52,305,327
video3.mp4,315,27,0.9267697334289551,314,126,584,332
video3.mp4,315,36,0.9097853899002075,82,17,193,332
video3.mp4,315,43,0.880491316318512,190,52,306,327
video3.mp4,316,27,0.9236294627189636,315,126,584,332
video3.mp4,316,36,0.9045604467391968,82,17,194,332
video3.mp4,316,43,0.8824273943901062,187,51,304,326
video3.mp4,317,27,0.9223799109458923,318,126,584,332
video3.mp4,317,36,0.9008945822715759,82,17,194,332
video3.mp4,317,43,0.8959119319915771,186,51,303,325
video3.mp4,318,27,0.9236922264099121,322,125,584,332
video3.mp4,318,43,0.9020993113517761,185,52,301,327
video3.mp4,318,36,0.8980703949928284,82,17,193,332
video3.mp4,319,27,0.9241209626197815,324,126,584,332
video3.mp4,319,36,0.9076173305511475,82,17,193,332
video3.mp4,319,43,0.9054467082023621,183,51,301,326
video3.mp4,320,27,0.9277088642120361,326,125,584,332
video3.mp4,320,36,0.901837944984436,82,17,192,332
video3.mp4,320,43,0.9012773036956787,180,50,302,326
video3.mp4,321,27,0.9271855354309082,325,125,584,332
video3.mp4,321,43,0.919942319393158,178,51,303,324
video3.mp4,321,36,0.9198429584503174,82,17,183,332
video3.mp4,322,27,0.9282703399658203,329,125,584,332
video3.mp4,322,36,0.9189451932907104,82,17,182,332
video3.mp4,322,43,0.917097270488739,176,50,303,325
video3.mp4,323,27,0.9264357686042786,330,126,584,332
video3.mp4,323,36,0.9166191816329956,82,17,182,332
video3.mp4,323,43,0.9099783301353455,173,51,304,325
video3.mp4,324,27,0.9322403073310852,334,125,583,332
video3.mp4,324,43,0.9214662909507751,169,50,302,325
video3.mp4,324,36,0.9142381548881531,83,17,184,332
video3.mp4,325,27,0.9307090044021606,334,125,583,332
video3.mp4,325,43,0.9106883406639099,165,50,302,325
video3.mp4,326,27,0.9292691946029663,334,126,583,332
video3.mp4,326,43,0.9011911153793335,159,49,301,326
video3.mp4,327,27,0.9291989207267761,330,126,583,332
video3.mp4,327,43,0.9176580905914307,156,48,298,328
video3.mp4,328,27,0.9286169409751892,330,125,583,332
video3.mp4,328,43,0.8850124478340149,146,48,296,329
video3.mp4,329,27,0.9315847754478455,328,126,583,332
video3.mp4,329,43,0.8979255557060242,145,47,293,331
video3.mp4,330,27,0.9299439787864685,329,125,584,332
video3.mp4,330,43,0.9066330790519714,137,46,290,330
video3.mp4,331,27,0.9165858030319214,333,125,583,332
video3.mp4,331,43,0.9037028551101685,131,45,285,331
video3.mp4,332,27,0.9193342924118042,325,125,583,332
video3.mp4,332,43,0.9139978289604187,125,45,279,330
video3.mp4,333,27,0.9177020788192749,324,125,583,332
video3.mp4,333,43,0.8974053859710693,119,43,272,331
video3.mp4,334,27,0.9211033582687378,318,125,583,332
video3.mp4,334,43,0.8950887322425842,110,42,265,331
video3.mp4,335,27,0.9154910445213318,312,125,583,332
video3.mp4,335,43,0.9090300798416138,102,42,258,332
video3.mp4,336,27,0.9136344790458679,307,125,583,332
video3.mp4,336,43,0.9063739776611328,97,41,250,332
video3.mp4,337,43,0.9230116009712219,95,37,246,332
video3.mp4,337,27,0.9115951657295227,314,126,583,332
video3.mp4,338,27,0.9138506650924683,316,126,584,332
video3.mp4,338,43,0.8879836201667786,81,17,239,332
video3.mp4,339,27,0.9137150049209595,317,125,584,332
video3.mp4,339,43,0.9010365605354309,74,19,233,332
video3.mp4,340,43,0.9165624976158142,68,16,228,332
video3.mp4,340,27,0.9143803715705872,317,125,584,332
video3.mp4,341,27,0.9169372916221619,318,126,583,332
video3.mp4,341,43,0.8736900091171265,49,15,222,331
video3.mp4,342,27,0.9160659313201904,317,126,584,332
video3.mp4,342,43,0.8914243578910828,22,17,218,331
video3.mp4,343,43,0.9207376837730408,19,16,212,331
video3.mp4,343,27,0.9148094654083252,317,126,584,332
video3.mp4,343,48,0.8769882917404175,173,57,274,319
video3.mp4,344,43,0.9215183258056641,13,29,207,331
video3.mp4,344,27,0.914573073387146,317,126,584,332
video3.mp4,344,48,0.867638349533081,173,56,274,318
video3.mp4,345,27,0.9137178659439087,316,125,584,332
video3.mp4,345,43,0.9029587507247925,11,36,201,331
video3.mp4,345,48,0.8629902601242065,173,56,274,318
video3.mp4,346,43,0.927301824092865,0,37,196,331
video3.mp4,346,27,0.9132688045501709,313,125,584,332
video3.mp4,346,48,0.8439677953720093,170,56,274,322
video3.mp4,347,43,0.9204263091087341,0,38,188,331
video3.mp4,347,27,0.9137802720069885,314,125,584,332
video3.mp4,347,48,0.8526058197021484,168,56,273,324
video3.mp4,348,27,0.9157776832580566,315,125,584,332
video3.mp4,348,43,0.9148414134979248,0,38,181,332
video3.mp4,348,48,0.8542688488960266,168,56,272,323
video3.mp4,349,27,0.91771399974823,314,125,584,332
video3.mp4,349,43,0.9108640551567078,0,35,168,332
video3.mp4,349,48,0.8631158471107483,170,56,272,322
video3.mp4,350,43,0.9286569952964783,0,36,160,331
video3.mp4,350,27,0.9172317385673523,314,125,584,332
video3.mp4,350,50,0.9090468287467957,96,16,223,333
video3.mp4,350,48,0.8601276874542236,171,56,273,323
video3.mp4,351,50,0.9350385069847107,96,15,225,332
video3.mp4,351,43,0.9350236654281616,0,32,149,331
video3.mp4,351,27,0.9153401255607605,315,125,583,332
video3.mp4,351,48,0.8425987362861633,172,57,272,323
video3.mp4,352,43,0.9311379790306091,0,29,136,331
video3.mp4,352,50,0.9248038530349731,96,15,223,332
video3.mp4,352,27,0.913442075252533,313,125,584,332
video3.mp4,352,48,0.8570765852928162,172,57,273,324
video3.mp4,353,50,0.9345057010650635,96,15,223,332
video3.mp4,353,43,0.9313936233520508,0,27,124,330
video3.mp4,353,27,0.9151486754417419,314,125,584,332
video3.mp4,353,48,0.8676192760467529,172,57,272,324
video3.mp4,354,43,0.9191994667053223,0,26,111,329
video3.mp4,354,27,0.9182936549186707,316,124,583,332
video3.mp4,354,50,0.9120422601699829,96,15,222,332
video3.mp4,354,48,0.869994580745697,172,57,273,320
video3.mp4,355,27,0.9163205623626709,315,125,584,332
video3.mp4,355,50,0.8996644616127014,95,15,219,332
video3.mp4,355,48,0.882455587387085,173,57,274,317
video3.mp4,356,27,0.9177568554878235,316,125,584,332
video3.mp4,356,50,0.8836458325386047,96,15,217,332
video3.mp4,356,48,0.8831151127815247,172,57,275,317
video3.mp4,357,27,0.9141382575035095,316,125,584,332
video3.mp4,357,48,0.8777180910110474,172,56,275,317
video3.mp4,357,50,0.8689476847648621,96,15,218,332
video3.mp4,358,27,0.9137340784072876,315,125,584,331
video3.mp4,358,48,0.8854139447212219,172,56,275,316
video3.mp4,358,50,0.8636927604675293,95,13,217,333
video3.mp4,359,27,0.9147871136665344,315,125,584,331
video3.mp4,359,48,0.881631076335907,172,56,277,316
video3.mp4,359,50,0.8599657416343689,96,14,214,332
video3.mp4,360,27,0.9150463938713074,315,125,584,331
video3.mp4,360,48,0.8890092968940735,173,56,276,316
video3.mp4,360,50,0.8845641016960144,96,14,213,332
video3.mp4,361,27,0.9082992076873779,312,125,584,331
video3.mp4,361,48,0.8939852714538574,173,55,275,315
video3.mp4,361,50,0.8841149210929871,96,14,212,333
video3.mp4,362,27,0.9058370590209961,312,126,584,331
video3.mp4,362,48,0.8897660970687866,172,55,274,315
video3.mp4,362,50,0.8886046409606934,96,12,209,332
video3.mp4,363,27,0.9047287702560425,310,125,584,331
video3.mp4,363,50,0.8922575116157532,97,12,205,332
video3.mp4,363,48,0.8882587552070618,171,55,273,316
video3.mp4,364,27,0.9068660736083984,311,126,584,331
video3.mp4,364,50,0.8981299996376038,97,12,205,332
video3.mp4,364,48,0.890957772731781,170,55,274,316
video3.mp4,365,27,0.9089005589485168,312,126,584,332
video3.mp4,365,50,0.8979960083961487,97,12,203,332
video3.mp4,365,48,0.8927190899848938,170,55,274,317
video3.mp4,366,27,0.9101793766021729,312,125,584,332
video3.mp4,366,50,0.890940248966217,97,12,201,332
video3.mp4,366,48,0.8883933424949646,170,55,274,317
video3.mp4,367,27,0.9106428623199463,313,125,584,332
video3.mp4,367,50,0.8878653645515442,97,12,199,333
video3.mp4,367,48,0.8792557716369629,170,55,274,318
video3.mp4,368,27,0.9124300479888916,314,125,584,332
video3.mp4,368,50,0.8900134563446045,96,13,199,333
video3.mp4,368,48,0.8714153170585632,169,55,274,318
video3.mp4,369,27,0.9109048247337341,313,125,584,332
video3.mp4,369,50,0.8874441981315613,96,13,196,333
video3.mp4,369,48,0.8784489035606384,169,55,276,318
video3.mp4,370,27,0.9122205972671509,314,125,584,332
video3.mp4,370,48,0.8686078190803528,168,55,275,316
video3.mp4,371,27,0.9121861457824707,314,126,584,332
video3.mp4,371,48,0.8655303716659546,168,56,274,318
video3.mp4,372,27,0.9121586084365845,313,126,584,332
video3.mp4,372,48,0.864945650100708,168,56,275,318
video3.mp4,373,27,0.9120585322380066,313,126,584,332
video3.mp4,373,48,0.8642502427101135,169,56,275,319
video3.mp4,374,27,0.9109549522399902,312,126,584,332
video3.mp4,374,48,0.8744188547134399,168,55,274,320
video3.mp4,375,27,0.911361038684845,312,126,584,332
video3.mp4,375,48,0.8830868601799011,168,55,273,319
video3.mp4,376,27,0.9122504591941833,311,126,584,332
video3.mp4,376,48,0.8866369724273682,167,55,273,320
video3.mp4,377,27,0.9135326743125916,312,126,584,332
video3.mp4,377,48,0.8939509987831116,167,55,272,321
video3.mp4,378,27,0.9129772782325745,311,126,584,332
video3.mp4,378,48,0.8840879201889038,165,55,272,321
video3.mp4,379,27,0.9141843914985657,314,126,584,332
video3.mp4,379,48,0.8945358991622925,164,55,272,321
video3.mp4,380,27,0.9144943356513977,314,126,584,332
video3.mp4,380,48,0.8934740424156189,163,55,272,321
video3.mp4,381,27,0.9182093143463135,317,125,584,332
video3.mp4,381,48,0.8754950165748596,161,56,276,320
video3.mp4,382,27,0.9184893369674683,316,125,584,332
video3.mp4,382,48,0.8706589937210083,160,56,278,320
video3.mp4,383,27,0.9180875420570374,316,125,584,332
video3.mp4,383,48,0.8811306357383728,159,56,278,324
video3.mp4,384,27,0.9170467257499695,316,125,584,332
video3.mp4,384,48,0.874699592590332,160,56,279,324
video3.mp4,385,27,0.91698157787323,316,125,584,332
video3.mp4,385,48,0.8828983306884766,161,59,281,323
video3.mp4,386,27,0.9166203737258911,316,125,584,332
video3.mp4,386,48,0.8979532122612,162,61,275,323
video3.mp4,386,50,0.7504453063011169,88,14,242,333
video3.mp4,387,27,0.9159083962440491,316,125,584,332
video3.mp4,387,48,0.8968468904495239,164,65,275,323
video3.mp4,387,50,0.6598508954048157,88,14,195,332
video3.mp4,388,27,0.9169170260429382,316,125,584,332
video3.mp4,388,48,0.8951557278633118,167,65,276,324
video3.mp4,389,27,0.9164156913757324,316,125,584,332
video3.mp4,389,48,0.8745256066322327,172,73,274,325
video3.mp4,390,27,0.9164764285087585,315,125,584,332
video3.mp4,391,27,0.9137430191040039,316,126,584,332
video3.mp4,391,50,0.8729243278503418,88,15,190,333
video3.mp4,391,48,0.8701944947242737,172,87,272,327
video3.mp4,392,27,0.9147604703903198,316,126,584,332
video3.mp4,392,50,0.8711581230163574,88,15,189,333
video3.mp4,392,48,0.8406199812889099,173,83,273,327
video3.mp4,393,27,0.9145168662071228,316,126,584,332
video3.mp4,393,48,0.8903171420097351,174,63,275,328
video3.mp4,393,50,0.8845335841178894,88,15,188,333
video3.mp4,394,27,0.9150950908660889,316,126,584,332
video3.mp4,394,50,0.8916803002357483,87,15,187,333
video3.mp4,394,48,0.8783549070358276,174,63,278,328
video3.mp4,395,27,0.9158870577812195,316,126,584,332
video3.mp4,395,50,0.8746610879898071,87,15,188,333
video3.mp4,395,48,0.8478671908378601,174,64,279,327
video3.mp4,396,27,0.9150345921516418,316,126,584,332
video3.mp4,396,50,0.8767226934432983,87,15,187,333
video3.mp4,396,48,0.8378802537918091,174,64,279,327
video3.mp4,397,27,0.9153521060943604,316,126,584,332
video3.mp4,397,48,0.8746498227119446,174,64,279,328
video3.mp4,398,27,0.9148112535476685,316,126,584,332
video3.mp4,398,48,0.8660392761230469,174,64,278,328
video3.mp4,398,50,0.8325973153114319,86,15,187,332
video3.mp4,399,27,0.9152618050575256,316,126,584,332
video3.mp4,399,48,0.8777250647544861,174,67,275,327
video3.mp4,400,27,0.9146905541419983,316,126,584,332
video3.mp4,400,48,0.8648366928100586,173,80,274,326
video3.mp4,401,27,0.9150910973548889,317,126,584,332
video3.mp4,401,50,0.8413529992103577,86,15,189,333
video3.mp4,402,27,0.9142546057701111,317,126,584,332
video3.mp4,402,50,0.872379720211029,86,13,192,333
video3.mp4,402,48,0.8626429438591003,170,69,270,326
video3.mp4,403,27,0.9139332175254822,317,126,584,332
video3.mp4,403,50,0.8713163733482361,85,14,191,333
video3.mp4,403,48,0.8415046334266663,170,63,279,326
video3.mp4,404,27,0.9132769703865051,317,126,584,332
video3.mp4,404,48,0.8956653475761414,169,61,272,325
video3.mp4,404,50,0.8669402003288269,86,13,191,333
video3.mp4,405,27,0.9130478501319885,317,126,584,332
video3.mp4,405,48,0.8917065262794495,167,58,273,324
video3.mp4,405,50,0.8475024700164795,86,13,192,333
video3.mp4,406,27,0.9134467244148254,317,126,584,332
video3.mp4,406,48,0.881317675113678,167,56,275,324
video3.mp4,406,50,0.8023706674575806,85,13,193,333
video3.mp4,407,27,0.9125192761421204,316,126,584,332
video3.mp4,407,48,0.8677802085876465,167,55,277,326
video3.mp4,407,50,0.705593466758728,86,14,240,332
video3.mp4,408,27,0.9130709171295166,316,126,584,332
video3.mp4,408,50,0.8839982748031616,86,14,243,333
video3.mp4,408,48,0.877985954284668,167,54,278,326
video3.mp4,409,27,0.9126466512680054,315,126,584,332
video3.mp4,409,48,0.8613554239273071,167,53,277,325
video3.mp4,409,50,0.8526506423950195,85,12,192,333
video3.mp4,410,27,0.9117225408554077,314,126,584,332
video3.mp4,410,48,0.8706421852111816,166,53,279,324
video3.mp4,410,50,0.8686758279800415,85,12,193,333
video3.mp4,411,27,0.9105575680732727,314,126,584,332
video3.mp4,411,48,0.8851866126060486,167,53,299,324
video3.mp4,411,50,0.8804409503936768,83,13,195,333
video3.mp4,412,27,0.911847710609436,315,126,584,332
video3.mp4,412,50,0.8926703333854675,81,13,196,333
video3.mp4,412,48,0.8680309057235718,167,53,292,325
video3.mp4,413,27,0.9127899408340454,316,126,584,332
video3.mp4,413,50,0.9007139801979065,80,13,197,333
video3.mp4,413,48,0.8862546682357788,167,52,297,325
video3.mp4,414,27,0.9116916656494141,314,126,584,332
video3.mp4,414,50,0.8919522166252136,80,13,194,333
video3.mp4,414,48,0.8858135342597961,167,52,296,326
video3.mp4,415,27,0.9129608869552612,315,126,584,332
video3.mp4,415,48,0.8926413059234619,167,52,296,326
video3.mp4,415,50,0.880835235118866,80,13,190,333
video3.mp4,416,27,0.9133910536766052,315,126,584,332
video3.mp4,416,48,0.8913915753364563,168,52,297,326
video3.mp4,416,50,0.8785581588745117,82,13,191,333
video3.mp4,417,27,0.9136722087860107,315,126,584,332
video3.mp4,417,48,0.8840819597244263,168,52,294,327
video3.mp4,417,50,0.73736172914505,83,13,231,332
video3.mp4,418,27,0.9117584228515625,315,126,584,332
video3.mp4,418,48,0.8712920546531677,167,52,291,326
video3.mp4,419,27,0.909796416759491,314,126,584,332
video3.mp4,419,48,0.87668377161026,167,52,285,327
video3.mp4,420,27,0.9083330035209656,313,126,584,332
video3.mp4,420,48,0.8864017128944397,166,52,286,327
video3.mp4,421,27,0.9090309143066406,317,125,584,332
video3.mp4,421,50,0.8835822343826294,91,13,196,333
video3.mp4,421,48,0.8796632885932922,166,52,279,326
video3.mp4,422,27,0.9081540703773499,317,125,584,332
video3.mp4,422,48,0.8897106051445007,165,52,278,327
video3.mp4,422,50,0.8820420503616333,91,12,196,333
video3.mp4,423,27,0.9078353047370911,316,125,584,332
video3.mp4,423,48,0.9030442237854004,164,52,278,327
video3.mp4,423,50,0.8688022494316101,91,13,194,333
video3.mp4,424,27,0.9057391285896301,316,125,584,332
video3.mp4,424,48,0.8735783696174622,164,51,279,328
video3.mp4,424,50,0.8716306090354919,92,12,195,333
video3.mp4,425,27,0.9119575023651123,317,125,584,332
video3.mp4,425,48,0.8843119740486145,163,51,283,329
video3.mp4,426,27,0.9120814204216003,317,125,584,332
video3.mp4,426,48,0.8899407386779785,162,50,283,330
video3.mp4,427,27,0.9137274026870728,317,125,584,332
video3.mp4,427,48,0.9007752537727356,161,50,282,330
video3.mp4,428,27,0.9139706492424011,318,125,584,332
video3.mp4,428,48,0.9039822220802307,161,49,281,329
video3.mp4,429,27,0.9140247106552124,318,125,584,332
video3.mp4,429,48,0.8880704045295715,159,49,283,329
video3.mp4,430,27,0.9143778085708618,317,125,584,332
video3.mp4,430,48,0.8855145573616028,159,48,282,329
video3.mp4,431,27,0.9102444648742676,318,125,584,332
video3.mp4,431,48,0.7894160151481628,135,48,281,328
video3.mp4,432,27,0.9136505722999573,319,125,584,332
video3.mp4,432,48,0.8349872827529907,127,47,277,328
video3.mp4,433,27,0.9136432409286499,319,125,584,332
video3.mp4,433,48,0.8639047741889954,140,47,275,329
video3.mp4,434,27,0.9109418988227844,319,125,584,332
video3.mp4,434,48,0.8600441813468933,138,48,274,330
video3.mp4,435,27,0.9129024744033813,319,125,584,332
video3.mp4,435,48,0.8839277625083923,140,47,264,330
video3.mp4,436,27,0.9132295846939087,319,125,584,332
video3.mp4,436,48,0.8988184332847595,137,48,261,331
video3.mp4,437,27,0.9140693545341492,319,125,584,332
video3.mp4,437,48,0.8962545990943909,131,50,258,332
video3.mp4,438,27,0.9145814776420593,319,125,584,332
video3.mp4,438,48,0.903205156326294,123,50,249,333
video3.mp4,439,27,0.9152085781097412,319,126,584,332
video3.mp4,439,48,0.9032089114189148,114,48,244,332
video3.mp4,440,27,0.9111859798431396,317,125,584,332
video3.mp4,440,48,0.8950895071029663,106,47,238,333
video3.mp4,441,27,0.9056336879730225,314,126,584,332
video3.mp4,441,48,0.8742514848709106,98,46,232,332
video3.mp4,442,27,0.9111673831939697,316,125,584,332
video3.mp4,442,48,0.9047533273696899,95,16,226,332
video3.mp4,443,27,0.9130744934082031,316,126,584,332
video3.mp4,443,48,0.8378815054893494,84,35,221,332
video3.mp4,444,27,0.9132123589515686,315,125,584,332
video3.mp4,444,48,0.9070377349853516,72,43,215,332
video3.mp4,445,27,0.914260983467102,316,125,584,332
video3.mp4,445,48,0.8941360116004944,67,38,207,333
video3.mp4,446,27,0.9135904908180237,311,125,584,332
video3.mp4,446,48,0.9129025936126709,54,37,203,331
video3.mp4,447,27,0.9137321710586548,309,125,584,332
video3.mp4,447,48,0.8804855942726135,38,38,192,331
video3.mp4,448,27,0.9141480922698975,310,125,584,332
video3.mp4,448,48,0.8718734979629517,32,36,184,330
video3.mp4,449,27,0.9150557518005371,311,125,584,332
video3.mp4,449,48,0.8970860838890076,14,33,170,331
video3.mp4,450,27,0.9155780076980591,308,124,584,332
video3.mp4,450,48,0.9047869443893433,4,31,162,332
video3.mp4,450,56,0.8622695207595825,105,13,220,330
video3.mp4,451,48,0.937593400478363,0,32,151,330
video3.mp4,451,56,0.9135769605636597,95,14,220,333
video3.mp4,451,27,0.9041590690612793,317,123,584,331
video3.mp4,452,48,0.9356000423431396,0,29,136,331
video3.mp4,452,56,0.9139485359191895,95,14,220,331
video3.mp4,452,27,0.8993935585021973,317,124,584,331
video3.mp4,453,48,0.9369001984596252,0,26,120,331
video3.mp4,453,27,0.9091117978096008,317,124,584,331
video3.mp4,453,56,0.9060429930686951,95,15,220,332
video3.mp4,454,48,0.9353323578834534,0,25,107,331
video3.mp4,454,27,0.9135030508041382,317,123,584,331
video3.mp4,454,56,0.9106636047363281,94,15,219,332
video3.mp4,455,27,0.9145557284355164,317,123,584,331
video3.mp4,455,56,0.9060934782028198,95,15,220,333
video3.mp4,456,27,0.9135876297950745,317,123,584,331
video3.mp4,456,56,0.9104641675949097,95,14,220,333
video3.mp4,457,27,0.9099305868148804,317,123,584,331
video3.mp4,457,56,0.9041631817817688,95,14,221,333
video3.mp4,458,56,0.9057197570800781,94,14,222,333
video3.mp4,458,27,0.9025120139122009,318,123,584,331
video3.mp4,459,56,0.9044859409332275,94,14,223,333
video3.mp4,459,27,0.8932362794876099,317,123,584,331
video3.mp4,460,56,0.9021562933921814,94,14,223,333
video3.mp4,460,27,0.8934280872344971,313,123,584,331
video3.mp4,461,27,0.9139370918273926,315,123,584,332
video3.mp4,461,56,0.9078477025032043,93,15,221,333
video3.mp4,462,27,0.9141312837600708,314,123,584,332
video3.mp4,462,56,0.899734616279602,93,15,217,333
video3.mp4,463,27,0.9118922352790833,313,123,584,332
video3.mp4,463,56,0.9080235958099365,93,15,213,333
video3.mp4,464,56,0.9134246706962585,93,14,205,333
video3.mp4,464,27,0.9109546542167664,306,123,584,332
video3.mp4,465,56,0.9119582772254944,93,14,198,333
video3.mp4,465,27,0.910253643989563,305,123,584,332
video3.mp4,466,27,0.9119645953178406,304,123,584,332
video3.mp4,466,56,0.9044515490531921,92,14,196,333
video3.mp4,467,27,0.909570038318634,304,123,584,332
video3.mp4,468,27,0.909966766834259,304,123,584,332
video3.mp4,468,56,0.86518394947052,89,14,202,332
video3.mp4,469,27,0.9094750881195068,304,123,584,332
video3.mp4,469,56,0.899798572063446,87,14,192,332
video3.mp4,470,56,0.9128791689872742,82,14,193,332
video3.mp4,470,27,0.9102779030799866,303,123,584,332
video3.mp4,471,27,0.9129006266593933,307,123,584,332
video3.mp4,471,56,0.9123898148536682,79,15,191,332
video3.mp4,472,27,0.9153958559036255,311,123,584,332
video3.mp4,472,56,0.905503511428833,77,15,192,332
video3.mp4,473,27,0.9202542304992676,314,123,584,332
video3.mp4,473,56,0.907696008682251,76,15,192,333
video3.mp4,474,27,0.9193035364151001,313,123,584,332
video3.mp4,474,56,0.89531010389328,77,15,193,332
video3.mp4,475,27,0.9143932461738586,306,123,584,332
video3.mp4,475,56,0.9072878360748291,78,15,192,333
video3.mp4,476,27,0.9179013967514038,307,123,584,332
video3.mp4,476,56,0.9118019342422485,80,15,191,333
video3.mp4,477,27,0.9155632257461548,310,123,584,332
video3.mp4,477,56,0.9092317819595337,80,15,191,332
video3.mp4,478,27,0.9171534180641174,310,123,584,332
video3.mp4,478,56,0.903617262840271,78,15,191,332
video3.mp4,479,27,0.920669674873352,313,124,584,331
video3.mp4,479,56,0.9077860713005066,78,15,191,332
video3.mp4,480,27,0.9200844764709473,313,124,585,331
video3.mp4,480,56,0.9073765277862549,77,15,191,332
video3.mp4,481,56,0.9106356501579285,77,15,191,332
video3.mp4,481,27,0.9087274670600891,311,123,584,331
video3.mp4,482,56,0.9121338129043579,77,15,192,332
video3.mp4,482,27,0.9114521145820618,306,123,584,331
video3.mp4,483,27,0.9130821228027344,303,123,584,331
video3.mp4,483,56,0.9119415879249573,77,15,192,332
video4.mp4,2,27,0.850729763507843,469,89,595,272
video4.mp4,3,27,0.8525989055633545,468,89,595,274
video4.mp4,4,55,0.9046260118484497,157,115,396,333
video4.mp4,4,27,0.8235771059989929,468,89,593,278
video4.mp4,5,55,0.907907247543335,158,115,395,333
video4.mp4,5,27,0.8205730319023132,467,88,588,281
video4.mp4,6,55,0.908315896987915,156,115,394,333
video4.mp4,6,27,0.8264132142066956,467,88,593,290
video4.mp4,7,55,0.9037532806396484,155,115,392,333
video4.mp4,7,27,0.8242689371109009,467,88,594,288
video4.mp4,8,55,0.8910331130027771,156,115,389,333
video4.mp4,8,27,0.8235258460044861,466,89,589,285
video4.mp4,9,55,0.8853649497032166,157,115,388,333
video4.mp4,9,27,0.8126306533813477,466,89,586,283
video4.mp4,10,55,0.8570694923400879,146,114,388,333
video4.mp4,10,27,0.8072165250778198,465,89,581,282
video4.mp4,11,55,0.8723227381706238,139,113,387,333
video4.mp4,11,27,0.8114145398139954,465,88,580,285
video4.mp4,12,55,0.8401215076446533,143,114,385,333
video4.mp4,12,27,0.8322354555130005,465,89,580,289
video4.mp4,13,55,0.8554971218109131,145,115,383,333
video4.mp4,13,27,0.8289046883583069,464,89,580,286
video4.mp4,14,55,0.8410568237304688,146,115,380,333
video4.mp4,14,27,0.8331030011177063,464,89,578,288
video4.mp4,15,55,0.8706548810005188,144,115,378,333
video4.mp4,15,27,0.8324010968208313,464,89,578,287
video4.mp4,16,55,0.8905243277549744,161,117,378,333
video4.mp4,16,27,0.8272501826286316,463,89,579,284
video4.mp4,17,55,0.8453388810157776,154,118,376,333
video4.mp4,17,27,0.8375850915908813,463,89,578,283
video4.mp4,18,55,0.8982094526290894,161,118,374,332
video4.mp4,18,27,0.8295031189918518,463,89,577,283
video4.mp4,19,55,0.9023005366325378,164,118,374,332
video4.mp4,19,27,0.8221412301063538,462,89,575,283
video4.mp4,20,55,0.9104579091072083,167,118,375,333
video4.mp4,20,27,0.8271609544754028,462,88,577,281
video4.mp4,21,55,0.9029682874679565,167,118,373,333
video4.mp4,21,27,0.8117273449897766,461,89,576,281
video4.mp4,22,55,0.90789395570755,166,118,371,333
video4.mp4,22,27,0.8082593679428101,461,89,576,281
video4.mp4,23,55,0.893639087677002,163,116,369,333
video4.mp4,23,27,0.7959269285202026,460,89,576,282
video4.mp4,24,55,0.8763110041618347,160,113,368,333
video4.mp4,24,27,0.8343614339828491,460,89,577,276
video4.mp4,25,55,0.8755831718444824,158,110,368,333
video4.mp4,25,27,0.839422345161438,460,89,577,274
video4.mp4,26,55,0.8719457983970642,154,111,368,332
video4.mp4,26,27,0.8521828651428223,459,89,575,273
video4.mp4,27,55,0.8685154914855957,151,112,363,333
video4.mp4,27,27,0.8496169447898865,459,89,572,273
video4.mp4,28,55,0.8747071623802185,153,115,363,333
video4.mp4,28,27,0.8526321649551392,459,90,573,272
video4.mp4,29,55,0.8936557769775391,154,114,366,333
video4.mp4,29,27,0.8504936099052429,459,90,572,272
video4.mp4,30,55,0.8921393752098083,153,115,366,333
video4.mp4,30,27,0.8295150399208069,459,90,576,273
video4.mp4,31,55,0.9053076505661011,154,114,365,333
video4.mp4,31,27,0.8249161839485168,459,90,575,273
video4.mp4,32,55,0.9142624735832214,153,116,364,333
video4.mp4,32,27,0.8256904482841492,458,91,573,274
video4.mp4,33,55,0.9089013934135437,154,116,365,333
video4.mp4,33,27,0.8142267465591431,458,91,573,274
video4.mp4,34,55,0.9094561338424683,153,118,364,333
video4.mp4,34,27,0.7942710518836975,457,90,572,278
video4.mp4,35,55,0.9021940231323242,152,118,364,332
video4.mp4,35,27,0.7893038988113403,457,90,570,277
video4.mp4,36,55,0.8799099922180176,147,119,363,333
video4.mp4,36,27,0.793724775314331,456,90,569,277
video4.mp4,37,55,0.8865544199943542,147,118,362,333
video4.mp4,37,27,0.8010634779930115,456,91,568,273
video4.mp4,38,55,0.8941082954406738,147,121,361,334
video4.mp4,38,27,0.7999137043952942,455,90,565,275
video4.mp4,39,55,0.8936936259269714,146,122,360,334
video4.mp4,39,27,0.7955102920532227,455,91,565,275
video4.mp4,40,55,0.8795068860054016,138,122,359,334
video4.mp4,40,27,0.7839254140853882,454,91,564,275
video4.mp4,41,55,0.8862164616584778,127,121,358,334
video4.mp4,41,27,0.7750093340873718,454,91,563,275
video4.mp4,42,55,0.8893676996231079,142,120,358,333
video4.mp4,42,27,0.7700273394584656,453,91,562,275
video4.mp4,43,55,0.8855480551719666,143,121,359,333
video4.mp4,43,27,0.7591883540153503,453,91,563,272
video4.mp4,44,55,0.9041868448257446,143,121,356,334
video4.mp4,44,27,0.7113952040672302,453,91,562,273
video4.mp4,45,55,0.8954203724861145,140,122,355,333
video4.mp4,45,27,0.7079547047615051,453,91,560,272
video4.mp4,46,55,0.8980752825737,142,120,354,333
video4.mp4,47,55,0.8800116181373596,137,120,353,333
video4.mp4,47,27,0.7340545654296875,453,92,561,272
video4.mp4,48,55,0.8547698855400085,131,117,353,333
video4.mp4,49,55,0.8879052996635437,117,110,352,333
video4.mp4,50,55,0.8974101543426514,128,109,351,333
video4.mp4,51,55,0.8918055295944214,130,108,349,333
video4.mp4,52,55,0.9097099900245667,137,115,348,333
video4.mp4,53,55,0.9112662076950073,137,118,347,333
video4.mp4,54,55,0.9132285714149475,136,111,345,333
video4.mp4,55,55,0.9118185043334961,135,108,344,333
video4.mp4,56,55,0.915328323841095,132,110,344,333
video4.mp4,57,55,0.8980792760848999,130,117,342,333
video4.mp4,58,55,0.8953350186347961,128,121,338,333
video4.mp4,59,55,0.9109833240509033,130,122,337,333
video4.mp4,60,55,0.9093164801597595,129,122,336,333
video4.mp4,60,27,0.8202478289604187,449,93,549,273
video4.mp4,61,55,0.9077475070953369,130,122,336,333
video4.mp4,62,55,0.9027209281921387,128,123,335,333
video4.mp4,63,55,0.9029584527015686,127,122,333,333
video4.mp4,64,55,0.900280237197876,125,121,333,333
video4.mp4,65,55,0.8936055898666382,123,121,331,333
video4.mp4,66,55,0.8894609808921814,118,121,330,333
video4.mp4,67,55,0.899563729763031,115,121,329,333
video4.mp4,68,55,0.8978675007820129,110,121,329,333
video4.mp4,69,55,0.8702365756034851,110,121,328,333
video4.mp4,69,27,0.789278507232666,445,92,545,274
video4.mp4,70,55,0.901957094669342,120,121,328,333
video4.mp4,70,27,0.7801953554153442,445,91,545,273
video4.mp4,71,55,0.9014700651168823,120,120,327,333
video4.mp4,71,27,0.7622292041778564,445,91,546,274
video4.mp4,72,55,0.8973768353462219,121,120,326,333
video4.mp4,72,27,0.770156741142273,444,91,545,274
video4.mp4,73,55,0.9003514647483826,120,120,326,333
video4.mp4,74,55,0.8991811275482178,118,120,324,332
video4.mp4,75,55,0.9016438722610474,118,120,324,333
video4.mp4,76,55,0.9152837991714478,117,122,321,333
video4.mp4,77,55,0.9169420599937439,116,121,320,333
video4.mp4,78,55,0.9113349914550781,116,121,317,333
video4.mp4,79,55,0.90703284740448,114,121,316,333
video4.mp4,80,55,0.9013792872428894,113,122,314,333
video4.mp4,80,27,0.7549824714660645,441,91,541,272
video4.mp4,81,55,0.885202944278717,111,123,308,333
video4.mp4,82,55,0.8652092814445496,109,122,306,333
video4.mp4,83,55,0.8690067529678345,80,122,305,333
video4.mp4,84,55,0.8634212613105774,79,122,303,333
video4.mp4,85,55,0.8918077945709229,103,123,302,333
video4.mp4,86,55,0.884879469871521,98,123,298,333
video4.mp4,87,55,0.8990882039070129,103,124,297,334
video4.mp4,88,55,0.8963937759399414,101,124,295,334
video4.mp4,89,55,0.9013944864273071,99,124,294,333
video4.mp4,90,55,0.9159494638442993,97,124,291,333
video4.mp4,91,55,0.9169672727584839,96,125,290,333
video4.mp4,92,55,0.9145994186401367,94,126,289,333
video4.mp4,93,55,0.9140726327896118,94,128,287,333
video4.mp4,94,55,0.9009693264961243,94,130,284,333
video4.mp4,95,55,0.8968754410743713,94,131,281,332
video4.mp4,96,55,0.8705130815505981,92,132,282,333
video4.mp4,97,55,0.8750718832015991,92,133,278,332
video4.mp4,98,55,0.8850902318954468,93,133,279,333
video4.mp4,98,62,0.829258143901825,494,121,595,330
video4.mp4,99,62,0.8769729733467102,492,119,595,329
video4.mp4,99,55,0.8749520182609558,92,133,275,333
video4.mp4,100,55,0.8687579035758972,93,131,275,333
video4.mp4,100,62,0.8505842089653015,491,120,595,328
video4.mp4,101,62,0.8963412046432495,489,119,595,330
video4.mp4,101,55,0.8699551820755005,91,131,272,333
video4.mp4,102,62,0.9052726626396179,488,119,595,331
video4.mp4,102,55,0.8236988186836243,89,132,277,332
video4.mp4,103,62,0.8926950693130493,486,118,595,330
video4.mp4,103,55,0.8515397310256958,88,131,288,332
video4.mp4,104,62,0.8973022699356079,483,118,595,331
video4.mp4,104,55,0.8580031991004944,86,132,289,332
video4.mp4,105,62,0.911430835723877,482,119,595,331
video4.mp4,105,55,0.8320556879043579,85,132,264,332
video4.mp4,106,62,0.9254198670387268,480,118,595,332
video4.mp4,106,55,0.79738450050354,83,133,289,332
video4.mp4,107,62,0.9244867563247681,479,118,595,332
video4.mp4,107,55,0.8556762337684631,82,131,255,332
video4.mp4,108,62,0.9142703413963318,477,118,595,332
video4.mp4,108,55,0.8368974328041077,80,132,282,332
video4.mp4,109,62,0.9103789925575256,475,117,595,332
video4.mp4,109,55,0.8648737072944641,78,132,281,333
video4.mp4,110,62,0.9020561575889587,473,118,595,332
video4.mp4,110,55,0.8812649846076965,75,133,281,332
video4.mp4,111,62,0.9065322279930115,472,117,595,331
video4.mp4,111,55,0.8855781555175781,71,132,276,333
video4.mp4,112,62,0.9172526001930237,470,117,595,332
video4.mp4,112,55,0.8950308561325073,70,132,276,333
video4.mp4,113,62,0.9164324998855591,468,117,595,332
video4.mp4,113,55,0.8970649838447571,69,132,273,333
video4.mp4,114,62,0.9196056723594666,467,117,595,332
video4.mp4,114,55,0.8980329036712646,68,132,272,333
video4.mp4,115,62,0.9131057262420654,465,117,595,332
video4.mp4,115,55,0.8940485119819641,66,133,269,332
video4.mp4,116,62,0.9009494781494141,463,117,595,331
video4.mp4,116,55,0.8731546401977539,64,133,268,332
video4.mp4,117,62,0.9046704173088074,461,117,595,329
video4.mp4,117,55,0.8466100692749023,61,133,264,332
video4.mp4,118,62,0.90435391664505,458,117,595,328
video4.mp4,118,55,0.8396626114845276,59,134,264,332
video4.mp4,119,62,0.9089064002037048,457,118,595,330
video4.mp4,119,55,0.8756725192070007,58,133,263,332
video4.mp4,120,62,0.8997589349746704,455,118,595,327
video4.mp4,120,55,0.8628607392311096,56,133,261,332
video4.mp4,121,62,0.9101471900939941,453,117,595,328
video4.mp4,121,55,0.8405575752258301,53,133,258,332
video4.mp4,122,62,0.9123106598854065,452,117,595,329
video4.mp4,122,55,0.8619576692581177,52,133,254,332
video4.mp4,123,62,0.908958375453949,450,118,595,330
video4.mp4,123,55,0.8611335158348083,50,133,246,331
video4.mp4,124,62,0.919045627117157,447,117,595,331
video4.mp4,124,55,0.8653377294540405,48,133,246,331
video4.mp4,125,62,0.9242963790893555,445,116,595,331
video4.mp4,125,55,0.865736722946167,45,132,239,331
video4.mp4,126,62,0.9203312993049622,444,117,595,331
video4.mp4,126,55,0.8438776731491089,43,131,232,329
video4.mp4,127,62,0.9126750230789185,442,117,595,330
video4.mp4,127,55,0.8201900124549866,55,130,231,315
video4.mp4,128,62,0.9164031744003296,440,117,595,330
video4.mp4,128,55,0.8168594241142273,38,128,232,323
video4.mp4,129,62,0.917119026184082,437,116,595,330
video4.mp4,129,55,0.8297206163406372,33,128,231,329
video4.mp4,130,62,0.9212674498558044,436,116,595,330
video4.mp4,130,55,0.8521914482116699,30,127,230,328
video4.mp4,131,62,0.9231888651847839,434,115,595,330
video4.mp4,131,55,0.8355631828308105,28,126,229,329
video4.mp4,132,62,0.9095909595489502,433,115,595,332
video4.mp4,132,55,0.8512611985206604,25,126,232,330
video4.mp4,133,62,0.9129289984703064,431,115,594,333
video4.mp4,133,55,0.8575637340545654,22,124,229,332
video4.mp4,134,62,0.9204393625259399,429,115,595,333
video4.mp4,134,55,0.8660134673118591,18,122,232,332
video4.mp4,135,62,0.9227425456047058,428,115,593,334
video4.mp4,135,55,0.8527124524116516,16,121,230,331
video4.mp4,136,62,0.918042004108429,427,115,595,332
video4.mp4,136,55,0.8396907448768616,12,122,230,332
video4.mp4,137,62,0.9226974844932556,424,115,595,333
video4.mp4,137,55,0.8368636965751648,9,122,230,331
video4.mp4,138,62,0.918438732624054,422,116,595,332
video4.mp4,138,55,0.856168270111084,7,120,229,331
video4.mp4,139,62,0.9196935892105103,420,115,595,333
video4.mp4,139,55,0.8729302883148193,6,120,230,330
video4.mp4,140,62,0.9188683032989502,419,116,596,331
video4.mp4,140,55,0.8848798871040344,5,120,228,329
video4.mp4,141,55,0.8836246728897095,3,120,225,331
video4.mp4,141,62,0.8687512278556824,416,116,595,330
video4.mp4,142,62,0.9037018418312073,414,116,595,330
video4.mp4,142,55,0.8832105994224548,2,121,224,329
video4.mp4,143,55,0.8917438983917236,0,122,221,329
video4.mp4,143,62,0.8712353706359863,412,116,594,331
video4.mp4,144,55,0.9055459499359131,0,121,219,331
video4.mp4,144,62,0.9037764668464661,411,116,595,331
video4.mp4,145,62,0.9046334624290466,408,116,595,331
video4.mp4,145,55,0.8918981552124023,0,119,216,331
video4.mp4,146,62,0.9186587929725647,407,116,595,331
video4.mp4,146,55,0.883639395236969,0,116,213,330
video4.mp4,147,62,0.9158061146736145,406,117,595,332
video4.mp4,147,55,0.8727748990058899,0,114,213,329
video4.mp4,148,62,0.9114030003547668,405,116,595,329
video4.mp4,148,55,0.8951436877250671,0,110,212,329
video4.mp4,149,55,0.8875171542167664,0,109,210,322
video4.mp4,149,62,0.8665257692337036,402,116,594,331
video4.mp4,150,55,0.8906335830688477,0,109,208,322
video4.mp4,150,62,0.7884543538093567,400,117,594,331
video4.mp4,151,55,0.8975803256034851,0,110,206,324
video4.mp4,151,62,0.7183777689933777,399,116,563,333
video4.mp4,152,55,0.9082240462303162,0,112,204,322
video4.mp4,152,62,0.690731942653656,397,116,566,333
video4.mp4,153,55,0.8876912593841553,0,112,202,321
video4.mp4,153,62,0.7627898454666138,396,116,554,333
video4.mp4,154,55,0.8732406497001648,0,113,199,319
video4.mp4,154,62,0.7445331811904907,395,115,559,333
video4.mp4,155,55,0.8756967186927795,0,114,196,320
video4.mp4,155,62,0.7846350073814392,393,114,594,333
video4.mp4,156,55,0.8754440546035767,0,114,193,318
video4.mp4,156,62,0.6842837333679199,392,114,558,333
video4.mp4,157,62,0.9127048254013062,391,114,547,333
video4.mp4,157,55,0.8818226456642151,0,114,186,319
video4.mp4,158,62,0.9014051556587219,390,114,546,333
video4.mp4,158,55,0.8499413132667542,0,114,151,318
video4.mp4,159,55,0.8266251683235168,0,114,150,320
video4.mp4,159,62,0.7685074210166931,388,115,547,333
video4.mp4,160,55,0.8046907186508179,0,114,165,320
video4.mp4,160,62,0.7300237417221069,386,116,550,333
video4.mp4,161,55,0.8534904718399048,0,113,150,320
video4.mp4,161,62,0.6967127323150635,385,115,591,333
video4.mp4,162,62,0.8416536450386047,384,115,591,333
video4.mp4,162,55,0.8233430981636047,0,113,146,320
video4.mp4,163,55,0.8650434017181396,0,112,145,319
video4.mp4,163,62,0.8054819703102112,381,116,588,332
video4.mp4,164,55,0.8849442601203918,0,112,145,319
video4.mp4,164,62,0.8127323985099792,382,115,587,333
video4.mp4,165,62,0.9058398604393005,379,114,586,333
video4.mp4,165,55,0.8823202848434448,0,111,145,318
video4.mp4,166,62,0.9128891825675964,379,114,582,332
video4.mp4,166,55,0.8746250867843628,0,111,142,320
video4.mp4,167,62,0.9173210859298706,377,114,581,333
video4.mp4,167,55,0.866344153881073,0,111,140,321
video4.mp4,168,62,0.9230919480323792,376,114,580,332
video4.mp4,168,55,0.8790287375450134,0,111,137,323
video4.mp4,169,62,0.9244157671928406,374,113,577,333
video4.mp4,169,55,0.8930575847625732,0,111,135,323
video4.mp4,170,62,0.913979172706604,372,113,576,333
video4.mp4,170,55,0.8885684013366699,0,112,134,324
video4.mp4,171,62,0.906837522983551,370,113,570,333
video4.mp4,171,55,0.8747886419296265,0,112,136,324
video4.mp4,172,62,0.895474374294281,368,113,560,333
video4.mp4,172,55,0.8652724623680115,0,112,141,320
video4.mp4,173,62,0.8832522630691528,366,112,559,333
video4.mp4,173,55,0.8693992495536804,0,112,135,317
video4.mp4,174,55,0.8875145316123962,0,113,128,313
video4.mp4,174,62,0.8771724700927734,361,104,560,333
video4.mp4,175,55,0.8685473799705505,0,112,125,313
video4.mp4,175,62,0.8557792901992798,360,101,564,333
video4.mp4,176,55,0.8713976740837097,0,113,122,311
video4.mp4,176,62,0.8595317602157593,356,100,566,333
video4.mp4,177,62,0.8982271552085876,355,99,564,334
video4.mp4,177,55,0.8532141447067261,0,113,124,309
video4.mp4,178,62,0.8980131149291992,354,101,562,333
video4.mp4,178,55,0.8814956545829773,0,112,120,303
video4.mp4,179,62,0.9087784886360168,354,100,556,333
video4.mp4,179,55,0.8912022709846497,0,112,119,303
video4.mp4,180,62,0.900606095790863,351,100,553,333
video4.mp4,180,55,0.8930465579032898,0,112,119,298
video4.mp4,181,62,0.9199637770652771,349,99,551,332
video4.mp4,181,55,0.8906326293945312,0,113,118,298
video4.mp4,182,62,0.920262336730957,349,101,552,333
video4.mp4,182,55,0.8801285028457642,0,113,117,297
video4.mp4,183,62,0.9170526266098022,347,100,551,334
video4.mp4,183,55,0.8803418874740601,0,113,113,296
video4.mp4,183,56,0.872856855392456,468,0,568,189
video4.mp4,184,62,0.9105303883552551,342,100,552,333
video4.mp4,184,55,0.851694643497467,0,113,112,294
video4.mp4,184,56,0.7949760556221008,470,0,571,191
video4.mp4,185,62,0.9036036133766174,343,102,550,334
video4.mp4,185,56,0.8446576595306396,473,0,575,192
video4.mp4,185,55,0.8117132782936096,0,113,112,295
video4.mp4,186,62,0.8984095454216003,343,103,547,333
video4.mp4,186,56,0.7934820652008057,476,0,578,185
video4.mp4,186,55,0.7538690567016602,0,106,113,296
video4.mp4,187,62,0.9041252732276917,336,99,546,333
video4.mp4,187,56,0.8077141046524048,479,0,581,186
video4.mp4,187,55,0.7381512522697449,0,113,105,296
video4.mp4,188,62,0.9035556316375732,332,101,538,332
video4.mp4,188,56,0.8796707391738892,481,0,584,186
video4.mp4,189,56,0.8774927854537964,484,0,587,186
video4.mp4,189,62,0.8493894934654236,331,101,533,332
video4.mp4,189,55,0.7618266940116882,0,115,101,297
video4.mp4,190,56,0.8800480961799622,485,0,590,184
video4.mp4,190,62,0.8567811250686646,330,102,529,333
video4.mp4,191,56,0.8909655213356018,488,0,593,183
video4.mp4,191,62,0.8608679175376892,328,104,489,334
video4.mp4,192,62,0.8927512764930725,324,112,522,333
video4.mp4,192,56,0.8914497494697571,489,0,595,182
video4.mp4,192,55,0.6703041791915894,0,111,100,292
video4.mp4,193,62,0.8933182954788208,330,114,526,331
video4.mp4,193,56,0.8607963919639587,490,0,595,182
video4.mp4,194,62,0.8971222639083862,329,112,524,333
video4.mp4,195,62,0.9004749655723572,327,112,522,333
video4.mp4,196,62,0.9011346101760864,322,113,517,333
video4.mp4,197,62,0.8912863731384277,319,106,518,333
video4.mp4,198,62,0.8898909687995911,319,107,516,333
video4.mp4,199,62,0.8934150338172913,319,110,524,333
video4.mp4,199,56,0.6029540300369263,495,0,595,220
video4.mp4,200,62,0.8985669016838074,317,112,520,332
video4.mp4,201,62,0.8970673084259033,314,104,519,333
video4.mp4,202,62,0.8780751824378967,314,104,516,333
video4.mp4,203,62,0.8206163048744202,315,99,512,333
video4.mp4,204,62,0.8727834224700928,313,112,513,333
video4.mp4,205,62,0.855979859828949,312,110,466,333
video4.mp4,206,62,0.8226518630981445,308,113,466,334
video4.mp4,206,56,0.5431829690933228,495,0,595,219
video4.mp4,207,62,0.7055149674415588,307,116,461,333
video4.mp4,207,56,0.621748685836792,495,0,595,217
video4.mp4,208,56,0.7944940328598022,495,0,595,218
video4.mp4,208,62,0.6647061109542847,305,116,459,333
video4.mp4,209,62,0.6512598991394043,303,113,459,332
video4.mp4,210,56,0.7939081192016602,495,0,595,220
video4.mp4,210,62,0.6388847231864929,302,114,457,330
video4.mp4,211,56,0.8005895614624023,495,0,595,218
video4.mp4,211,62,0.7419975399971008,302,114,456,332
video4.mp4,212,56,0.8708757758140564,495,0,595,221
video4.mp4,212,62,0.8193036913871765,301,113,457,333
video4.mp4,213,56,0.8549726009368896,495,0,595,238
video4.mp4,213,62,0.800111711025238,298,112,455,333
video4.mp4,214,56,0.9106342792510986,494,0,595,256
video4.mp4,214,62,0.785050630569458,296,112,454,333
video4.mp4,215,56,0.9187150597572327,493,0,595,259
video4.mp4,215,62,0.8036438226699829,295,112,450,332
video4.mp4,216,56,0.9260076880455017,492,0,595,260
video4.mp4,216,62,0.822960615158081,291,111,451,333
video4.mp4,217,56,0.9250064492225647,492,0,595,264
video4.mp4,217,62,0.8238509893417358,290,112,476,332
video4.mp4,218,56,0.918933629989624,491,0,595,272
video4.mp4,218,62,0.8384749889373779,288,113,448,333
video4.mp4,219,56,0.9054341912269592,491,0,595,281
video4.mp4,219,62,0.8364061713218689,287,111,451,333
video4.mp4,220,56,0.9134250283241272,491,0,595,284
video4.mp4,220,62,0.8827820420265198,286,111,446,333
video4.mp4,221,56,0.9135226607322693,492,0,595,287
video4.mp4,221,62,0.8525359630584717,287,109,443,333
video4.mp4,222,56,0.899154007434845,492,0,595,289
video4.mp4,222,62,0.8712092638015747,282,113,443,333
video4.mp4,223,56,0.9033921957015991,493,0,595,292
video4.mp4,223,62,0.8551269173622131,279,109,441,333
video4.mp4,224,56,0.9013530611991882,494,0,595,295
video4.mp4,224,62,0.8592742085456848,278,112,437,332
video4.mp4,225,62,0.8760820031166077,275,113,438,332
video4.mp4,226,62,0.8559341430664062,276,113,436,333
video4.mp4,227,62,0.8044247627258301,276,113,436,332
video4.mp4,228,62,0.8533493280410767,275,113,435,332
video4.mp4,229,62,0.8288953304290771,275,112,434,333
video4.mp4,230,62,0.861499011516571,275,113,432,333
video4.mp4,231,62,0.8589034676551819,276,114,429,333
video4.mp4,232,62,0.8448008298873901,276,112,426,333
video4.mp4,233,62,0.8637723326683044,275,112,422,333
video4.mp4,234,62,0.8561428785324097,274,110,418,331
video4.mp4,235,62,0.8778680562973022,273,109,422,333
video4.mp4,236,62,0.9069088101387024,272,109,422,333
video4.mp4,237,62,0.9034188389778137,271,109,422,333
video4.mp4,238,62,0.8876401782035828,270,109,420,333
video4.mp4,239,62,0.8949080109596252,268,109,417,333
video4.mp4,240,62,0.9061192274093628,267,110,418,334
video4.mp4,241,62,0.9156191945075989,266,111,417,334
video4.mp4,242,62,0.9111661911010742,264,112,415,334
video4.mp4,243,62,0.9024705290794373,264,112,414,334
video4.mp4,244,62,0.9004310369491577,263,110,414,334
video4.mp4,245,62,0.8978224992752075,263,110,414,334
video4.mp4,246,62,0.8865131139755249,261,110,413,333
video4.mp4,247,62,0.8923724293708801,260,109,413,334
video4.mp4,248,62,0.8629243969917297,258,109,414,333
video4.mp4,249,62,0.862599790096283,257,108,412,333
video4.mp4,250,62,0.8109586834907532,256,109,410,332
video4.mp4,251,62,0.8956204652786255,255,110,407,334
video4.mp4,252,62,0.8898548483848572,252,110,406,334
video4.mp4,253,62,0.8933360576629639,250,109,404,334
video4.mp4,254,62,0.8806158304214478,249,110,403,333
video4.mp4,255,62,0.8765947818756104,248,109,402,333
video4.mp4,256,62,0.8303407430648804,247,109,405,333
video4.mp4,257,62,0.8400880694389343,247,109,411,332
video4.mp4,258,62,0.8773615956306458,248,109,411,333
video4.mp4,259,62,0.8705421686172485,248,109,409,333
video4.mp4,260,62,0.861522912979126,247,109,399,333
video4.mp4,261,62,0.8559222221374512,247,109,398,333
video4.mp4,262,62,0.8806507587432861,247,109,407,333
video4.mp4,263,62,0.876623809337616,246,109,402,333
video4.mp4,264,62,0.8808997869491577,245,111,400,333
video4.mp4,265,62,0.8642001152038574,244,110,397,333
video4.mp4,266,62,0.8588821887969971,243,111,398,333
video4.mp4,267,62,0.8483803272247314,242,110,400,333
video4.mp4,268,56,0.9321625232696533,495,0,595,333
video4.mp4,268,62,0.845503568649292,241,109,402,333
video4.mp4,269,56,0.9310685992240906,492,0,595,333
video4.mp4,269,62,0.8541110157966614,239,110,401,333
video4.mp4,270,56,0.93639075756073,490,0,595,333
video4.mp4,270,62,0.8641572594642639,237,109,400,333
video4.mp4,271,56,0.9362739324569702,488,0,595,333
video4.mp4,271,62,0.8317327499389648,235,109,393,333
video4.mp4,272,56,0.9364807605743408,486,0,595,333
video4.mp4,272,62,0.857615053653717,233,110,398,333
video4.mp4,273,56,0.9358298182487488,484,0,595,333
video4.mp4,273,62,0.8070192933082581,231,109,397,332
video4.mp4,274,56,0.9354454278945923,482,0,595,333
video4.mp4,274,62,0.7635197043418884,230,108,397,332
video4.mp4,275,56,0.9300386309623718,481,0,595,333
video4.mp4,275,62,0.8209528923034668,227,108,394,332
video4.mp4,276,56,0.9273728728294373,480,0,595,333
video4.mp4,276,62,0.8626304268836975,226,106,394,332
video4.mp4,277,56,0.9232407808303833,479,0,595,333
video4.mp4,277,62,0.7812595963478088,221,77,383,331
video4.mp4,278,56,0.9232431054115295,478,0,595,332
video4.mp4,278,62,0.8804898262023926,219,78,392,331
video4.mp4,279,56,0.9227235317230225,478,0,595,333
video4.mp4,279,62,0.8685312867164612,218,77,390,330
video4.mp4,280,56,0.9262138605117798,478,0,595,332
video4.mp4,280,62,0.8846327662467957,216,79,391,331
video4.mp4,281,56,0.9160504341125488,479,0,595,332
video4.mp4,281,62,0.8693991303443909,214,83,392,330
video4.mp4,282,56,0.9223555326461792,480,0,595,333
video4.mp4,282,62,0.8239595890045166,211,103,391,328
video4.mp4,283,56,0.9136930108070374,481,0,595,332
video4.mp4,283,62,0.6669870615005493,208,103,391,325
video4.mp4,284,56,0.9114663004875183,483,0,595,332
video4.mp4,284,62,0.6970546245574951,207,103,388,327
video4.mp4,285,56,0.8713439702987671,486,0,595,332
video4.mp4,285,62,0.7444720268249512,205,78,387,325
video4.mp4,286,56,0.8780441284179688,486,0,595,332
video4.mp4,286,62,0.8724896311759949,205,76,383,331
video4.mp4,287,56,0.8928309082984924,487,0,595,332
video4.mp4,287,62,0.8686292171478271,204,77,381,330
video4.mp4,288,62,0.8921918272972107,203,74,381,329
video4.mp4,288,56,0.8815200924873352,488,0,595,332
video4.mp4,289,56,0.8894700407981873,489,0,595,332
video4.mp4,289,62,0.8790425658226013,203,75,380,328
video4.mp4,290,62,0.872858464717865,202,75,380,329
video4.mp4,290,56,0.8102016448974609,490,0,595,332
video4.mp4,291,62,0.8723447918891907,202,75,379,328
video4.mp4,291,56,0.7537948489189148,492,1,595,332
video4.mp4,292,62,0.7942081689834595,201,76,378,318
video4.mp4,292,56,0.7319285273551941,495,0,595,332
video4.mp4,293,62,0.8682155013084412,200,75,376,327
video4.mp4,294,62,0.7722396850585938,200,91,374,326
video4.mp4,295,62,0.7618725299835205,199,103,372,321
video4.mp4,296,62,0.755500078201294,198,101,372,308
video4.mp4,297,62,0.831326425075531,198,108,370,300
video4.mp4,298,62,0.7975435256958008,196,108,368,316
video4.mp4,299,62,0.7506110072135925,195,100,367,303
video4.mp4,300,62,0.785682201385498,194,87,366,304
video4.mp4,301,62,0.793630063533783,192,94,363,299
video4.mp4,302,62,0.8304417133331299,191,77,362,299
video4.mp4,303,62,0.8445437550544739,189,75,362,300
video4.mp4,304,56,0.7924057841300964,493,0,595,333
video4.mp4,304,62,0.7433741092681885,187,74,360,312
video4.mp4,305,62,0.7829822301864624,185,74,359,305
video4.mp4,305,56,0.7706475257873535,493,0,595,333
video4.mp4,306,56,0.797816812992096,492,0,595,332
video4.mp4,306,62,0.7221364378929138,185,79,358,305
video4.mp4,307,62,0.7773738503456116,184,78,356,328
video4.mp4,307,56,0.7486127614974976,492,1,595,333
video4.mp4,308,56,0.7813810706138611,491,1,595,332
video4.mp4,308,62,0.7361474633216858,182,91,356,328
video4.mp4,309,56,0.7994117736816406,490,0,595,332
video4.mp4,309,62,0.791536808013916,180,85,355,329
video4.mp4,310,56,0.8555186986923218,490,0,595,332
video4.mp4,310,62,0.7758162021636963,178,88,355,326
video4.mp4,311,56,0.863249659538269,489,0,595,332
video4.mp4,311,62,0.8609880208969116,177,91,354,330
video4.mp4,312,56,0.8795831203460693,488,0,595,332
video4.mp4,312,62,0.8642237782478333,176,101,352,332
video4.mp4,313,56,0.8697960376739502,487,0,595,332
video4.mp4,313,62,0.8649583458900452,175,98,350,331
video4.mp4,314,62,0.8707166910171509,173,98,350,331
video4.mp4,314,56,0.8549073338508606,486,0,595,332
video4.mp4,315,56,0.8718037605285645,484,0,595,332
video4.mp4,315,62,0.8652459383010864,173,102,349,327
video4.mp4,316,56,0.901973307132721,482,0,595,332
video4.mp4,316,62,0.8814421892166138,171,112,350,330
video4.mp4,317,56,0.9037047624588013,479,0,595,332
video4.mp4,317,62,0.8693103194236755,170,108,347,331
video4.mp4,318,56,0.9051417112350464,477,0,595,332
video4.mp4,318,62,0.8747405409812927,169,108,343,331
video4.mp4,319,56,0.9090397357940674,475,0,595,332
video4.mp4,319,62,0.8834011554718018,167,107,344,330
video4.mp4,320,56,0.9102303385734558,474,0,595,332
video4.mp4,320,62,0.8534984588623047,158,109,343,331
video4.mp4,321,56,0.8967534303665161,471,0,595,332
video4.mp4,321,62,0.8280957937240601,158,110,338,331
video4.mp4,322,56,0.9056533575057983,467,0,595,332
video4.mp4,322,62,0.7587655186653137,157,112,329,331
video4.mp4,323,56,0.9230553507804871,465,0,595,332
video4.mp4,323,62,0.7786616683006287,155,112,303,332
video4.mp4,324,56,0.9310701489448547,461,0,595,332
video4.mp4,324,62,0.8681069016456604,154,113,334,333
video4.mp4,325,56,0.9241600036621094,458,0,595,332
video4.mp4,325,62,0.8638796806335449,152,112,334,333
video4.mp4,326,56,0.9204174280166626,457,0,595,332
video4.mp4,326,62,0.8633424043655396,148,113,334,331
video4.mp4,327,56,0.917201042175293,455,0,595,332
video4.mp4,327,62,0.8663435578346252,147,113,332,332
video4.mp4,328,56,0.9198434352874756,450,0,595,332
video4.mp4,328,62,0.8554859757423401,146,113,330,331
video4.mp4,329,56,0.9201430082321167,449,0,595,332
video4.mp4,329,62,0.8596912026405334,145,113,330,333
video4.mp4,330,56,0.9124253988265991,446,0,595,332
video4.mp4,330,62,0.8473632335662842,142,112,331,332
video4.mp4,331,56,0.9203399419784546,444,0,595,332
video4.mp4,331,62,0.7710793614387512,139,110,330,331
video4.mp4,332,56,0.9223591089248657,442,0,593,332
video4.mp4,332,62,0.6375402808189392,138,111,329,329
video4.mp4,333,56,0.9223735928535461,440,0,591,332
video4.mp4,333,62,0.7589449286460876,137,111,328,328
video4.mp4,334,56,0.9229788780212402,438,0,588,332
video4.mp4,334,62,0.7547985315322876,138,111,326,329
video4.mp4,335,56,0.9253925085067749,437,0,586,332
video4.mp4,335,62,0.8219862580299377,137,112,324,330
video4.mp4,336,56,0.9248334169387817,435,0,584,332
video4.mp4,336,62,0.8567695021629333,137,112,323,332
video5.mp4,55,56,0.6164227724075317,389,130,563,332
video5.mp4,56,56,0.7878966331481934,386,129,561,332
video5.mp4,57,56,0.8769432902336121,387,127,559,333
video5.mp4,58,56,0.9270135760307312,387,127,557,333
video5.mp4,59,56,0.8913519978523254,388,126,555,333
video5.mp4,60,56,0.9229333996772766,388,125,553,333
video5.mp4,61,56,0.8726487755775452,388,124,551,333
video5.mp4,62,56,0.9092462062835693,388,124,549,333
video5.mp4,63,56,0.8949069380760193,387,123,548,332
video5.mp4,63,76,0.7010378837585449,0,145,152,331
video5.mp4,64,56,0.9160299897193909,388,123,546,333
video5.mp4,64,76,0.6930826902389526,0,144,155,331
video5.mp4,65,56,0.9280020594596863,387,124,544,333
video5.mp4,65,76,0.6999417543411255,0,142,157,332
video5.mp4,66,56,0.9343220591545105,387,124,542,333
video5.mp4,66,76,0.6852337718009949,0,140,161,333
video5.mp4,67,56,0.92706298828125,387,125,540,332
video5.mp4,67,76,0.6756273508071899,0,140,162,332
video5.mp4,68,56,0.930483341217041,387,125,538,333
video5.mp4,68,76,0.675451397895813,0,137,162,331
video5.mp4,69,56,0.9258760213851929,389,125,537,333
video5.mp4,69,76,0.5872289538383484,0,144,160,330
video5.mp4,70,56,0.9282655119895935,391,125,536,333
video5.mp4,70,76,0.61699378490448,0,146,159,330
video5.mp4,71,56,0.9242305159568787,391,125,535,333
video5.mp4,71,76,0.5751568675041199,0,146,159,330
video5.mp4,72,56,0.9162614345550537,388,124,534,333
video5.mp4,72,76,0.5952994227409363,0,145,160,330
video5.mp4,73,56,0.9142025113105774,391,123,532,333
video5.mp4,73,76,0.5840520262718201,0,147,156,332
video5.mp4,74,56,0.9257177710533142,392,122,531,333
video5.mp4,74,76,0.6260058283805847,0,147,158,333
video5.mp4,75,56,0.9290573000907898,392,122,530,333
video5.mp4,75,76,0.5541300177574158,0,147,159,330
video5.mp4,76,56,0.9304517507553101,391,122,529,333
video5.mp4,76,76,0.6316698789596558,0,147,160,332
video5.mp4,77,56,0.9317896962165833,391,122,528,333
video5.mp4,77,76,0.699135422706604,0,144,159,332
video5.mp4,78,56,0.9262028336524963,391,123,527,333
video5.mp4,78,76,0.7313607335090637,0,143,160,332
video5.mp4,79,56,0.9263211488723755,391,123,527,333
video5.mp4,79,76,0.7194790840148926,0,144,160,332
video5.mp4,80,56,0.9329508543014526,392,123,526,333
video5.mp4,80,76,0.6870917081832886,0,145,160,332
video5.mp4,81,56,0.92927086353302,392,123,525,333
video5.mp4,81,76,0.688383162021637,0,145,160,332
video5.mp4,82,56,0.9224735498428345,391,124,525,333
video5.mp4,82,76,0.6916338205337524,0,144,160,332
video5.mp4,83,56,0.9173953533172607,391,125,524,333
video5.mp4,83,76,0.6780965924263,0,143,160,332
video5.mp4,84,56,0.895875096321106,389,125,523,333
video5.mp4,84,76,0.6914860606193542,0,142,161,333
video5.mp4,85,56,0.902337372303009,362,125,522,332
video5.mp4,85,76,0.6308643221855164,0,143,160,331
video5.mp4,86,56,0.8944756388664246,362,126,521,332
video5.mp4,86,76,0.6478195786476135,0,142,161,333
video5.mp4,87,56,0.9226316809654236,391,127,521,333
video5.mp4,87,76,0.6871722936630249,0,142,161,331
video5.mp4,88,56,0.9183714985847473,391,127,520,333
video5.mp4,88,76,0.7753589153289795,0,139,162,332
video5.mp4,89,56,0.8563487529754639,390,127,519,333
video5.mp4,89,76,0.7741600871086121,0,138,162,332
video5.mp4,90,56,0.8457238674163818,390,127,518,333
video5.mp4,90,76,0.7967416644096375,0,137,162,332
video5.mp4,91,56,0.8537413477897644,390,126,518,333
video5.mp4,91,76,0.796120285987854,0,138,162,332
video5.mp4,92,56,0.8342059254646301,390,127,517,333
video5.mp4,92,76,0.8028855323791504,0,137,163,332
video5.mp4,93,56,0.846304714679718,390,126,517,333
video5.mp4,93,76,0.8047811985015869,0,137,163,332
video5.mp4,94,56,0.8647046685218811,388,126,516,333
video5.mp4,94,76,0.8135122656822205,0,138,164,333
video5.mp4,95,56,0.8758506774902344,388,126,516,333
video5.mp4,95,76,0.7962230443954468,0,138,163,332
video5.mp4,96,56,0.9122589826583862,389,126,516,333
video5.mp4,96,76,0.7877183556556702,0,138,163,332
video5.mp4,97,56,0.9020728468894958,389,126,516,333
video5.mp4,97,76,0.7917231321334839,0,138,162,332
video5.mp4,98,56,0.9179534912109375,389,127,516,333
video5.mp4,98,76,0.8022929430007935,0,139,162,332
video5.mp4,99,56,0.8969179391860962,388,127,516,332
video5.mp4,99,76,0.8093880414962769,0,139,162,332
video5.mp4,100,56,0.8964398503303528,389,127,516,332
video5.mp4,100,76,0.7861438989639282,0,137,163,331
video5.mp4,101,56,0.8589506149291992,383,128,516,333
video5.mp4,101,76,0.8050785064697266,0,137,163,331
video5.mp4,102,56,0.8772700428962708,387,129,517,333
video5.mp4,102,76,0.7937874794006348,0,137,163,331
video5.mp4,103,56,0.8951987028121948,389,130,517,333
video5.mp4,103,76,0.7827507257461548,0,138,164,332
video5.mp4,104,56,0.8945394158363342,388,131,518,333
video5.mp4,104,76,0.7784707546234131,0,137,163,332
video5.mp4,105,56,0.9006309509277344,388,133,519,332
video5.mp4,105,76,0.7884403467178345,0,137,163,332
video5.mp4,106,56,0.8877511024475098,388,136,520,331
video5.mp4,106,76,0.7588538527488708,0,135,163,332
video5.mp4,107,56,0.8445935845375061,373,137,521,331
video5.mp4,107,76,0.7728772759437561,0,136,163,332
video5.mp4,108,56,0.836787223815918,367,137,523,333
video5.mp4,108,76,0.7849547863006592,0,136,162,332
video5.mp4,109,56,0.8537368178367615,364,135,524,332
video5.mp4,109,76,0.7858582735061646,0,137,162,333
video5.mp4,110,56,0.837320864200592,374,135,526,333
video5.mp4,110,76,0.7816821336746216,0,137,162,332
video5.mp4,111,56,0.8593977689743042,380,133,528,333
video5.mp4,111,76,0.7702412605285645,0,137,162,332
video5.mp4,112,56,0.9044218063354492,386,133,528,333
video5.mp4,112,76,0.764295220375061,0,138,162,332
video5.mp4,113,56,0.8601621389389038,371,133,531,333
video5.mp4,113,76,0.7456684112548828,0,138,161,331
video5.mp4,114,56,0.9178709387779236,387,131,532,332
video5.mp4,114,76,0.7478733062744141,0,140,161,332
video5.mp4,115,56,0.9176274538040161,388,132,535,333
video5.mp4,115,76,0.7418134808540344,0,141,162,331
video5.mp4,116,56,0.9125435948371887,385,131,536,333
video5.mp4,116,76,0.7329747676849365,0,141,163,331
video5.mp4,117,56,0.9113653898239136,384,131,538,333
video5.mp4,117,76,0.7208774089813232,0,141,163,331
video5.mp4,118,56,0.9081509113311768,385,131,541,332
video5.mp4,118,76,0.7422006130218506,0,142,163,331
video5.mp4,119,56,0.9120867848396301,388,131,543,332
video5.mp4,119,76,0.7597991228103638,0,142,162,331
video5.mp4,120,56,0.9202626347541809,387,132,544,332
video5.mp4,120,76,0.7266824245452881,0,143,164,332
video5.mp4,121,56,0.92170250415802,387,132,546,333
video5.mp4,121,76,0.7565290927886963,0,142,162,331
video5.mp4,122,56,0.9248732924461365,389,132,547,332
video5.mp4,122,76,0.7519657611846924,0,141,163,331
video5.mp4,123,56,0.9257951974868774,389,132,550,332
video5.mp4,123,76,0.7047067284584045,0,141,165,332
video5.mp4,124,56,0.9321870803833008,391,133,551,333
video5.mp4,124,76,0.6943914294242859,0,141,165,331
video5.mp4,125,56,0.9363420605659485,391,135,552,333
video5.mp4,125,76,0.7369251847267151,0,140,165,331
video5.mp4,126,56,0.9322526454925537,391,135,553,333
video5.mp4,126,76,0.7370821237564087,0,140,165,331
video5.mp4,127,56,0.9256426692008972,391,136,554,333
video5.mp4,127,76,0.7304492592811584,0,139,165,331
video5.mp4,128,56,0.9294683337211609,391,136,555,333
video5.mp4,128,76,0.7403339743614197,0,140,165,331
video5.mp4,129,56,0.9303327798843384,391,137,556,332
video5.mp4,129,76,0.7333930730819702,0,140,166,331
video5.mp4,130,56,0.9296773672103882,391,137,556,332
video5.mp4,130,76,0.6812751293182373,0,139,165,331
video5.mp4,131,56,0.934109628200531,391,138,557,332
video5.mp4,131,76,0.6990215182304382,0,139,165,331
video5.mp4,132,56,0.9366012215614319,392,138,557,333
video5.mp4,132,76,0.6884652972221375,0,139,165,331
video5.mp4,133,56,0.9403703212738037,392,138,557,332
video5.mp4,133,76,0.6537284851074219,0,139,165,330
video5.mp4,134,56,0.9399616718292236,392,138,557,333
video5.mp4,134,76,0.6803280115127563,0,142,165,331
video5.mp4,135,56,0.9383926391601562,392,138,558,333
video5.mp4,135,76,0.6771239042282104,0,141,164,331
video5.mp4,136,56,0.9366638660430908,391,138,558,333
video5.mp4,136,76,0.6726894974708557,0,140,162,330
video5.mp4,137,56,0.9360753893852234,392,137,558,333
video5.mp4,137,76,0.7010566592216492,0,139,163,330
video5.mp4,138,56,0.9338381886482239,391,137,558,333
video5.mp4,138,76,0.6836099624633789,0,139,163,331
video5.mp4,139,56,0.9324042797088623,391,137,558,332
video5.mp4,139,76,0.6413969993591309,0,138,163,331
video5.mp4,140,56,0.9305673837661743,391,137,558,332
video5.mp4,140,76,0.6511802077293396,0,138,163,331
video5.mp4,141,56,0.9328981637954712,392,137,559,333
video5.mp4,141,76,0.6519752740859985,0,138,163,331
video5.mp4,142,56,0.9296116232872009,391,138,558,333
video5.mp4,142,76,0.6754847764968872,0,138,163,331
video5.mp4,143,56,0.9350303411483765,392,137,558,333
video5.mp4,143,76,0.7004631757736206,0,137,163,331
video5.mp4,144,56,0.9356107115745544,391,138,558,333
video5.mp4,144,76,0.7127783894538879,0,138,163,331
video5.mp4,145,56,0.9342133402824402,391,138,558,333
video5.mp4,145,76,0.7183576226234436,0,136,162,331
video5.mp4,146,56,0.9336161017417908,391,138,558,333
video5.mp4,146,76,0.7096282839775085,0,137,162,330
video5.mp4,147,56,0.9312453866004944,391,138,558,333
video5.mp4,147,76,0.7080150246620178,0,137,162,330
video5.mp4,148,56,0.9332882165908813,392,138,558,333
video5.mp4,148,76,0.6755070686340332,0,140,162,331
video5.mp4,149,56,0.9315263628959656,391,138,558,333
video5.mp4,149,76,0.683559000492096,0,142,161,331
video5.mp4,150,56,0.9308644533157349,391,138,558,333
video5.mp4,150,76,0.6592830419540405,0,139,162,330
video5.mp4,151,56,0.9272543787956238,392,139,559,333
video5.mp4,151,76,0.6384943127632141,0,141,162,331
video5.mp4,152,56,0.9237179756164551,392,138,560,333
video5.mp4,152,76,0.627444326877594,0,140,162,331
video5.mp4,153,56,0.9187039136886597,392,138,561,333
video5.mp4,153,76,0.6568560004234314,0,141,162,331
video5.mp4,154,56,0.921465277671814,393,138,561,333
video5.mp4,154,76,0.6506823301315308,0,140,162,331
video5.mp4,155,56,0.91796875,392,138,561,333
video5.mp4,155,76,0.6453143358230591,0,141,162,331
video5.mp4,156,56,0.915498673915863,392,138,561,333
video5.mp4,156,76,0.6428717970848083,0,140,162,331
video5.mp4,157,56,0.9156419634819031,392,138,561,332
video5.mp4,157,76,0.6515758633613586,0,140,162,332
video5.mp4,158,56,0.9052137732505798,392,138,562,333
video5.mp4,158,76,0.6418860554695129,0,140,162,332
video5.mp4,159,56,0.9147000312805176,392,138,562,333
video5.mp4,159,76,0.6415233612060547,0,143,162,332
video5.mp4,160,56,0.9121183156967163,392,138,563,333
video5.mp4,160,76,0.6255190372467041,0,145,162,332
video6.mp4,75,85,0.5315812826156616,22,276,133,463
video6.mp4,76,85,0.6716516017913818,18,275,139,466
video6.mp4,77,85,0.6029323935508728,14,277,139,470
video6.mp4,79,85,0.6269012689590454,3,282,178,489
video6.mp4,80,85,0.6231210231781006,0,281,178,492
video6.mp4,81,85,0.8366031646728516,0,276,178,500
video6.mp4,82,85,0.8252592086791992,0,275,176,502
video6.mp4,83,85,0.8424034714698792,0,278,173,503
video6.mp4,84,85,0.8377641439437866,0,282,169,502
video6.mp4,85,85,0.8505907654762268,0,284,166,502
video6.mp4,86,85,0.8311710357666016,0,286,164,500
video6.mp4,87,85,0.7530168890953064,0,286,161,501
video6.mp4,88,85,0.7475929260253906,0,287,166,501
video6.mp4,89,85,0.7758817076683044,0,289,164,503
video6.mp4,90,85,0.7070852518081665,0,290,157,502
video6.mp4,91,85,0.6704980134963989,0,292,150,502
video6.mp4,92,85,0.7995449304580688,0,292,149,504
video6.mp4,93,85,0.6372354030609131,0,294,146,503
video6.mp4,94,85,0.7406323552131653,0,293,154,504
video6.mp4,95,85,0.8264254331588745,0,293,156,504
video6.mp4,96,85,0.8468018770217896,0,294,156,504
video6.mp4,97,85,0.8748087882995605,0,295,155,505
video6.mp4,98,85,0.8480558395385742,0,294,153,505
video6.mp4,99,85,0.8367425799369812,0,296,149,505
video6.mp4,100,85,0.799149751663208,0,297,146,504
video6.mp4,101,85,0.7797107696533203,0,299,142,505
video6.mp4,102,85,0.8089717030525208,0,301,137,505
video6.mp4,103,85,0.8048571348190308,0,304,133,506
video6.mp4,104,85,0.8435290455818176,0,305,129,505
video6.mp4,105,85,0.8216270208358765,0,307,125,504
video6.mp4,106,85,0.6536688804626465,0,310,121,504
video6.mp4,107,85,0.6801305413246155,0,312,117,504
video6.mp4,108,85,0.6072033047676086,0,315,113,504
video7.mp4,2,90,0.8998239636421204,232,249,484,504
video7.mp4,2,91,0.8416584730148315,488,248,729,504
video7.mp4,2,93,0.6846652030944824,400,163,551,489
video7.mp4,3,90,0.899308443069458,232,249,485,504
video7.mp4,3,91,0.8447157740592957,488,247,729,504
video7.mp4,3,93,0.6860058903694153,400,164,550,493
video7.mp4,3,94,0.5880242586135864,142,188,332,493
video7.mp4,4,90,0.896544873714447,233,248,485,504
video7.mp4,4,91,0.8219372630119324,489,248,730,504
video7.mp4,4,93,0.6708850264549255,398,162,553,490
video7.mp4,5,90,0.8969153761863708,233,249,486,504
video7.mp4,5,91,0.8191051483154297,490,248,730,504
video7.mp4,5,93,0.6797337532043457,398,162,553,491
video7.mp4,6,90,0.9002498984336853,234,248,487,504
video7.mp4,6,91,0.8392990827560425,491,248,729,504
video7.mp4,6,93,0.6768376231193542,400,162,553,473
video7.mp4,7,90,0.8990405797958374,235,249,489,504
video7.mp4,7,91,0.8400209546089172,494,248,733,504
video7.mp4,7,93,0.7400368452072144,404,162,553,460
video7.mp4,7,94,0.5402721762657166,142,188,337,497
video7.mp4,8,90,0.902225911617279,237,249,489,504
video7.mp4,8,91,0.845757246017456,498,247,736,504
video7.mp4,8,93,0.7084866762161255,405,162,555,476
video7.mp4,8,94,0.5658482909202576,146,187,338,498
video7.mp4,9,90,0.8965743780136108,239,248,491,504
video7.mp4,9,91,0.8506298661231995,497,246,737,504
video7.mp4,9,93,0.7430906891822815,405,162,555,456
video7.mp4,10,90,0.8986079096794128,239,248,491,504
video7.mp4,10,91,0.8574537634849548,498,247,737,504
video7.mp4,10,93,0.7647871971130371,401,162,555,451
video7.mp4,10,94,0.5013340711593628,152,187,341,494
video7.mp4,11,90,0.9001732468605042,240,248,492,504
video7.mp4,11,91,0.8472363352775574,499,247,735,504
video7.mp4,11,93,0.7446921467781067,406,163,558,452
video7.mp4,11,94,0.5020259618759155,152,187,341,496
video7.mp4,12,90,0.8992422223091125,239,247,492,504
video7.mp4,12,91,0.8529870510101318,498,247,735,504
video7.mp4,12,93,0.7618558406829834,401,162,556,450
video7.mp4,13,90,0.8979441523551941,239,248,491,504
video7.mp4,13,91,0.8494272232055664,497,250,736,504
video7.mp4,13,93,0.7232178449630737,406,163,558,453
video7.mp4,14,90,0.8995895981788635,240,248,491,504
video7.mp4,14,91,0.8438235521316528,497,250,738,504
video7.mp4,14,93,0.7292479872703552,408,162,559,454
video7.mp4,15,90,0.8982536196708679,239,249,490,504
video7.mp4,15,91,0.8447887897491455,494,248,737,504
video7.mp4,15,93,0.7014891505241394,404,163,559,466
video7.mp4,15,94,0.5213441252708435,151,188,341,497
video7.mp4,16,90,0.8991839289665222,239,249,490,504
video7.mp4,16,91,0.8499547243118286,493,249,737,504
video7.mp4,16,93,0.7140131592750549,402,163,558,461
video7.mp4,16,94,0.5011965036392212,151,188,341,495
video7.mp4,17,90,0.8996353149414062,239,249,490,504
video7.mp4,17,91,0.8432221412658691,495,248,735,504
video7.mp4,17,93,0.7009842395782471,404,163,559,467
video7.mp4,17,94,0.5281547904014587,151,187,341,497
video7.mp4,18,90,0.9008120894432068,239,249,490,504
video7.mp4,18,91,0.8421651124954224,494,248,735,504
video7.mp4,18,93,0.714952290058136,404,163,558,465
video7.mp4,18,94,0.5951295495033264,151,188,341,500
video7.mp4,19,90,0.8999505043029785,238,249,489,504
video7.mp4,19,91,0.846126914024353,493,248,738,504
video7.mp4,19,93,0.7138580083847046,402,163,557,466
video7.mp4,19,94,0.6572846174240112,150,188,340,500
video7.mp4,20,90,0.9021127820014954,237,250,489,504
video7.mp4,20,91,0.8511782884597778,492,248,738,504
video7.mp4,20,93,0.6934064626693726,403,163,556,471
video7.mp4,20,94,0.5723826289176941,144,188,340,498
video7.mp4,21,90,0.9021523594856262,235,248,487,504
video7.mp4,21,91,0.8394466638565063,492,250,734,504
video7.mp4,21,93,0.7043761014938354,405,163,554,481
video7.mp4,21,94,0.5001135468482971,147,188,338,492
video7.mp4,22,90,0.9002813100814819,234,249,487,504
video7.mp4,22,91,0.8482321500778198,491,250,733,505
video7.mp4,22,93,0.7099370956420898,400,163,554,476
video7.mp4,22,94,0.5314260721206665,148,188,337,492
video7.mp4,23,90,0.9038137197494507,233,249,486,504
video7.mp4,23,91,0.850546658039093,489,250,731,504
video7.mp4,23,93,0.7170504927635193,397,163,552,464
video7.mp4,23,94,0.5544502139091492,148,189,336,492
video7.mp4,24,90,0.9022855162620544,233,249,485,504
video7.mp4,24,91,0.8486977219581604,490,250,731,504
video7.mp4,24,93,0.7154144644737244,397,161,551,466
video7.mp4,25,90,0.9029439091682434,232,248,485,504
video7.mp4,25,91,0.8346746563911438,490,249,735,504
video7.mp4,25,93,0.6945524215698242,396,162,551,465
video7.mp4,25,94,0.6068228483200073,147,188,334,494
video7.mp4,26,90,0.9058433771133423,233,249,486,504
video7.mp4,26,91,0.8467799425125122,491,250,730,504
video7.mp4,26,93,0.7323430180549622,397,163,552,461
video7.mp4,26,94,0.5825871229171753,148,188,334,494
video7.mp4,27,90,0.9057939648628235,233,248,486,504
video7.mp4,27,91,0.8286738395690918,491,248,736,504
video7.mp4,27,93,0.762260913848877,397,162,552,453
video7.mp4,27,94,0.6312119960784912,147,186,335,499
video7.mp4,28,90,0.9046369791030884,234,248,486,504
video7.mp4,28,91,0.843548595905304,492,249,734,504
video7.mp4,28,93,0.767801821231842,398,162,552,456
video7.mp4,28,94,0.5673384666442871,148,188,335,496
video7.mp4,29,90,0.9035497307777405,235,248,487,504
video7.mp4,29,91,0.8364992141723633,494,249,734,505
video7.mp4,29,93,0.7379695773124695,399,162,553,466
video7.mp4,29,94,0.5577436089515686,148,188,337,495
video7.mp4,30,90,0.9039024710655212,238,249,489,504
video7.mp4,30,91,0.8428766131401062,494,247,739,504
video7.mp4,30,93,0.76927250623703,403,163,554,454
video7.mp4,30,94,0.5521790385246277,151,188,339,497
video7.mp4,31,90,0.9039096832275391,237,250,489,504
video7.mp4,31,91,0.8442617058753967,493,247,738,504
video7.mp4,31,93,0.7605509161949158,401,164,555,456
video7.mp4,31,94,0.6355039477348328,152,188,339,498
video7.mp4,32,90,0.9040494561195374,238,250,489,504
video7.mp4,32,91,0.8514122366905212,492,248,739,504
video7.mp4,32,93,0.7508866786956787,401,164,555,461
video7.mp4,32,94,0.6380415558815002,152,189,339,498
video7.mp4,33,90,0.9038404226303101,238,250,489,504
video7.mp4,33,91,0.8446259498596191,493,247,739,504
video7.mp4,33,93,0.7540305256843567,402,164,555,457
video7.mp4,33,94,0.7449864149093628,151,188,340,500
video7.mp4,34,90,0.9030770659446716,237,249,489,504
video7.mp4,34,91,0.843350350856781,492,247,739,504
video7.mp4,34,93,0.7652422785758972,402,164,555,456
video7.mp4,34,94,0.7354587912559509,151,188,339,500
video7.mp4,35,90,0.9019727110862732,239,249,490,504
video7.mp4,35,91,0.8532199859619141,493,248,738,504
video7.mp4,35,93,0.755517840385437,403,163,555,454
video7.mp4,35,94,0.6189551949501038,152,188,340,499
video7.mp4,36,90,0.9027912616729736,239,250,490,504
video7.mp4,36,91,0.8581874966621399,493,248,738,504
video7.mp4,36,93,0.7536910772323608,403,163,555,455
video7.mp4,36,94,0.6991957426071167,152,188,341,500
video7.mp4,37,90,0.9015546441078186,238,250,489,504
video7.mp4,37,91,0.8496710062026978,492,248,738,504
video7.mp4,37,93,0.7496951222419739,401,164,556,455
video7.mp4,37,94,0.6761096715927124,152,189,341,500
video7.mp4,38,90,0.9032745957374573,238,250,489,504
video7.mp4,38,91,0.8629357814788818,491,248,738,504
video7.mp4,38,93,0.7489777207374573,401,165,556,457
video7.mp4,38,94,0.7053433656692505,151,189,341,500
video7.mp4,39,90,0.9032440185546875,239,250,490,504
video7.mp4,39,91,0.8632931113243103,493,248,737,504
video7.mp4,39,93,0.7547401189804077,403,164,556,455
video7.mp4,39,94,0.7035861015319824,152,188,341,500
video7.mp4,40,90,0.9042093753814697,240,250,491,504
video7.mp4,40,91,0.8670306205749512,495,249,738,504
video7.mp4,40,93,0.7607632875442505,404,165,557,454
video7.mp4,40,94,0.7162947654724121,153,190,342,500
video7.mp4,41,90,0.9046894311904907,240,250,490,504
video7.mp4,41,91,0.8666687607765198,494,249,737,504
video7.mp4,41,93,0.747084379196167,403,164,557,455
video7.mp4,41,94,0.7171715497970581,152,189,342,500
video7.mp4,42,90,0.9029232263565063,240,250,490,504
video7.mp4,42,91,0.8668695092201233,493,249,738,504
video7.mp4,42,93,0.7592982053756714,400,165,555,453
video7.mp4,42,94,0.6174333095550537,153,189,341,499
video7.mp4,43,90,0.9054897427558899,236,250,488,504
video7.mp4,43,91,0.8526368737220764,491,248,736,504
video7.mp4,43,93,0.7319629788398743,404,165,555,459
video7.mp4,43,94,0.6605514287948608,151,188,340,499
video7.mp4,44,90,0.9035701751708984,234,250,487,504
video7.mp4,44,91,0.8444685935974121,489,248,733,504
video7.mp4,44,93,0.7426467537879944,402,166,553,453
video7.mp4,44,94,0.6260257959365845,151,189,339,498
video7.mp4,45,90,0.9059312343597412,233,249,486,504
video7.mp4,45,91,0.8507832288742065,490,249,730,504
video7.mp4,45,93,0.7501373887062073,397,165,552,455
video7.mp4,45,94,0.6581523418426514,147,189,337,498
video7.mp4,46,90,0.9054772853851318,232,249,485,504
video7.mp4,46,91,0.8521395921707153,488,248,731,504
video7.mp4,46,93,0.7162218689918518,399,165,551,453
video7.mp4,46,94,0.6229985356330872,148,189,336,496
video7.mp4,47,90,0.9071180820465088,232,248,484,504
video7.mp4,47,91,0.8508378863334656,487,247,731,504
video7.mp4,47,93,0.709444522857666,399,165,550,455
video7.mp4,47,94,0.6834537982940674,145,189,335,498
video7.mp4,48,90,0.907333254814148,234,250,485,504
video7.mp4,48,91,0.853126585483551,489,250,730,504
video7.mp4,48,93,0.7398838996887207,398,166,551,454
video7.mp4,48,94,0.6582236886024475,147,190,335,497
video7.mp4,49,90,0.9031057357788086,234,249,486,504
video7.mp4,49,91,0.8414708971977234,490,247,733,504
video7.mp4,49,93,0.7211340665817261,397,165,552,459
video7.mp4,49,94,0.6187885999679565,149,189,338,496
video7.mp4,50,90,0.9035328030586243,235,249,487,504
video7.mp4,50,91,0.854390561580658,490,247,733,504
video7.mp4,50,93,0.7585563659667969,398,165,552,452
video7.mp4,50,94,0.6308805346488953,147,189,338,498
video7.mp4,51,90,0.9036874771118164,237,249,488,504
video7.mp4,51,91,0.8557794094085693,490,247,736,504
video7.mp4,51,93,0.7344891428947449,406,164,554,453
video7.mp4,51,94,0.6146740913391113,149,188,339,499
video7.mp4,52,90,0.9008142352104187,238,249,490,504
video7.mp4,52,91,0.8494248390197754,492,247,737,504
video7.mp4,52,93,0.7423549294471741,406,164,556,455
video7.mp4,52,94,0.719141960144043,151,189,340,500
video7.mp4,53,90,0.9039866924285889,240,249,490,504
video7.mp4,53,91,0.8542752861976624,493,247,738,504
video7.mp4,53,93,0.742745578289032,403,164,556,453
video7.mp4,53,94,0.7387251257896423,151,189,340,499
video7.mp4,54,90,0.9021952748298645,239,249,490,504
video7.mp4,54,91,0.8531380891799927,492,248,738,504
video7.mp4,54,93,0.7418206334114075,408,165,557,454
video7.mp4,54,94,0.6746566295623779,151,189,340,500
video7.mp4,55,90,0.9029902815818787,239,248,490,504
video7.mp4,55,91,0.8496954441070557,493,247,739,504
video7.mp4,55,93,0.756122350692749,407,164,556,453
video7.mp4,55,94,0.6517580151557922,150,188,340,500
video7.mp4,56,90,0.9030295610427856,240,249,490,504
video7.mp4,56,91,0.8572036623954773,492,247,738,504
video7.mp4,56,93,0.7599061727523804,402,165,556,453
video7.mp4,56,94,0.7269302010536194,151,188,341,500
video7.mp4,57,90,0.9056392908096313,240,249,490,504
video7.mp4,57,91,0.8643217086791992,493,247,738,504
video7.mp4,57,93,0.7675403952598572,402,164,556,452
video7.mp4,57,94,0.6901921033859253,152,188,341,500
video7.mp4,58,90,0.9021677374839783,240,250,490,504
video7.mp4,58,91,0.854595959186554,493,248,738,504
video7.mp4,58,93,0.762345552444458,401,165,557,452
video7.mp4,58,94,0.6092804670333862,152,188,341,498
video7.mp4,59,90,0.9029303193092346,240,249,490,504
video7.mp4,59,91,0.8662335276603699,493,249,739,504
video7.mp4,59,93,0.7640700936317444,402,165,557,452
video7.mp4,59,94,0.5644490718841553,152,188,341,498
video7.mp4,60,90,0.9019008874893188,240,249,490,504
video7.mp4,60,91,0.8661229610443115,493,247,738,504
video7.mp4,60,93,0.7526423931121826,403,165,557,452
video7.mp4,60,94,0.5928735136985779,151,188,342,498
video7.mp4,61,90,0.9018487334251404,240,250,490,504
video7.mp4,61,91,0.8651534914970398,493,249,738,504
video7.mp4,61,93,0.769512414932251,401,165,556,452
video7.mp4,61,94,0.5587812066078186,152,189,341,497
video7.mp4,62,90,0.9022229909896851,240,250,490,504
video7.mp4,62,91,0.8625681400299072,493,249,738,504
video7.mp4,62,93,0.7504746317863464,402,166,557,453
video7.mp4,62,94,0.5296791791915894,153,188,342,497
video7.mp4,63,90,0.9032784700393677,240,250,489,504
video7.mp4,63,91,0.8479331135749817,493,249,736,504
video7.mp4,63,93,0.7735084891319275,401,166,555,452
video7.mp4,63,94,0.6461668610572815,152,188,341,499
video7.mp4,64,90,0.9049836993217468,238,250,488,504
video7.mp4,64,91,0.8458486795425415,494,248,734,504
video7.mp4,64,93,0.7571020722389221,401,166,555,452
video7.mp4,64,94,0.6493432521820068,149,189,340,499
video7.mp4,65,90,0.9044914245605469,236,250,488,504
video7.mp4,65,91,0.846250057220459,490,248,733,504
video7.mp4,65,93,0.7571806311607361,404,165,554,452
video7.mp4,65,94,0.5982258915901184,147,188,339,498
video7.mp4,66,90,0.8999992609024048,235,250,487,504
video7.mp4,66,91,0.8427586555480957,490,250,732,504
video7.mp4,66,93,0.7557641267776489,398,165,554,456
video7.mp4,67,90,0.900375247001648,233,249,486,505
video7.mp4,67,91,0.8448264598846436,490,249,729,504
video7.mp4,67,93,0.7183749079704285,397,164,553,462
video7.mp4,67,94,0.501412570476532,147,188,336,496
video7.mp4,68,90,0.903820276260376,232,249,486,504
video7.mp4,68,91,0.846727728843689,489,247,730,504
video7.mp4,68,93,0.6896036267280579,397,164,553,461
video7.mp4,68,94,0.5484766960144043,147,187,335,495
video7.mp4,69,90,0.9047461152076721,231,248,485,504
video7.mp4,69,91,0.8527330756187439,488,247,729,504
video7.mp4,69,93,0.6899179816246033,397,163,552,462
video7.mp4,69,94,0.5348234176635742,147,187,334,494
video7.mp4,70,90,0.9025940299034119,232,248,485,504
video7.mp4,70,91,0.8588632345199585,488,247,730,504
video7.mp4,70,93,0.6785590052604675,399,164,553,472
video7.mp4,71,90,0.9020465612411499,233,248,486,505
video7.mp4,71,91,0.8573738932609558,488,247,729,504
video7.mp4,71,93,0.7122066617012024,397,164,553,459
video7.mp4,72,90,0.899750828742981,234,249,487,504
video7.mp4,72,91,0.8421782851219177,490,249,731,504
video7.mp4,72,93,0.7050464749336243,398,164,553,463
video7.mp4,73,90,0.897861123085022,236,249,488,504
video7.mp4,73,91,0.8380334973335266,492,247,732,504
video7.mp4,73,93,0.7035289406776428,402,164,554,468
video7.mp4,74,90,0.9061070084571838,237,250,489,504
video7.mp4,74,91,0.8537309765815735,491,249,736,504
video7.mp4,74,93,0.740439772605896,401,165,556,457
video7.mp4,74,94,0.6608374118804932,152,189,339,500
video7.mp4,75,90,0.9049726724624634,238,249,490,504
video7.mp4,75,91,0.850852370262146,492,247,736,504
video7.mp4,75,93,0.7398329973220825,404,164,557,460
video7.mp4,75,94,0.7094104290008545,152,188,339,500
video7.mp4,76,90,0.9043541550636292,240,250,490,504
video7.mp4,76,91,0.8523693084716797,494,247,736,504
video7.mp4,76,93,0.7575574517250061,401,164,557,453
video7.mp4,76,94,0.753169059753418,153,188,340,500
video7.mp4,77,90,0.9037184119224548,240,250,490,504
video7.mp4,77,91,0.8551509380340576,495,248,736,504
video7.mp4,77,93,0.7421903610229492,401,165,557,454
video7.mp4,77,94,0.7009668946266174,153,190,341,499
video7.mp4,78,90,0.900274932384491,240,250,490,504
video7.mp4,78,91,0.858612596988678,495,248,735,504
video7.mp4,78,93,0.7015320062637329,405,165,558,467
video7.mp4,78,94,0.6736747026443481,153,188,341,499
video7.mp4,79,90,0.9015182256698608,239,249,490,504
video7.mp4,79,91,0.8554190397262573,494,248,735,504
video7.mp4,79,94,0.7588071823120117,153,188,341,500
video7.mp4,79,93,0.7314723134040833,404,164,558,458
video7.mp4,80,90,0.9047741293907166,238,250,489,504
video7.mp4,80,91,0.8547216057777405,492,249,735,504
video7.mp4,80,93,0.7107714414596558,403,165,557,470
video7.mp4,80,94,0.6581617593765259,151,187,340,498
video7.mp4,81,90,0.9037944674491882,237,250,488,504
video7.mp4,81,91,0.8614429831504822,490,248,734,504
video7.mp4,81,93,0.7194772362709045,403,165,556,461
video7.mp4,81,94,0.5743054151535034,152,188,339,495
video7.mp4,82,90,0.9049965739250183,238,249,489,504
video7.mp4,82,91,0.8552855253219604,492,247,734,504
video7.mp4,82,93,0.7362518906593323,407,164,557,457
video7.mp4,82,94,0.6733101606369019,152,187,340,499
video7.mp4,83,90,0.903642475605011,236,249,489,504
video7.mp4,83,91,0.8420315384864807,492,248,735,504
video7.mp4,83,93,0.6966698169708252,410,165,557,470
video7.mp4,83,94,0.6469564437866211,152,187,339,499
video7.mp4,84,90,0.9046853184700012,236,249,488,504
video7.mp4,84,91,0.8555909991264343,492,251,733,504
video7.mp4,84,93,0.7100798487663269,408,165,556,465
video7.mp4,84,94,0.6512174606323242,152,187,339,498
video7.mp4,85,90,0.9052128791809082,236,249,488,504
video7.mp4,85,91,0.8577229976654053,492,248,735,504
video7.mp4,85,94,0.7308840751647949,152,188,340,500
video7.mp4,85,93,0.7085409760475159,404,165,556,464
video7.mp4,86,90,0.9022411704063416,236,249,487,504
video7.mp4,86,91,0.8543006777763367,492,248,734,504
video7.mp4,86,93,0.701938271522522,403,165,555,463
video7.mp4,86,94,0.5887628793716431,152,187,338,496
video7.mp4,87,90,0.9008765816688538,234,249,487,504
video7.mp4,87,91,0.8514806628227234,491,248,734,504
video7.mp4,87,93,0.6741834282875061,401,165,555,469
video7.mp4,87,94,0.5701389908790588,151,187,337,497
video7.mp4,88,90,0.9005924463272095,233,249,486,504
video7.mp4,88,91,0.8523625731468201,489,248,733,504
video7.mp4,88,93,0.7451879978179932,398,165,553,456
video7.mp4,88,94,0.5640512108802795,149,188,337,494
video7.mp4,89,90,0.906159520149231,232,249,485,505
video7.mp4,89,91,0.8409581780433655,489,248,731,504
video7.mp4,89,93,0.6870114803314209,398,165,553,457
video7.mp4,89,94,0.668476402759552,147,188,335,497
video7.mp4,90,90,0.9065828919410706,232,249,484,504
video7.mp4,90,91,0.8500525951385498,488,248,732,504
video7.mp4,90,93,0.7429016828536987,399,165,553,455
video7.mp4,90,94,0.5864433646202087,147,188,334,494
video7.mp4,91,90,0.9017534852027893,232,249,484,504
video7.mp4,91,91,0.8453561663627625,489,250,732,504
video7.mp4,91,93,0.7061605453491211,398,166,553,469
video7.mp4,91,94,0.5487042665481567,147,188,334,492
video7.mp4,92,90,0.9050171971321106,232,249,485,504
video7.mp4,92,91,0.8398325443267822,490,249,730,504
video7.mp4,92,93,0.7543481588363647,397,164,553,457
video7.mp4,92,94,0.7088714838027954,146,188,334,499
video7.mp4,93,90,0.9022114872932434,234,250,486,504
video7.mp4,93,91,0.8454952239990234,492,249,731,504
video7.mp4,93,93,0.7459372282028198,398,165,553,459
video7.mp4,93,94,0.5458751916885376,147,188,336,496
video7.mp4,94,90,0.8997884392738342,234,249,487,504
video7.mp4,94,91,0.8450339436531067,494,249,731,504
video7.mp4,94,93,0.7316734194755554,398,164,553,457
video7.mp4,94,94,0.5293161869049072,148,188,336,495
video7.mp4,95,90,0.8982216715812683,234,249,487,504
video7.mp4,95,91,0.8489412069320679,494,247,732,504
video7.mp4,95,93,0.7229076027870178,398,164,554,457
video7.mp4,95,94,0.5044034123420715,150,188,336,499
video7.mp4,96,90,0.9011368155479431,237,250,487,504
video7.mp4,96,91,0.8430902361869812,495,248,735,504
video7.mp4,96,93,0.6915976405143738,399,165,555,477
video7.mp4,96,94,0.5620378255844116,150,188,338,498
video7.mp4,97,90,0.8999167084693909,238,250,488,504
video7.mp4,97,91,0.8536664247512817,495,248,734,504
video7.mp4,97,93,0.6811285018920898,401,164,557,478
video7.mp4,97,94,0.5856973528862,147,188,339,499
video7.mp4,98,90,0.8988218307495117,238,250,489,504
video7.mp4,98,91,0.8545112013816833,493,248,735,504
video7.mp4,98,93,0.7055639624595642,402,164,557,458
video7.mp4,98,94,0.6094613075256348,151,188,339,498
video7.mp4,99,90,0.8990604281425476,238,250,489,504
video7.mp4,99,91,0.8480423092842102,495,248,734,504
video7.mp4,99,93,0.6894465684890747,401,164,557,468
video7.mp4,99,94,0.573172926902771,151,188,339,498
video7.mp4,100,90,0.9004693627357483,237,249,488,504
video7.mp4,100,91,0.8394395709037781,496,248,733,504
video7.mp4,100,93,0.6981004476547241,401,164,556,485
video7.mp4,100,94,0.5102008581161499,152,188,338,494
video7.mp4,101,90,0.8992016315460205,236,249,488,504
video7.mp4,101,91,0.8369544148445129,495,248,732,504
video7.mp4,101,93,0.6846027374267578,401,164,556,478
video7.mp4,101,94,0.5105234384536743,152,188,338,490
video7.mp4,102,90,0.8994506597518921,239,249,489,504
video7.mp4,102,91,0.8539054989814758,495,248,734,504
video7.mp4,102,93,0.6956419944763184,400,165,557,468
video7.mp4,102,94,0.5459373593330383,151,188,339,499
video7.mp4,103,90,0.8995595574378967,238,250,489,504
video7.mp4,103,91,0.8526124358177185,496,248,734,504
video7.mp4,103,93,0.6810253262519836,400,165,557,474
video7.mp4,103,94,0.5656089782714844,152,188,339,498
video7.mp4,104,90,0.9003486037254333,238,250,489,504
video7.mp4,104,91,0.8465394377708435,496,248,734,504
video7.mp4,104,93,0.6946830749511719,400,165,557,468
video7.mp4,104,94,0.5884832739830017,152,188,340,498
video7.mp4,105,90,0.9023815393447876,240,250,490,504
video7.mp4,105,91,0.8642165064811707,497,249,736,504
video7.mp4,105,93,0.7214558720588684,400,166,556,456
video7.mp4,106,90,0.8997092843055725,240,251,489,504
video7.mp4,106,91,0.8629135489463806,497,250,736,504
video7.mp4,106,93,0.7294307351112366,399,166,556,455
video7.mp4,107,90,0.9023677110671997,240,250,490,504
video7.mp4,107,91,0.8626593947410583,497,249,736,504
video7.mp4,107,93,0.7251346111297607,399,166,556,455
video7.mp4,108,90,0.8998119235038757,239,250,489,504
video7.mp4,108,91,0.8546606302261353,496,249,735,504
video7.mp4,108,93,0.7212375402450562,398,166,556,454
video7.mp4,109,90,0.8977968692779541,235,249,487,504
video7.mp4,109,91,0.8372368812561035,492,248,733,504
video7.mp4,109,93,0.7000531554222107,400,165,555,462
video7.mp4,110,90,0.8958624005317688,232,249,485,504
video7.mp4,110,91,0.8382097482681274,491,250,731,504
video7.mp4,110,93,0.7497169375419617,397,166,553,466
video7.mp4,111,90,0.8995845317840576,233,250,484,504
video7.mp4,111,91,0.8428928852081299,490,250,729,504
video7.mp4,111,93,0.7608776688575745,395,167,552,461
video7.mp4,112,90,0.8996580839157104,231,249,483,504
video7.mp4,112,91,0.8541524410247803,489,250,726,504
video7.mp4,112,93,0.762782633304596,395,166,551,454
video7.mp4,113,90,0.9040290713310242,230,249,483,504
video7.mp4,113,91,0.8509771823883057,490,250,725,504
video7.mp4,113,93,0.7271745800971985,394,166,551,464
video7.mp4,114,90,0.9027112126350403,232,250,484,504
video7.mp4,114,91,0.8364690542221069,491,250,728,504
video7.mp4,114,93,0.7301174402236938,396,166,551,462
video7.mp4,115,90,0.9004914164543152,233,249,486,504
video7.mp4,115,91,0.8407116532325745,492,249,730,504
video7.mp4,115,93,0.7385683655738831,397,165,552,455
video7.mp4,116,90,0.8973525762557983,234,248,486,504
video7.mp4,116,91,0.851455807685852,493,247,731,504
video7.mp4,116,93,0.7587978839874268,396,166,554,462
video7.mp4,117,90,0.8991424441337585,235,249,487,504
video7.mp4,117,91,0.8448494076728821,494,248,731,504
video7.mp4,117,93,0.6959068179130554,400,165,554,474
video7.mp4,118,90,0.8997993469238281,235,249,487,504
video7.mp4,118,91,0.8466898798942566,495,249,732,504
video7.mp4,118,93,0.6999604105949402,399,165,555,474
video7.mp4,119,90,0.8991912007331848,235,249,487,504
video7.mp4,119,91,0.8447969555854797,494,248,733,504
video7.mp4,119,93,0.700959324836731,399,165,555,475
video7.mp4,120,90,0.8995745182037354,235,249,487,504
video7.mp4,120,91,0.8425634503364563,495,249,732,504
video7.mp4,120,93,0.7346389293670654,398,166,555,493
video7.mp4,121,90,0.9008244872093201,236,249,487,504
video7.mp4,121,91,0.8439536094665527,493,248,732,504
video7.mp4,121,93,0.7226831316947937,399,165,554,458
video7.mp4,122,90,0.9030256271362305,236,249,488,504
video7.mp4,122,91,0.8431285619735718,496,248,734,504
video7.mp4,122,93,0.6919110417366028,402,165,556,478
video7.mp4,122,94,0.5016637444496155,150,189,340,495
video7.mp4,123,90,0.9006925225257874,236,250,487,504
video7.mp4,123,91,0.8440254926681519,494,249,731,504
video7.mp4,123,93,0.6960229277610779,399,166,555,475
video7.mp4,124,94,0.9078541994094849,114,220,302,501
video7.mp4,124,92,0.9024924039840698,330,25,463,319
video7.mp4,124,91,0.8901634216308594,437,238,734,503
video7.mp4,125,94,0.9100711345672607,114,220,302,501
video7.mp4,125,92,0.902066707611084,330,25,458,318
video7.mp4,125,91,0.8839413523674011,437,238,734,502
video7.mp4,125,96,0.7887845635414124,656,200,786,466
video7.mp4,125,97,0.5657106041908264,220,60,360,305
video7.mp4,126,94,0.9125505089759827,114,221,303,501
video7.mp4,126,92,0.9034880995750427,328,25,459,318
video7.mp4,126,91,0.8855645060539246,437,238,735,502
video7.mp4,126,96,0.8009639978408813,656,200,786,467
video7.mp4,127,94,0.9090338349342346,115,221,303,501
video7.mp4,127,92,0.9031206369400024,328,25,457,319
video7.mp4,127,91,0.8831222057342529,437,238,734,502
video7.mp4,127,96,0.8013108372688293,668,201,786,469
video7.mp4,127,97,0.5119922161102295,214,60,351,291
video7.mp4,128,92,0.9104765057563782,327,23,456,318
video7.mp4,128,94,0.9069669246673584,115,219,304,500
video7.mp4,128,91,0.8689711689949036,438,237,735,503
video7.mp4,128,96,0.8179863095283508,653,200,786,462
video7.mp4,128,97,0.5084147453308105,213,59,352,296
video7.mp4,129,94,0.9087175726890564,115,221,303,500
video7.mp4,129,92,0.9046303033828735,326,25,462,319
video7.mp4,129,91,0.8801846504211426,436,238,734,502
video7.mp4,129,96,0.7919021248817444,669,201,786,467
video7.mp4,129,97,0.5520846843719482,212,60,350,296
video7.mp4,130,94,0.909613847732544,114,221,303,500
video7.mp4,130,92,0.9076541662216187,326,26,463,318
video7.mp4,130,91,0.8784055709838867,436,239,734,502
video7.mp4,130,96,0.7987120151519775,668,202,786,467
video7.mp4,130,97,0.5210029482841492,212,61,350,299
video7.mp4,131,94,0.9012193083763123,114,220,302,500
video7.mp4,131,92,0.8953211903572083,322,25,460,319
video7.mp4,131,91,0.8893877863883972,437,238,733,502
video7.mp4,131,96,0.7979956865310669,653,202,786,468
video7.mp4,131,97,0.5413819551467896,209,61,348,301
video7.mp4,132,94,0.8971760869026184,113,220,301,500
video7.mp4,132,92,0.8884175419807434,321,25,457,319
video7.mp4,132,91,0.8833879828453064,434,238,732,502
video7.mp4,132,96,0.8246992230415344,651,202,786,467
video7.mp4,132,97,0.513486921787262,207,60,386,331
video7.mp4,133,94,0.9052280187606812,113,220,297,500
video7.mp4,133,91,0.8952678442001343,432,238,730,502
video7.mp4,133,92,0.894524097442627,319,24,454,318
video7.mp4,133,96,0.7967149615287781,652,201,786,466
video7.mp4,134,92,0.9050073623657227,316,26,447,318
video7.mp4,134,94,0.9028738141059875,113,218,296,500
video7.mp4,134,91,0.8961583971977234,431,237,728,502
video7.mp4,134,96,0.8148761987686157,655,201,786,464
video7.mp4,135,92,0.908672571182251,316,25,446,317
video7.mp4,135,91,0.9014971852302551,429,236,728,502
video7.mp4,135,94,0.8970611691474915,113,218,296,500
video7.mp4,135,96,0.821210503578186,648,201,786,466
video7.mp4,136,92,0.9111919403076172,315,25,446,317
video7.mp4,136,94,0.9043573141098022,113,218,296,500
video7.mp4,136,91,0.8979814052581787,432,236,730,502
video7.mp4,136,96,0.7981923222541809,657,200,786,465
video7.mp4,137,92,0.9118335843086243,316,26,446,318
video7.mp4,137,94,0.9050106406211853,113,221,298,500
video7.mp4,137,91,0.8977298140525818,434,238,731,502
video7.mp4,137,96,0.798486590385437,651,201,786,467
video7.mp4,138,92,0.9016156792640686,317,26,448,320
video7.mp4,138,94,0.8959770202636719,114,219,301,500
video7.mp4,138,91,0.8880506157875061,434,237,733,502
video7.mp4,138,96,0.8242812156677246,647,201,786,468
video7.mp4,139,91,0.8975470066070557,436,237,733,502
video7.mp4,139,92,0.897257924079895,318,26,449,319
video7.mp4,139,94,0.8893625140190125,114,219,302,500
video7.mp4,139,96,0.805208683013916,648,200,786,468
video7.mp4,140,94,0.8958651423454285,115,219,303,500
video7.mp4,140,92,0.8898101449012756,320,24,451,318
video7.mp4,140,91,0.8852956295013428,436,236,735,502
video7.mp4,140,96,0.7805896997451782,658,199,786,466
video7.mp4,141,94,0.8914883732795715,115,219,303,500
video7.mp4,141,91,0.8864770531654358,436,237,734,502
video7.mp4,141,92,0.8839221596717834,321,24,451,318
video7.mp4,141,96,0.7813650965690613,652,200,786,467
video7.mp4,142,94,0.8913415670394897,114,219,302,500
video7.mp4,142,92,0.8855214715003967,321,24,452,318
video7.mp4,142,91,0.883071780204773,436,237,735,502
video7.mp4,142,96,0.801161527633667,651,200,786,464
video7.mp4,142,97,0.5398405194282532,204,61,372,302
video7.mp4,143,94,0.8908904790878296,114,219,301,501
video7.mp4,143,91,0.8850497007369995,436,237,735,502
video7.mp4,143,92,0.8700865507125854,324,25,452,318
video7.mp4,143,96,0.78183513879776,650,200,786,467
video7.mp4,143,97,0.7227171063423157,204,62,375,305
video7.mp4,144,94,0.8922722935676575,114,220,303,500
video7.mp4,144,92,0.8871490955352783,321,24,452,318
video7.mp4,144,91,0.8836414217948914,435,237,735,502
video7.mp4,144,96,0.7756390571594238,656,200,786,466
video7.mp4,144,97,0.5198241472244263,206,60,369,301
video7.mp4,145,94,0.8946135640144348,114,221,302,500
video7.mp4,145,92,0.891567587852478,321,24,454,318
video7.mp4,145,91,0.8755925297737122,436,238,735,502
video7.mp4,145,96,0.7714832425117493,652,200,786,468
video7.mp4,145,97,0.542637050151825,206,60,372,300
video7.mp4,146,94,0.9053356051445007,115,220,302,500
video7.mp4,146,92,0.9000652432441711,320,23,454,318
video7.mp4,146,91,0.8908237814903259,436,237,735,502
video7.mp4,146,96,0.8127159476280212,650,200,786,466
video7.mp4,147,94,0.9048064351081848,115,220,303,500
video7.mp4,147,92,0.8982354402542114,320,23,455,318
video7.mp4,147,91,0.8841146230697632,435,238,735,502
video7.mp4,147,96,0.8177110552787781,649,200,786,468
video7.mp4,148,94,0.9072099328041077,115,220,303,500
video7.mp4,148,92,0.9050458073616028,319,24,457,318
video7.mp4,148,91,0.887448787689209,436,238,735,501
video7.mp4,148,96,0.8091164827346802,651,201,786,468
video7.mp4,149,92,0.9080225825309753,319,24,457,318
video7.mp4,149,94,0.9062367677688599,115,221,302,500
video7.mp4,149,91,0.8941108584403992,436,238,735,501
video7.mp4,149,96,0.8178170323371887,650,201,786,468
video7.mp4,150,92,0.9123981595039368,319,24,457,319
video7.mp4,150,94,0.9092970490455627,115,220,303,500
video7.mp4,150,91,0.9001309871673584,436,238,736,502
video7.mp4,150,96,0.8347130417823792,650,201,786,467
video7.mp4,151,92,0.9129714369773865,319,25,459,319
video7.mp4,151,94,0.9104611873626709,115,220,304,500
video7.mp4,151,91,0.8880491256713867,436,238,736,501
video7.mp4,151,96,0.8086367845535278,652,202,786,470
video7.mp4,152,92,0.9183158874511719,319,25,461,318
video7.mp4,152,94,0.9081518650054932,115,220,303,500
video7.mp4,152,91,0.8903613686561584,437,237,736,501
video7.mp4,152,96,0.8107064962387085,650,202,786,467
video7.mp4,153,92,0.9239014983177185,319,25,463,318
video7.mp4,153,94,0.9069653749465942,115,219,303,500
video7.mp4,153,91,0.8850109577178955,436,237,736,501
video7.mp4,153,96,0.8054191470146179,650,202,786,469
video7.mp4,154,92,0.9236205220222473,317,25,460,318
video7.mp4,154,94,0.8899616003036499,114,220,305,500
video7.mp4,154,91,0.8872886896133423,434,237,734,501
video7.mp4,154,96,0.811260998249054,648,201,786,475
video7.mp4,155,92,0.9249770045280457,314,24,460,317
video7.mp4,155,94,0.8980420231819153,113,220,300,501
video7.mp4,155,91,0.8959691524505615,433,237,732,502
video7.mp4,155,96,0.8129080533981323,652,201,786,471
video7.mp4,156,92,0.9274529814720154,313,26,459,317
video7.mp4,156,94,0.900806188583374,114,221,298,501
video7.mp4,156,91,0.8919578194618225,431,237,731,502
video7.mp4,156,96,0.8085017204284668,652,202,786,472
video7.mp4,157,92,0.9243146181106567,312,26,457,318
video7.mp4,157,94,0.904392421245575,113,220,296,501
video7.mp4,157,91,0.8908772468566895,431,237,730,501
video7.mp4,157,96,0.801042914390564,655,202,786,472
video7.mp4,158,92,0.9226022958755493,312,27,456,318
video7.mp4,158,94,0.908852219581604,113,220,296,501
video7.mp4,158,91,0.888667106628418,431,238,730,501
video7.mp4,158,96,0.8108915090560913,654,202,786,471
video7.mp4,159,92,0.924651563167572,313,27,457,318
video7.mp4,159,94,0.8954448699951172,114,220,299,500
video7.mp4,159,91,0.8949862718582153,432,237,733,502
video7.mp4,159,96,0.8008991479873657,651,202,786,473
video7.mp4,160,92,0.9255159497261047,314,27,458,318
video7.mp4,160,94,0.8990127444267273,114,218,300,500
video7.mp4,160,91,0.8878118395805359,434,238,733,502
video7.mp4,160,96,0.8180166482925415,650,203,786,479
video7.mp4,161,92,0.9212890863418579,314,27,460,318
video7.mp4,161,94,0.9037126898765564,114,219,302,500
video7.mp4,161,91,0.8935933113098145,434,238,734,501
video7.mp4,161,96,0.811642050743103,649,203,786,482
video7.mp4,162,92,0.9162063002586365,315,28,460,318
video7.mp4,162,94,0.8955704569816589,115,220,303,500
video7.mp4,162,91,0.894091010093689,436,238,734,501
video7.mp4,162,96,0.8236222863197327,648,203,786,484
video7.mp4,163,92,0.9172249436378479,315,28,459,318
video7.mp4,163,91,0.9013071656227112,434,238,734,501
video7.mp4,163,94,0.8979071974754333,114,220,303,500
video7.mp4,163,96,0.8199073076248169,647,203,786,485
video7.mp4,164,92,0.9204585552215576,315,28,459,318
video7.mp4,164,91,0.9022005200386047,434,238,734,501
video7.mp4,164,94,0.8961723446846008,114,219,302,500
video7.mp4,164,96,0.8189045190811157,648,203,786,484
video7.mp4,165,92,0.920433759689331,315,27,458,318
video7.mp4,165,94,0.9022921919822693,114,218,302,501
video7.mp4,165,91,0.8982075452804565,434,237,734,501
video7.mp4,165,96,0.8246553540229797,646,203,786,485
video7.mp4,166,92,0.9161247611045837,315,28,459,318
video7.mp4,166,94,0.900115430355072,114,219,302,500
video7.mp4,166,91,0.8894268274307251,436,238,734,501
video7.mp4,166,96,0.8321951627731323,646,204,786,488
video7.mp4,167,92,0.914685070514679,315,27,460,318
video7.mp4,167,94,0.9025452733039856,114,220,302,501
video7.mp4,167,91,0.8838384747505188,436,238,734,501
video7.mp4,167,96,0.8392822742462158,645,204,786,486
video7.mp4,168,92,0.9157803058624268,316,27,460,318
video7.mp4,168,94,0.9017891883850098,114,220,302,500
video7.mp4,168,91,0.8828480243682861,436,238,735,501
video7.mp4,168,96,0.8093889951705933,646,204,786,484
video7.mp4,169,94,0.907593309879303,114,219,303,500
video7.mp4,169,92,0.9067567586898804,316,28,477,318
video7.mp4,169,91,0.8898781538009644,436,239,735,502
video7.mp4,169,96,0.8180242776870728,647,204,786,478
video7.mp4,170,92,0.9209031462669373,317,29,465,318
video7.mp4,170,94,0.9121050238609314,115,221,304,500
video7.mp4,170,91,0.8766877055168152,439,239,736,502
video7.mp4,170,96,0.8169167637825012,650,205,786,474
video7.mp4,171,92,0.9237117767333984,319,28,463,317
video7.mp4,171,94,0.9092555642127991,116,221,304,500
video7.mp4,171,91,0.8706127405166626,439,238,736,502
video7.mp4,171,96,0.8271368145942688,652,205,786,472
video7.mp4,172,92,0.9232514500617981,319,28,462,317
video7.mp4,172,94,0.9110080599784851,116,220,305,501
video7.mp4,172,91,0.8787938952445984,439,238,737,502
video7.mp4,172,96,0.8306736946105957,651,205,786,468
video7.mp4,173,92,0.9225244522094727,319,27,461,317
video7.mp4,173,94,0.9135861992835999,115,220,304,501
video7.mp4,173,91,0.8783159852027893,438,238,736,502
video7.mp4,173,96,0.8256033658981323,647,205,786,473
video7.mp4,174,92,0.9216790795326233,318,27,460,318
video7.mp4,174,94,0.9093819260597229,115,220,303,500
video7.mp4,174,91,0.8852169513702393,437,238,735,502
video7.mp4,174,96,0.8211353421211243,646,205,786,476
video7.mp4,175,92,0.9186476469039917,316,25,458,319
video7.mp4,175,94,0.8988657593727112,114,218,303,501
video7.mp4,175,91,0.8906396627426147,436,238,733,502
video7.mp4,175,96,0.8232058882713318,644,204,786,477
video7.mp4,176,92,0.9189701676368713,315,24,457,318
video7.mp4,176,94,0.8964923620223999,113,219,300,500
video7.mp4,176,91,0.8941864371299744,434,238,732,502
video7.mp4,176,96,0.8314940929412842,646,204,786,475
video7.mp4,177,92,0.9205702543258667,314,24,456,318
video7.mp4,177,94,0.9096599817276001,113,218,297,501
video7.mp4,177,91,0.8970702290534973,433,238,730,502
video7.mp4,177,96,0.8331278562545776,642,204,786,471
video7.mp4,178,92,0.9252827763557434,314,23,455,318
video7.mp4,178,94,0.9122421741485596,113,219,296,500
video7.mp4,178,91,0.8836221694946289,431,237,729,502
video7.mp4,178,96,0.8248238563537598,641,203,786,470
video7.mp4,179,92,0.922254741191864,313,24,455,318
video7.mp4,179,94,0.9106534123420715,113,219,296,500
video7.mp4,179,91,0.8852612376213074,431,237,729,502
video7.mp4,179,96,0.8189230561256409,641,203,786,469
video7.mp4,180,92,0.9216185808181763,313,24,456,318
video7.mp4,180,94,0.9106763005256653,113,219,296,500
video7.mp4,180,91,0.88780277967453,431,237,729,502
video7.mp4,180,96,0.8066052198410034,642,203,786,471
video7.mp4,181,92,0.9216145277023315,313,24,457,319
video7.mp4,181,94,0.9119032621383667,113,219,296,500
video7.mp4,181,91,0.8637129068374634,430,237,729,502
video7.mp4,181,96,0.8141994476318359,642,203,786,472
video7.mp4,182,92,0.9226215481758118,314,24,457,319
video7.mp4,182,94,0.9050110578536987,113,219,297,501
video7.mp4,182,91,0.8651392459869385,433,237,730,502
video7.mp4,182,96,0.8334298133850098,643,202,786,475
video7.mp4,183,92,0.9201657176017761,315,24,458,319
video7.mp4,183,94,0.9038689732551575,114,218,300,500
video7.mp4,183,91,0.8671361207962036,433,237,731,502
video7.mp4,183,96,0.8242092728614807,645,202,786,476
video7.mp4,184,92,0.9189356565475464,315,25,459,317
video7.mp4,184,94,0.9028218388557434,114,219,301,500
video7.mp4,184,91,0.8939997553825378,434,238,733,502
video7.mp4,184,96,0.8237214684486389,645,203,786,476
video7.mp4,185,92,0.9192346334457397,315,25,461,317
video7.mp4,185,94,0.9020258784294128,114,219,302,500
video7.mp4,185,91,0.8927022814750671,435,238,733,501
video7.mp4,185,96,0.8175080418586731,646,203,786,477
video7.mp4,186,92,0.9221070408821106,316,25,460,317
video7.mp4,186,94,0.8968087434768677,114,218,305,501
video7.mp4,186,91,0.8749986886978149,436,237,734,502
video7.mp4,186,96,0.8023477792739868,646,203,786,474
video7.mp4,187,92,0.9217978119850159,316,25,461,317
video7.mp4,187,94,0.8980423212051392,114,218,304,500
video7.mp4,187,91,0.8843918442726135,436,237,734,501
video7.mp4,187,96,0.8116509318351746,647,202,786,475
video7.mp4,188,92,0.9202956557273865,316,26,459,316
video7.mp4,188,94,0.897415280342102,114,218,304,500
video7.mp4,188,91,0.8705682158470154,437,237,734,501
video7.mp4,188,96,0.7973018884658813,647,202,786,475
video7.mp4,189,92,0.920012354850769,317,26,460,316
video7.mp4,189,94,0.8959689736366272,114,219,304,501
video7.mp4,189,91,0.8566692471504211,437,237,734,501
video7.mp4,189,96,0.8115910291671753,648,203,786,483
video7.mp4,190,92,0.9191005825996399,317,27,459,318
video7.mp4,190,94,0.9008272886276245,114,220,304,501
video7.mp4,190,91,0.8639736771583557,436,238,734,501
video7.mp4,190,96,0.818397581577301,648,204,786,481
video7.mp4,191,92,0.918116569519043,317,26,459,318
video7.mp4,191,94,0.9010430574417114,114,220,304,501
video7.mp4,191,96,0.8156477808952332,649,204,786,477
video7.mp4,191,91,0.7157421112060547,438,238,723,502
video7.mp4,192,92,0.9163751602172852,317,27,461,319
video7.mp4,192,94,0.911433219909668,115,221,303,501
video7.mp4,192,91,0.8674730062484741,437,238,735,501
video7.mp4,192,96,0.8240550756454468,648,204,786,471
video7.mp4,193,92,0.9176020622253418,317,26,461,318
video7.mp4,193,94,0.9086242318153381,115,220,303,501
video7.mp4,193,91,0.8598295450210571,437,238,734,502
video7.mp4,193,96,0.8183980584144592,649,204,786,474
video7.mp4,194,92,0.9172201156616211,318,27,461,318
video7.mp4,194,94,0.9096089005470276,115,220,303,501
video7.mp4,194,91,0.8540511131286621,437,238,734,501
video7.mp4,194,96,0.8227269649505615,648,204,786,472
video7.mp4,195,92,0.9174222350120544,318,27,461,318
video7.mp4,195,94,0.9061201214790344,116,220,303,500
video7.mp4,195,91,0.8492732048034668,437,238,734,501
video7.mp4,195,96,0.8093277812004089,648,203,786,475
video7.mp4,196,92,0.9193732738494873,318,27,461,318
video7.mp4,196,94,0.9061331152915955,115,220,303,500
video7.mp4,196,91,0.8660085201263428,437,238,734,501
video7.mp4,196,96,0.8204004168510437,648,204,786,475
video7.mp4,197,92,0.9192435145378113,316,27,459,318
video7.mp4,197,94,0.8969225287437439,114,219,304,500
video7.mp4,197,91,0.8737568259239197,437,237,734,502
video7.mp4,197,96,0.8265206813812256,646,203,786,475
video7.mp4,198,92,0.9235290288925171,315,29,459,319
video7.mp4,198,94,0.8956639170646667,113,220,301,500
video7.mp4,198,96,0.8715484142303467,645,204,786,488
video7.mp4,198,91,0.795868456363678,435,238,678,499
video7.mp4,199,92,0.9323267340660095,313,28,458,317
video7.mp4,199,94,0.9015253782272339,113,218,297,500
video7.mp4,199,91,0.8666797280311584,430,238,729,502
video7.mp4,199,96,0.8293898105621338,644,202,786,473
video7.mp4,200,92,0.9317849278450012,311,28,457,318
video7.mp4,200,94,0.8996661901473999,113,218,296,500
video7.mp4,200,91,0.850014328956604,431,237,728,502
video7.mp4,200,96,0.8043742179870605,643,202,786,472
video7.mp4,201,92,0.930637776851654,310,27,456,318
video7.mp4,201,94,0.9011549353599548,113,217,296,500
video7.mp4,201,91,0.8638776540756226,430,236,727,502
video7.mp4,201,96,0.8181436657905579,643,202,786,471
video7.mp4,202,92,0.9314905405044556,309,28,456,319
video7.mp4,202,94,0.8974370360374451,113,217,296,500
video7.mp4,202,91,0.8696590662002563,431,237,728,502
video7.mp4,202,96,0.8217567801475525,644,202,786,473
video7.mp4,203,92,0.93333500623703,309,28,456,318
video7.mp4,203,94,0.9019259810447693,113,217,296,500
video7.mp4,203,91,0.8268497586250305,434,236,728,502
video7.mp4,203,96,0.8194147944450378,645,202,786,470
video7.mp4,204,92,0.9325789213180542,312,30,457,317
video7.mp4,204,94,0.8943235278129578,113,219,299,500
video7.mp4,204,91,0.8694443702697754,433,237,730,502
video7.mp4,204,96,0.8338804244995117,645,202,786,473
video7.mp4,205,92,0.9331106543540955,313,30,457,317
video7.mp4,205,94,0.8951787352561951,114,219,301,500
video7.mp4,205,91,0.8772072792053223,433,237,731,502
video7.mp4,205,96,0.8228239417076111,645,201,786,471
video7.mp4,206,92,0.9361894726753235,314,31,459,317
video7.mp4,206,94,0.8888645172119141,114,218,301,501
video7.mp4,206,91,0.878710150718689,435,237,732,502
video7.mp4,206,96,0.8293852210044861,646,201,786,472
video7.mp4,207,92,0.9305833578109741,314,31,458,317
video7.mp4,207,94,0.8947849273681641,115,219,303,501
video7.mp4,207,91,0.8653950095176697,435,238,733,502
video7.mp4,207,96,0.8224020004272461,646,202,786,470
video7.mp4,208,92,0.9308141469955444,315,32,459,317
video7.mp4,208,94,0.8946656584739685,114,218,301,501
video7.mp4,208,91,0.8551132678985596,437,238,733,502
video7.mp4,208,96,0.7670183777809143,657,203,786,474
video7.mp4,209,92,0.9297959804534912,315,32,459,317
video7.mp4,209,94,0.8975164890289307,115,219,304,500
video7.mp4,209,91,0.8693808317184448,437,238,733,502
video7.mp4,209,96,0.8393078446388245,645,203,786,472
video7.mp4,210,92,0.9296349883079529,315,32,459,317
video7.mp4,210,94,0.8960671424865723,114,219,303,500
video7.mp4,210,91,0.8736594319343567,436,238,733,502
video7.mp4,210,96,0.8414428234100342,645,203,786,471
video7.mp4,211,92,0.9300419092178345,315,33,459,317
video7.mp4,211,94,0.895706057548523,114,219,304,501
video7.mp4,211,91,0.868173360824585,437,238,733,502
video7.mp4,211,96,0.8404220342636108,647,202,786,471
video7.mp4,212,92,0.9310951828956604,315,32,459,317
video7.mp4,212,94,0.8970507979393005,114,219,304,501
video7.mp4,212,91,0.8673853874206543,437,238,733,502
video7.mp4,212,96,0.8382160663604736,647,203,786,473
video7.mp4,213,92,0.9302253723144531,315,32,459,317
video7.mp4,213,94,0.8930907845497131,114,218,302,501
video7.mp4,213,91,0.8696429133415222,436,238,733,502
video7.mp4,213,96,0.8370534181594849,646,203,786,474
video7.mp4,214,92,0.9314759373664856,314,31,459,317
video7.mp4,214,94,0.8988949656486511,114,219,303,501
video7.mp4,214,91,0.878322422504425,436,238,733,502
video7.mp4,214,96,0.8406732678413391,646,203,786,478
video7.mp4,215,92,0.9334542751312256,314,30,459,317
video7.mp4,215,94,0.8976913690567017,114,219,303,501
video7.mp4,215,91,0.8822966814041138,436,238,733,502
video7.mp4,215,96,0.8372597694396973,646,203,786,477
video7.mp4,216,92,0.9340232014656067,315,30,460,317
video7.mp4,216,94,0.9043853282928467,115,220,304,501
video7.mp4,216,91,0.8755752444267273,438,238,734,502
video7.mp4,216,96,0.8343632221221924,647,204,786,471
video7.mp4,217,92,0.9332631826400757,315,29,461,317
video7.mp4,217,94,0.9048569798469543,115,220,304,501
video7.mp4,217,91,0.8725186586380005,438,238,734,502
video7.mp4,217,96,0.8303086161613464,647,204,786,471
video7.mp4,218,92,0.9244953989982605,316,29,461,318
video7.mp4,218,94,0.9079812169075012,116,221,305,501
video7.mp4,218,91,0.8661931753158569,439,238,735,502
video7.mp4,218,96,0.8346127867698669,650,203,786,468
video7.mp4,219,92,0.9265933632850647,315,27,460,317
video7.mp4,219,94,0.9027465581893921,115,220,305,501
video7.mp4,219,91,0.854576826095581,439,237,734,502
video7.mp4,219,96,0.8312439322471619,647,203,786,471
video7.mp4,220,92,0.9274845719337463,314,27,459,317
video7.mp4,220,94,0.8961014151573181,114,220,303,501
video7.mp4,220,91,0.8722140192985535,436,238,733,502
video7.mp4,220,96,0.8380104899406433,645,204,786,472
video7.mp4,221,92,0.9330113530158997,312,28,457,317
video7.mp4,221,94,0.9058590531349182,113,219,300,501
video7.mp4,221,91,0.8791850805282593,434,238,731,502
video7.mp4,221,96,0.8423215746879578,645,203,786,471
video7.mp4,222,92,0.9334829449653625,311,27,456,318
video7.mp4,222,94,0.9034349918365479,113,220,299,501
video7.mp4,222,91,0.8735328316688538,434,238,729,502
video7.mp4,222,96,0.8510854244232178,644,203,786,469
video7.mp4,223,92,0.9347236156463623,310,26,456,317
video7.mp4,223,94,0.9059856534004211,113,221,297,500
video7.mp4,223,91,0.883140504360199,433,238,730,502
video7.mp4,223,96,0.843672513961792,644,203,786,469
video7.mp4,224,92,0.9357097744941711,309,25,455,318
video7.mp4,224,94,0.9060516953468323,113,219,297,501
video7.mp4,224,91,0.8521955013275146,433,237,730,502
video7.mp4,224,96,0.8370336294174194,642,202,786,471
video7.mp4,225,92,0.9328534603118896,310,25,455,318
video7.mp4,225,94,0.9043467044830322,113,220,297,500
video7.mp4,225,91,0.8685668110847473,432,237,730,502
video7.mp4,225,96,0.8421167731285095,643,203,786,467
video7.mp4,226,92,0.9326105713844299,310,25,456,317
video7.mp4,226,94,0.9018886685371399,114,220,300,501
video7.mp4,226,91,0.8794198036193848,434,237,732,502
video7.mp4,226,96,0.8443259596824646,644,202,786,470
video7.mp4,227,92,0.9299185872077942,312,25,457,317
video7.mp4,227,94,0.901362955570221,114,219,302,501
video7.mp4,227,91,0.8789156079292297,434,237,732,502
video7.mp4,227,96,0.8444100022315979,644,202,786,470
video7.mp4,228,92,0.9289668798446655,313,25,457,317
video7.mp4,228,94,0.9034565687179565,114,219,301,501
video7.mp4,228,91,0.8727811574935913,434,237,733,502
video7.mp4,228,96,0.8450958132743835,644,202,786,469
video7.mp4,229,92,0.9313378930091858,312,25,457,317
video7.mp4,229,94,0.9063895344734192,114,219,301,501
video7.mp4,229,91,0.873547375202179,434,238,732,503
video7.mp4,229,96,0.8515505790710449,644,203,786,468
video7.mp4,230,92,0.9314550757408142,312,26,457,317
video7.mp4,230,94,0.9014084339141846,114,219,301,501
video7.mp4,230,91,0.8931728601455688,434,238,732,502
video7.mp4,230,96,0.8561462163925171,644,203,786,468
video7.mp4,231,92,0.9330235719680786,312,26,457,317
video7.mp4,231,94,0.9011436104774475,114,219,302,501
video7.mp4,231,91,0.8821436166763306,434,238,732,502
video7.mp4,231,96,0.8475351333618164,644,203,786,469
video7.mp4,232,92,0.932664155960083,312,26,457,317
video7.mp4,232,94,0.8975058794021606,114,219,302,501
video7.mp4,232,91,0.8809716701507568,434,238,732,502
video7.mp4,232,96,0.8473536372184753,644,203,786,471
video7.mp4,233,92,0.9313836097717285,312,26,457,316
video7.mp4,233,94,0.897563636302948,114,220,302,501
video7.mp4,233,91,0.8711927533149719,435,238,733,502
video7.mp4,233,96,0.8359681963920593,644,203,786,474
video7.mp4,234,92,0.9279387593269348,314,27,457,317
video7.mp4,234,94,0.9026123285293579,114,219,302,501
video7.mp4,234,91,0.8807936310768127,437,238,734,502
video7.mp4,234,96,0.8393645882606506,645,203,786,477
video7.mp4,235,92,0.9281061887741089,314,27,458,317
video7.mp4,235,94,0.8996787071228027,115,219,303,501
video7.mp4,235,91,0.8752242922782898,437,238,734,502
video7.mp4,235,96,0.8358107805252075,645,203,786,475
video7.mp4,236,92,0.9296481013298035,314,27,458,318
video7.mp4,236,94,0.910102128982544,115,220,302,501
video7.mp4,236,91,0.8813536763191223,437,238,734,502
video7.mp4,236,96,0.8414910435676575,646,204,786,470
video7.mp4,237,92,0.9273478984832764,314,28,458,317
video7.mp4,237,94,0.9086024761199951,115,220,302,501
video7.mp4,237,91,0.8934568166732788,437,239,734,502
video7.mp4,237,96,0.83562833070755,646,204,786,471
video7.mp4,238,92,0.9290568828582764,313,28,458,318
video7.mp4,238,94,0.9091329574584961,114,220,302,501
video7.mp4,238,91,0.8901855945587158,437,238,734,502
video7.mp4,238,96,0.8442147374153137,645,204,786,472
video7.mp4,239,92,0.9293379783630371,313,28,458,318
video7.mp4,239,94,0.9090404510498047,114,219,302,501
video7.mp4,239,91,0.8838033676147461,438,237,735,502
video7.mp4,239,96,0.8370484113693237,645,203,786,471
video7.mp4,240,92,0.9283186197280884,314,27,458,318
video7.mp4,240,94,0.91180419921875,115,220,303,501
video7.mp4,240,91,0.8736459612846375,439,237,735,503
video7.mp4,240,96,0.8095594644546509,648,203,786,469
video7.mp4,241,92,0.9289945363998413,313,27,457,317
video7.mp4,241,94,0.9034708142280579,114,219,302,501
video7.mp4,241,91,0.8595481514930725,440,237,734,502
video7.mp4,241,96,0.8325031399726868,642,203,786,474
video7.mp4,242,92,0.9342957735061646,310,27,455,318
video7.mp4,242,94,0.9001892805099487,113,219,300,500
video7.mp4,242,91,0.8752402663230896,435,237,732,502
video7.mp4,242,96,0.8497411608695984,641,203,786,471
video7.mp4,243,92,0.9342114925384521,309,27,453,318
video7.mp4,243,94,0.9048189520835876,113,218,297,500
video7.mp4,243,91,0.8674346208572388,434,236,730,502
video7.mp4,243,96,0.837508499622345,640,202,786,468
video7.mp4,244,92,0.9295087456703186,308,26,453,317
video7.mp4,244,94,0.9087516069412231,113,219,296,500
video7.mp4,244,91,0.8260615468025208,435,236,729,502
video7.mp4,244,96,0.8059508204460144,641,203,786,471
video7.mp4,245,92,0.9291335344314575,308,26,451,317
video7.mp4,245,94,0.9060381650924683,113,217,295,501
video7.mp4,245,91,0.8615896105766296,434,235,730,502
video7.mp4,245,96,0.8106310367584229,640,202,786,467
video7.mp4,246,92,0.9275035262107849,307,24,451,317
video7.mp4,246,94,0.9049749374389648,113,217,295,501
video7.mp4,246,91,0.8772791624069214,434,235,730,502
video7.mp4,246,96,0.8206086754798889,641,202,786,464
video7.mp4,247,92,0.9246221780776978,305,22,450,318
video7.mp4,247,94,0.9071328043937683,113,217,296,501
video7.mp4,247,91,0.8841618299484253,433,234,731,502
video7.mp4,247,96,0.8144175410270691,642,202,786,463
video7.mp4,248,92,0.9283031821250916,306,22,452,318
video7.mp4,248,94,0.8987736105918884,113,217,298,500
video7.mp4,248,91,0.8666493892669678,438,234,733,502
video7.mp4,248,96,0.8163001537322998,643,202,786,465
video7.mp4,249,92,0.9299794435501099,308,21,453,318
video7.mp4,249,94,0.9012027382850647,114,219,299,500
video7.mp4,249,91,0.8709531426429749,439,234,735,502
video7.mp4,249,96,0.8252559900283813,649,202,786,464
video7.mp4,250,92,0.9211893081665039,310,21,454,317
video7.mp4,250,94,0.8945835828781128,115,219,304,500
video7.mp4,250,91,0.8778116106987,440,234,736,502
video7.mp4,250,96,0.7964645028114319,651,202,786,466
video7.mp4,251,92,0.9204777479171753,311,21,455,317
video7.mp4,251,94,0.8904485702514648,115,219,307,500
video7.mp4,251,91,0.8590269088745117,441,234,738,502
video7.mp4,251,96,0.7587488889694214,655,201,786,466
video7.mp4,252,92,0.9209475517272949,312,20,456,317
video7.mp4,252,94,0.8894866704940796,115,219,308,500
video7.mp4,252,91,0.8618032932281494,444,234,739,502
video7.mp4,252,96,0.7649960517883301,657,201,786,466
video7.mp4,253,92,0.9190642237663269,312,21,455,317
video7.mp4,253,94,0.8927320837974548,115,219,303,501
video7.mp4,253,91,0.870458722114563,447,235,740,499
video7.mp4,253,96,0.7592822909355164,656,201,786,466
video7.mp4,254,92,0.918144702911377,313,21,455,317
video7.mp4,254,94,0.8929455280303955,115,220,305,500
video7.mp4,254,91,0.8573194742202759,449,235,742,500
video7.mp4,254,96,0.781952977180481,670,202,786,467
video7.mp4,255,92,0.9179227948188782,313,21,455,316
video7.mp4,255,94,0.8964987397193909,115,220,305,500
video7.mp4,255,91,0.8664208650588989,450,235,743,500
video7.mp4,255,96,0.7564574480056763,667,202,786,467
video7.mp4,256,92,0.9211923480033875,313,21,455,316
video7.mp4,256,94,0.8988165259361267,115,220,305,500
video7.mp4,256,91,0.872843861579895,453,236,742,499
video7.mp4,256,96,0.7722582221031189,673,202,786,467
video7.mp4,257,92,0.9201129078865051,313,22,455,316
video7.mp4,257,91,0.8909819722175598,454,237,743,500
video7.mp4,257,94,0.8871578574180603,114,218,307,501
video7.mp4,257,96,0.7440358400344849,657,202,786,466
video7.mp4,258,92,0.9197028875350952,313,23,455,317
video7.mp4,258,94,0.8991191387176514,115,220,304,500
video7.mp4,258,91,0.8987905383110046,456,238,743,500
video7.mp4,258,96,0.7485166192054749,659,202,786,468
video7.mp4,259,92,0.9208376407623291,313,23,455,317
video7.mp4,259,91,0.8985353112220764,456,238,743,500
video7.mp4,259,94,0.8920933604240417,115,220,304,501
video7.mp4,259,96,0.8035017251968384,653,202,786,467
video7.mp4,260,92,0.9201876521110535,313,23,454,317
video7.mp4,260,91,0.9018484354019165,456,238,742,502
video7.mp4,260,94,0.8861441016197205,114,220,307,500
video7.mp4,260,96,0.82127445936203,652,202,786,465
video7.mp4,261,92,0.918785810470581,312,22,453,318
video7.mp4,261,94,0.8892906904220581,114,219,305,500
video7.mp4,261,91,0.8872220516204834,455,240,741,502
video7.mp4,261,96,0.8467649221420288,654,201,786,464
video7.mp4,262,92,0.9205013513565063,313,23,455,317
video7.mp4,262,91,0.898245632648468,458,241,742,502
video7.mp4,262,94,0.8909853100776672,115,220,305,500
video7.mp4,262,96,0.8379658460617065,653,202,786,469
video7.mp4,263,92,0.9223294258117676,313,24,454,317
video7.mp4,263,94,0.888792097568512,115,220,304,500
video7.mp4,263,91,0.8852490782737732,457,242,741,502
video7.mp4,263,96,0.8492830991744995,657,202,786,468
video7.mp4,264,92,0.9205111265182495,311,24,452,318
video7.mp4,264,91,0.8936418294906616,455,242,740,501
video7.mp4,264,94,0.887861967086792,114,220,305,500
video7.mp4,264,96,0.8514693379402161,653,202,786,468
video7.mp4,265,92,0.9231569170951843,308,24,448,319
video7.mp4,265,91,0.9093644618988037,451,244,737,502
video7.mp4,265,94,0.90045565366745,113,220,298,499
video7.mp4,265,96,0.8546109199523926,655,202,786,471
video7.mp4,266,92,0.9151127338409424,307,25,447,320
video7.mp4,266,91,0.9018465876579285,452,243,738,502
video7.mp4,266,94,0.8989856839179993,113,219,296,500
video7.mp4,266,96,0.8486226797103882,653,202,786,470
video7.mp4,267,92,0.9147827625274658,306,24,446,320
video7.mp4,267,91,0.913239598274231,451,244,736,502
video7.mp4,267,94,0.8976405262947083,113,220,296,500
video7.mp4,267,96,0.8546825051307678,653,202,786,473
video7.mp4,268,92,0.9132030010223389,306,24,444,320
video7.mp4,268,91,0.9049232006072998,451,243,735,502
video7.mp4,268,94,0.8977113366127014,113,220,297,500
video7.mp4,268,96,0.8592633008956909,637,202,786,473
video7.mp4,269,92,0.90843266248703,306,25,444,319
video7.mp4,269,91,0.9041600823402405,451,243,735,502
video7.mp4,269,94,0.8947858214378357,113,220,298,500
video7.mp4,269,96,0.8499445915222168,636,202,786,473
video7.mp4,270,91,0.9047248363494873,452,243,736,502
video7.mp4,270,92,0.902849555015564,307,25,444,319
video7.mp4,270,94,0.8961859345436096,113,219,298,500
video7.mp4,270,96,0.8546611070632935,635,202,786,472
video7.mp4,271,92,0.9100784659385681,310,25,445,318
video7.mp4,271,91,0.9005626440048218,453,240,739,501
video7.mp4,271,94,0.8967810869216919,114,221,301,500
video7.mp4,271,96,0.8326067328453064,639,202,786,470
video7.mp4,272,92,0.9078213572502136,310,26,446,318
video7.mp4,272,91,0.899852454662323,453,240,740,501
video7.mp4,272,94,0.8957506418228149,114,220,303,500
video7.mp4,272,96,0.8251989483833313,642,202,786,470
video7.mp4,273,92,0.9093710780143738,310,26,446,317
video7.mp4,273,94,0.8985824584960938,114,220,304,500
video7.mp4,273,91,0.8966414332389832,454,240,739,501
video7.mp4,273,96,0.7800500392913818,643,202,786,468
video7.mp4,274,92,0.9111769795417786,311,26,446,317
video7.mp4,274,91,0.8965868353843689,455,240,739,501
video7.mp4,274,94,0.8961453437805176,114,220,303,500
video7.mp4,274,96,0.8020459413528442,639,201,786,469
video7.mp4,275,92,0.9102301001548767,311,26,446,318
video7.mp4,275,94,0.8967790007591248,114,220,303,500
video7.mp4,275,91,0.8818843364715576,455,240,738,501
video7.mp4,275,96,0.8362619280815125,637,201,786,470
video7.mp4,276,92,0.9101186990737915,312,26,446,317
video7.mp4,276,94,0.8967067003250122,115,220,304,500
video7.mp4,276,91,0.8862932920455933,456,241,738,501
video7.mp4,276,96,0.8282819986343384,638,201,786,471
video7.mp4,277,92,0.9125542044639587,312,26,447,318
video7.mp4,277,94,0.8956448435783386,115,220,304,499
video7.mp4,277,91,0.8951206803321838,456,241,739,501
video7.mp4,277,96,0.8339793682098389,638,201,786,468
video7.mp4,278,92,0.9073987007141113,314,26,448,317
video7.mp4,278,94,0.9034438729286194,115,221,304,500
video7.mp4,278,91,0.8937450647354126,456,241,740,501
video7.mp4,278,96,0.8067984580993652,640,202,786,469
video7.mp4,279,92,0.9098458886146545,314,26,448,317
video7.mp4,279,94,0.9036068320274353,115,221,304,500
video7.mp4,279,91,0.9013339877128601,456,241,741,501
video7.mp4,279,96,0.8038793206214905,640,202,786,470
video7.mp4,280,92,0.9092308878898621,314,26,449,317
video7.mp4,280,94,0.901474118232727,115,221,304,500
video7.mp4,280,91,0.8997262716293335,455,241,740,501
video7.mp4,280,96,0.8015076518058777,641,202,786,470
video7.mp4,281,92,0.9112858772277832,314,25,448,317
video7.mp4,281,94,0.8996323347091675,115,221,303,500
video7.mp4,281,91,0.8967551589012146,455,240,740,501
video7.mp4,281,96,0.7962721586227417,640,202,786,469
video7.mp4,282,92,0.9113860726356506,313,25,447,317
video7.mp4,282,91,0.8989951014518738,455,240,741,501
video7.mp4,282,94,0.8974764347076416,114,221,303,500
video7.mp4,282,96,0.8043671250343323,640,202,786,471
video7.mp4,283,92,0.9186543822288513,314,25,450,317
video7.mp4,283,94,0.9035646915435791,114,221,303,500
video7.mp4,283,91,0.9006898403167725,455,240,741,501
video7.mp4,283,96,0.8018936514854431,640,203,786,470
video7.mp4,284,92,0.9179216623306274,314,25,452,317
video7.mp4,284,94,0.9060468673706055,115,221,304,500
video7.mp4,284,91,0.8967373967170715,455,240,741,501
video7.mp4,284,96,0.809572160243988,641,202,786,471
video7.mp4,285,92,0.9181634187698364,315,24,448,316
video7.mp4,285,94,0.9046761989593506,115,221,303,500
video7.mp4,285,91,0.8895686864852905,454,240,739,501
video7.mp4,285,96,0.7994205355644226,641,203,786,468
video7.mp4,286,92,0.9138220548629761,311,24,447,316
video7.mp4,286,94,0.9087405800819397,114,221,302,500
video7.mp4,286,91,0.8902294635772705,454,240,738,501
video7.mp4,286,96,0.8072172999382019,639,202,786,465
video7.mp4,287,92,0.9132355451583862,310,24,446,315
video7.mp4,287,94,0.904691755771637,113,220,302,500
video7.mp4,287,91,0.8902419209480286,453,240,737,501
video7.mp4,287,96,0.8366368412971497,636,202,786,467
video7.mp4,288,92,0.916688859462738,309,23,446,316
video7.mp4,288,94,0.9016417264938354,113,220,300,500
video7.mp4,288,91,0.8737028241157532,453,240,734,501
video7.mp4,288,96,0.8349285125732422,636,202,786,471
video7.mp4,289,92,0.9246772527694702,308,23,447,317
video7.mp4,289,94,0.9014191031455994,113,221,299,500
video7.mp4,289,91,0.8810433745384216,453,240,734,501
video7.mp4,289,96,0.850501298904419,636,202,786,468
video7.mp4,290,92,0.9249374270439148,307,23,447,316
video7.mp4,290,94,0.9001280069351196,113,221,299,500
video7.mp4,290,91,0.8889583945274353,452,240,735,501
video7.mp4,290,96,0.8294645547866821,636,202,786,468
video7.mp4,291,92,0.9232611656188965,307,23,447,317
video7.mp4,291,94,0.9010764360427856,113,220,300,500
video7.mp4,291,91,0.8997467756271362,452,240,736,501
video7.mp4,291,96,0.8368199467658997,637,202,786,469
video7.mp4,292,92,0.9253706336021423,308,23,448,318
video7.mp4,292,94,0.8975280523300171,113,221,299,500
video7.mp4,292,91,0.8886474370956421,452,240,736,501
video7.mp4,292,96,0.8041780591011047,638,201,786,470
video7.mp4,293,92,0.9286338686943054,309,22,450,317
video7.mp4,293,94,0.8991992473602295,114,219,302,500
video7.mp4,293,91,0.8871820569038391,453,239,738,501
video7.mp4,293,96,0.8204730153083801,638,201,786,469
video7.mp4,294,92,0.9337770938873291,313,22,453,317
video7.mp4,294,94,0.9020236730575562,114,219,303,500
video7.mp4,294,91,0.8931776881217957,455,240,739,501
video7.mp4,294,96,0.8239005208015442,639,199,786,468
video7.mp4,295,92,0.93610018491745,313,22,454,317
video7.mp4,295,94,0.9050881862640381,115,219,304,500
video7.mp4,295,91,0.9001991152763367,457,240,740,501
video7.mp4,295,96,0.8171601891517639,641,202,786,471
video7.mp4,296,92,0.9334712028503418,314,22,454,316
video7.mp4,296,94,0.9050830006599426,115,219,304,500
video7.mp4,296,91,0.8991580009460449,457,240,740,501
video7.mp4,296,96,0.8247354030609131,641,202,786,471
video7.mp4,297,92,0.9344680905342102,314,22,455,317
video7.mp4,297,94,0.9064132571220398,115,219,303,501
video7.mp4,297,91,0.9022039771080017,458,239,741,501
video7.mp4,297,96,0.8010031580924988,642,202,786,473
video7.mp4,298,92,0.9347330927848816,314,22,456,317
video7.mp4,298,94,0.9074979424476624,115,218,305,501
video7.mp4,298,91,0.8901137113571167,458,239,740,500
video7.mp4,298,96,0.8135249614715576,643,202,786,470
video7.mp4,299,92,0.9329697489738464,314,21,456,317
video7.mp4,299,94,0.9042727947235107,115,217,305,501
video7.mp4,299,91,0.8935465812683105,458,238,741,500
video7.mp4,299,96,0.8266382813453674,642,201,786,468
video7.mp4,300,92,0.9342076182365417,314,22,456,317
video7.mp4,300,94,0.9096782803535461,116,219,305,501
video7.mp4,300,91,0.8978402614593506,458,240,741,500
video7.mp4,300,96,0.8355602622032166,642,203,786,471
video7.mp4,301,92,0.9362350702285767,314,22,456,317
video7.mp4,301,94,0.910551130771637,115,219,305,501
video7.mp4,301,91,0.8976888656616211,457,239,741,500
video7.mp4,301,96,0.8317099809646606,643,203,786,471
video7.mp4,302,92,0.9329298734664917,315,22,457,317
video7.mp4,302,94,0.9107357263565063,115,217,304,501
video7.mp4,302,91,0.9007294774055481,457,239,741,500
video7.mp4,302,96,0.8151497840881348,643,203,786,474
video7.mp4,303,92,0.9367961883544922,313,21,455,317
video7.mp4,303,94,0.9054479598999023,114,219,303,501
video7.mp4,303,91,0.8985275030136108,457,240,740,500
video7.mp4,303,96,0.8293112516403198,641,203,786,473
video7.mp4,304,92,0.9363308548927307,313,22,456,317
video7.mp4,304,94,0.9108039140701294,115,220,304,501
video7.mp4,304,91,0.8843156695365906,456,240,739,500
video7.mp4,304,96,0.8157945275306702,642,205,786,475
video7.mp4,305,92,0.937895655632019,312,22,455,317
video7.mp4,305,94,0.9105239510536194,115,219,304,501
video7.mp4,305,91,0.8994640111923218,456,240,741,501
video7.mp4,305,96,0.806060791015625,643,204,786,474
video7.mp4,306,92,0.9306809306144714,313,23,457,317
video7.mp4,306,94,0.9115011692047119,117,218,305,501
video7.mp4,306,91,0.8894115686416626,457,240,741,500
video7.mp4,306,96,0.8179974555969238,643,204,786,474
video7.mp4,307,92,0.9369322061538696,312,23,456,317
video7.mp4,307,94,0.9115873575210571,115,219,304,501
video7.mp4,307,91,0.8989051580429077,457,240,741,500
video7.mp4,307,96,0.8227545619010925,642,204,786,474
video7.mp4,308,92,0.9346120953559875,309,23,453,317
video7.mp4,308,94,0.9011852145195007,114,219,302,501
video7.mp4,308,91,0.8432410955429077,454,240,731,500
video7.mp4,308,96,0.8226035237312317,642,203,786,471
video7.mp4,309,92,0.9292831420898438,307,22,450,317
video7.mp4,309,94,0.9063485264778137,113,218,299,501
video7.mp4,309,91,0.8619693517684937,452,240,733,501
video7.mp4,309,96,0.8417748808860779,637,202,786,474
video7.mp4,310,92,0.9302384257316589,306,23,449,317
video7.mp4,310,94,0.9072895050048828,113,217,298,500
video7.mp4,310,91,0.8748810291290283,451,239,733,501
video7.mp4,310,96,0.8436443209648132,636,202,786,474
video7.mp4,311,92,0.9317165017127991,304,22,448,318
video7.mp4,311,94,0.90481036901474,113,216,297,500
video7.mp4,311,91,0.8842229247093201,450,239,733,501
video7.mp4,311,96,0.8557700514793396,635,202,786,473
video7.mp4,312,92,0.9320588707923889,303,23,447,318
video7.mp4,312,94,0.905361533164978,113,215,297,500
video7.mp4,312,91,0.8824465870857239,450,238,733,501
video7.mp4,312,96,0.8458807468414307,635,202,786,470
video7.mp4,313,92,0.9317774772644043,303,24,448,317
video7.mp4,313,94,0.90400230884552,113,216,298,500
video7.mp4,313,91,0.8784863352775574,451,238,733,501
video7.mp4,313,96,0.8505464792251587,635,202,786,470
video7.mp4,314,92,0.9286782741546631,303,23,448,318
video7.mp4,314,94,0.9042101502418518,114,218,300,501
video7.mp4,314,91,0.9008612036705017,452,237,736,501
video7.mp4,314,96,0.8469406366348267,637,202,786,469
video7.mp4,315,92,0.9301344156265259,304,24,450,317
video7.mp4,315,94,0.8975480794906616,114,216,302,501
video7.mp4,315,91,0.8918939828872681,454,238,739,501
video7.mp4,315,96,0.8429259061813354,638,202,786,466
video7.mp4,316,92,0.9289584159851074,304,25,451,316
video7.mp4,316,94,0.9002288579940796,114,217,303,500
video7.mp4,316,91,0.8930870890617371,454,239,738,500
video7.mp4,316,96,0.8519299030303955,639,203,786,468
video7.mp4,317,92,0.9235255718231201,303,25,451,316
video7.mp4,317,94,0.8975245952606201,114,217,303,500
video7.mp4,317,91,0.8804619908332825,453,239,738,501
video7.mp4,317,96,0.8443511724472046,639,204,786,470
video7.mp4,318,92,0.9188234210014343,303,25,451,316
video7.mp4,318,91,0.8926520347595215,454,239,739,501
video7.mp4,318,94,0.891289472579956,114,216,306,500
video7.mp4,318,96,0.8396665453910828,639,204,786,470
video7.mp4,319,92,0.9177029728889465,302,25,450,317
video7.mp4,319,94,0.8898822665214539,114,215,303,501
video7.mp4,319,91,0.8889926075935364,454,239,739,501
video7.mp4,319,96,0.838538646697998,639,203,786,470
video7.mp4,320,92,0.918116569519043,302,25,451,317
video7.mp4,320,94,0.8871898651123047,114,215,307,501
video7.mp4,320,96,0.8480333089828491,638,203,786,472
video7.mp4,320,91,0.6754482984542847,455,238,680,498
video7.mp4,321,92,0.9249832034111023,304,26,452,316
video7.mp4,321,91,0.899009108543396,454,238,740,501
video7.mp4,321,94,0.8887325525283813,114,215,306,501
video7.mp4,321,96,0.8416756391525269,639,203,786,471
video7.mp4,322,92,0.9271354079246521,306,27,453,317
video7.mp4,322,94,0.8999233245849609,114,218,305,500
video7.mp4,322,91,0.8966162204742432,458,240,740,501
video7.mp4,322,96,0.7690120935440063,644,205,786,476
video7.mp4,323,92,0.9214333891868591,306,27,453,317
video7.mp4,323,91,0.9045554995536804,458,240,741,501
video7.mp4,323,94,0.9031667113304138,114,217,304,500
video7.mp4,323,96,0.8161389827728271,641,205,786,473
video7.mp4,324,92,0.9184826016426086,307,27,454,318
video7.mp4,324,91,0.9048776626586914,458,239,741,501
video7.mp4,324,94,0.9033286571502686,114,217,304,500
video7.mp4,324,96,0.8104568719863892,642,205,786,473
video7.mp4,325,92,0.9231685996055603,305,27,453,317
video7.mp4,325,91,0.9092127680778503,457,241,740,502
video7.mp4,325,94,0.898185133934021,114,216,304,501
video7.mp4,325,96,0.8007397651672363,642,205,786,472
video7.mp4,326,92,0.9207258224487305,304,27,452,317
video7.mp4,326,91,0.9021753072738647,455,239,740,501
video7.mp4,326,94,0.8966522812843323,113,217,304,500
video7.mp4,326,96,0.8365049362182617,639,205,786,470
video7.mp4,327,92,0.9183134436607361,304,26,452,317
video7.mp4,327,91,0.9028815031051636,456,240,741,501
video7.mp4,327,94,0.9005730152130127,114,217,304,500
video7.mp4,327,96,0.8313096165657043,639,205,786,474
video7.mp4,328,92,0.9157257080078125,309,26,454,317
video7.mp4,328,91,0.9041476845741272,458,239,741,501
video7.mp4,328,94,0.9025065302848816,114,218,305,500
video7.mp4,328,96,0.8052088618278503,643,205,786,472
video7.mp4,329,92,0.9179218411445618,309,26,454,318
video7.mp4,329,94,0.9019845724105835,114,218,304,500
video7.mp4,329,91,0.9002881646156311,455,240,740,501
video7.mp4,329,96,0.8290995359420776,640,205,786,471
video7.mp4,330,92,0.913340151309967,307,24,452,318
video7.mp4,330,91,0.9027001261711121,454,238,739,500
video7.mp4,330,94,0.8953176736831665,114,217,303,500
video7.mp4,330,96,0.8445022702217102,639,204,786,466
video7.mp4,331,92,0.9243423938751221,306,24,451,318
video7.mp4,331,94,0.9048044681549072,113,218,299,499
video7.mp4,331,91,0.9044789671897888,452,240,736,502
video7.mp4,331,96,0.8298802375793457,637,205,786,468
video7.mp4,332,92,0.9297468066215515,304,24,450,319
video7.mp4,332,94,0.9054986238479614,113,217,297,501
video7.mp4,332,91,0.901957631111145,452,238,736,501
video7.mp4,332,96,0.830227255821228,637,205,786,471
video7.mp4,333,92,0.9259572625160217,304,23,449,319
video7.mp4,333,94,0.9064753651618958,113,218,297,500
video7.mp4,333,91,0.9047111868858337,452,239,736,502
video7.mp4,333,96,0.8549896478652954,635,205,786,471
video7.mp4,334,92,0.9287415146827698,303,23,449,319
video7.mp4,334,91,0.901512086391449,452,238,736,502
video7.mp4,334,94,0.9004549980163574,113,217,298,500
video7.mp4,334,96,0.8483228087425232,635,204,786,471
video7.mp4,335,92,0.9282922148704529,302,23,448,319
video7.mp4,335,91,0.8995429873466492,451,238,735,501
video7.mp4,335,94,0.8971610069274902,113,218,298,500
video7.mp4,335,96,0.8531801700592041,635,204,786,472
video7.mp4,336,92,0.9281770586967468,302,23,448,318
video7.mp4,336,91,0.9007974863052368,452,238,736,502
video7.mp4,336,94,0.897311270236969,113,219,298,499
video7.mp4,336,96,0.82981276512146,637,204,786,471
video7.mp4,337,92,0.9330723881721497,305,23,451,317
video7.mp4,337,94,0.901683509349823,114,217,302,500
video7.mp4,337,91,0.8906269669532776,453,238,739,501
video7.mp4,337,96,0.828970193862915,641,203,786,471
video7.mp4,338,92,0.9349024891853333,307,23,454,317
video7.mp4,338,91,0.8982310891151428,453,238,740,501
video7.mp4,338,94,0.897294282913208,114,217,305,500
video7.mp4,338,96,0.8186789155006409,642,204,786,472
video7.mp4,339,92,0.933724582195282,307,23,453,316
video7.mp4,339,94,0.8982980251312256,114,217,304,500
video7.mp4,339,91,0.8975853323936462,453,238,741,501
video7.mp4,339,96,0.8237067461013794,643,204,786,472
video7.mp4,340,92,0.9337087869644165,307,23,454,317
video7.mp4,340,94,0.9056435823440552,114,217,303,500
video7.mp4,340,91,0.8998016715049744,453,238,741,501
video7.mp4,340,96,0.7977854013442993,644,204,786,472
video7.mp4,341,92,0.9344314336776733,308,24,454,316
video7.mp4,341,91,0.9098580479621887,454,239,740,502
video7.mp4,341,94,0.8985698819160461,114,216,304,501
video7.mp4,341,96,0.7833452820777893,648,203,786,472
video7.mp4,342,92,0.9337756633758545,308,25,455,317
video7.mp4,342,91,0.9088906645774841,454,239,741,501
video7.mp4,342,94,0.904794454574585,114,218,304,501
video7.mp4,342,96,0.8140769600868225,642,205,786,473
video7.mp4,343,92,0.9334348440170288,308,25,455,317
video7.mp4,343,91,0.9084711074829102,455,239,740,501
video7.mp4,343,94,0.905798614025116,114,217,304,501
video7.mp4,343,96,0.8049975037574768,643,204,786,472
video7.mp4,344,92,0.9363957047462463,308,25,455,317
video7.mp4,344,91,0.9065807461738586,455,239,740,502
video7.mp4,344,94,0.9064264893531799,114,217,304,500
video7.mp4,344,96,0.8146051168441772,642,204,786,473
video7.mp4,345,92,0.9340148568153381,308,25,455,317
video7.mp4,345,94,0.9063785672187805,114,217,304,500
video7.mp4,345,91,0.9036643505096436,455,238,741,501
video7.mp4,345,96,0.8105793595314026,642,204,786,472
video7.mp4,346,92,0.9342458844184875,308,25,455,317
video7.mp4,346,91,0.9070682525634766,454,239,741,501
video7.mp4,346,94,0.9066115021705627,114,217,304,500
video7.mp4,346,96,0.8157002329826355,643,204,786,473
video7.mp4,347,92,0.9316466450691223,308,25,455,317
video7.mp4,347,94,0.9071539044380188,114,217,304,500
video7.mp4,347,91,0.9035034775733948,455,239,741,501
video7.mp4,347,96,0.742705762386322,649,205,786,473
video7.mp4,348,92,0.9287294149398804,308,24,454,316
video7.mp4,348,94,0.9083674550056458,115,215,304,500
video7.mp4,348,91,0.9009242057800293,454,238,741,502
video7.mp4,348,96,0.7550191283226013,654,203,786,473
video7.mp4,349,92,0.9335457682609558,307,26,453,318
video7.mp4,349,94,0.9053170680999756,114,217,304,500
video7.mp4,349,91,0.903590202331543,454,239,741,501
video7.mp4,349,96,0.7857517004013062,642,205,786,474
video7.mp4,350,92,0.9339032769203186,307,27,453,318
video7.mp4,350,94,0.906277596950531,114,218,304,500
video7.mp4,350,91,0.9001622200012207,453,240,741,501
video7.mp4,350,96,0.7729945778846741,643,206,786,476
video7.mp4,351,92,0.9308966994285583,306,26,452,317
video7.mp4,351,91,0.8956878185272217,452,240,740,501
video7.mp4,351,94,0.8956781625747681,114,218,304,500
video7.mp4,351,96,0.8095042705535889,641,206,786,474
video7.mp4,352,92,0.9291584491729736,306,26,451,317
video7.mp4,352,91,0.9042189121246338,452,240,739,502
video7.mp4,352,94,0.9024440050125122,113,218,301,500
video7.mp4,352,96,0.8005432486534119,643,205,786,468
video7.mp4,353,92,0.9295796155929565,304,27,450,318
video7.mp4,353,91,0.9075619578361511,450,241,737,502
video7.mp4,353,94,0.9017148613929749,113,218,300,500
video7.mp4,353,96,0.7995112538337708,641,205,786,466
video7.mp4,354,92,0.9282397031784058,303,27,449,318
video7.mp4,354,91,0.9089311361312866,448,240,736,502
video7.mp4,354,94,0.9032927751541138,112,218,297,501
video7.mp4,354,96,0.8133056163787842,637,206,786,469
video7.mp4,355,92,0.9276678562164307,301,28,448,318
video7.mp4,355,91,0.9078025817871094,448,239,736,502
video7.mp4,355,94,0.9015193581581116,113,218,296,500
video7.mp4,355,96,0.8326849341392517,635,205,786,474
video7.mp4,356,92,0.9264686703681946,301,28,448,318
video7.mp4,356,91,0.9073180556297302,448,239,736,502
video7.mp4,356,94,0.9019812941551208,113,217,296,500
video7.mp4,356,96,0.8391067385673523,635,205,786,474
video7.mp4,357,92,0.9264957308769226,301,27,447,318
video7.mp4,357,94,0.9040637612342834,113,217,295,500
video7.mp4,357,91,0.9010881185531616,449,239,735,502
video7.mp4,357,96,0.841710090637207,635,204,786,472
video7.mp4,358,92,0.9285121560096741,301,27,448,319
video7.mp4,358,91,0.9065460562705994,449,240,737,502
video7.mp4,358,94,0.8982213735580444,113,218,297,500
video7.mp4,358,96,0.8148017525672913,636,205,786,464
video7.mp4,359,92,0.9299687147140503,301,27,448,319
video7.mp4,359,91,0.9056727290153503,449,239,736,502
video7.mp4,359,94,0.8988105654716492,113,218,297,500
video7.mp4,359,96,0.8291558623313904,637,204,786,470
video7.mp4,360,92,0.9279941916465759,304,28,450,318
video7.mp4,360,91,0.9016740322113037,451,240,738,501
video7.mp4,360,94,0.8987946510314941,113,219,300,499
video7.mp4,360,96,0.8082160949707031,640,204,786,465
video7.mp4,361,92,0.9277912378311157,304,26,450,317
video7.mp4,361,91,0.9058491587638855,451,239,739,501
video7.mp4,361,94,0.8992804884910583,114,219,300,499
video7.mp4,361,96,0.810357928276062,642,202,786,465
video7.mp4,362,92,0.9312368035316467,306,26,453,318
video7.mp4,362,94,0.9042190909385681,114,218,303,500
video7.mp4,362,91,0.8712770938873291,455,239,739,501
video7.mp4,362,96,0.7681833505630493,645,202,786,472
video7.mp4,363,92,0.9316979646682739,307,25,453,317
video7.mp4,363,94,0.9029539823532104,114,218,302,500
video7.mp4,363,91,0.8858856558799744,457,239,740,501
video7.mp4,363,96,0.7435904145240784,664,201,786,470
video7.mp4,364,92,0.9338214993476868,307,24,453,318
video7.mp4,364,94,0.904477596282959,115,218,303,500
video7.mp4,364,91,0.880020022392273,455,238,740,501
video7.mp4,364,96,0.7715353965759277,658,200,786,470
video7.mp4,365,92,0.9338655471801758,307,24,454,318
video7.mp4,365,94,0.9066700339317322,115,218,303,500
video7.mp4,365,91,0.8861002922058105,457,238,740,501
video7.mp4,365,96,0.7998014688491821,649,199,786,469
video7.mp4,366,92,0.9325478076934814,308,24,455,317
video7.mp4,366,94,0.9093058109283447,115,218,303,500
video7.mp4,366,91,0.8831759095191956,457,239,740,501
video7.mp4,366,96,0.8151376247406006,657,199,786,469
video7.mp4,367,92,0.9326609373092651,308,24,455,318
video7.mp4,367,94,0.9065574407577515,115,219,303,500
video7.mp4,367,96,0.8367840051651001,654,199,786,467
video7.mp4,367,91,0.8083571791648865,457,239,732,500
video7.mp4,368,92,0.9338766932487488,309,23,456,318
video7.mp4,368,94,0.9070627689361572,115,218,303,500
video7.mp4,368,96,0.8452062606811523,652,199,786,467
video7.mp4,368,91,0.8420989513397217,457,239,736,501
video7.mp4,369,92,0.9308701753616333,310,24,456,318
video7.mp4,369,94,0.9115403890609741,114,219,304,500
video7.mp4,369,96,0.8153414726257324,656,199,786,462
video7.mp4,369,91,0.7943106889724731,458,240,707,500
video7.mp4,370,92,0.927606999874115,310,24,456,318
video7.mp4,370,94,0.9102023839950562,114,219,304,500
video7.mp4,370,91,0.8175970911979675,457,240,698,500
video7.mp4,370,96,0.7816541194915771,651,199,786,454
video7.mp4,371,92,0.9314150214195251,309,24,455,318
video7.mp4,371,94,0.9071640968322754,115,219,303,500
video7.mp4,371,91,0.8143190741539001,457,240,723,500
video7.mp4,371,96,0.7798820734024048,650,199,786,450
video7.mp4,372,92,0.9312158823013306,309,24,455,317
video7.mp4,372,94,0.9038554430007935,115,219,303,500
video7.mp4,372,91,0.830956757068634,457,240,724,501
video7.mp4,372,96,0.8000648021697998,646,198,786,462
video7.mp4,373,92,0.931439220905304,309,23,455,317
video7.mp4,373,94,0.9047937393188477,114,219,304,500
video7.mp4,373,91,0.8450005054473877,457,240,725,501
video7.mp4,373,96,0.8137562274932861,643,199,785,464
video7.mp4,374,92,0.9328678250312805,308,23,453,318
video7.mp4,374,94,0.9021704196929932,114,220,305,500
video7.mp4,374,96,0.823178768157959,643,199,784,461
video7.mp4,374,91,0.7025330066680908,455,240,737,502
video7.mp4,375,92,0.9351004958152771,306,23,451,317
video7.mp4,375,94,0.9053215384483337,113,219,299,500
video7.mp4,375,91,0.854108452796936,453,239,735,501
video7.mp4,375,96,0.804490327835083,639,198,785,459
video7.mp4,376,92,0.934551477432251,305,23,450,317
video7.mp4,376,94,0.9074581265449524,113,219,298,500
video7.mp4,376,91,0.8768345713615417,455,239,734,502
video7.mp4,376,96,0.7406748533248901,638,199,784,467
video7.mp4,377,92,0.9334996342658997,305,23,448,319
video7.mp4,377,94,0.9067660570144653,113,218,297,500
video7.mp4,377,91,0.8856282830238342,456,238,736,502
video7.mp4,377,96,0.7571313381195068,637,199,784,483
video7.mp4,378,92,0.9290939569473267,307,23,448,318
video7.mp4,378,94,0.9074472784996033,113,218,298,500
video7.mp4,378,91,0.8718961477279663,457,238,734,502
video7.mp4,378,96,0.7588158249855042,638,198,785,469
video7.mp4,379,92,0.9284629821777344,307,23,447,318
video7.mp4,379,94,0.9045702219009399,113,218,299,499
video7.mp4,379,91,0.8665637969970703,457,238,732,501
video7.mp4,379,96,0.7813063263893127,638,198,786,459
video7.mp4,380,92,0.926551103591919,308,23,445,317
video7.mp4,380,94,0.9058932065963745,113,219,300,500
video7.mp4,380,91,0.8900668025016785,452,238,737,501
video7.mp4,380,96,0.7934325933456421,640,198,786,445
video7.mp4,381,92,0.9235302209854126,312,23,445,317
video7.mp4,381,91,0.8980152010917664,453,238,740,502
video7.mp4,381,94,0.890573263168335,114,218,307,500
video7.mp4,381,96,0.7631027102470398,643,198,786,460
video7.mp4,382,92,0.9280510544776917,315,23,446,318
video7.mp4,382,91,0.9022772908210754,453,238,741,502
video7.mp4,382,94,0.8948847055435181,114,218,307,500
video7.mp4,382,96,0.7722617387771606,643,198,786,467
video7.mp4,383,92,0.9259801506996155,317,23,447,319
video7.mp4,383,94,0.8971836566925049,114,218,306,500
video7.mp4,383,91,0.8969809412956238,453,238,742,502
video7.mp4,383,96,0.7454653978347778,643,198,786,461
video7.mp4,384,92,0.9159005880355835,320,23,455,318
video7.mp4,384,91,0.8956626653671265,454,238,740,501
video7.mp4,384,94,0.8946244120597839,114,218,307,500
video7.mp4,384,96,0.6586992740631104,643,199,786,458
video7.mp4,385,92,0.9028908610343933,322,23,448,317
video7.mp4,385,94,0.9010683298110962,115,218,306,499
video7.mp4,385,91,0.8926942944526672,456,238,741,502
video7.mp4,385,96,0.5624949932098389,650,200,786,429
video7.mp4,386,92,0.9079405665397644,325,21,448,314
video7.mp4,386,94,0.9047102928161621,116,218,306,500
video7.mp4,386,91,0.8967769742012024,457,238,742,502
video7.mp4,386,96,0.6268937587738037,648,199,786,450
video7.mp4,387,92,0.9090842604637146,328,21,450,317
video7.mp4,387,91,0.902400553226471,456,238,741,503
video7.mp4,387,94,0.9023218154907227,116,218,306,500
video7.mp4,387,96,0.711517870426178,651,200,786,468
video7.mp4,388,92,0.9062352180480957,331,22,452,316
video7.mp4,388,94,0.903326153755188,116,219,306,501
video7.mp4,388,91,0.9006510376930237,456,239,741,503
video7.mp4,388,96,0.7188584804534912,653,201,786,465
video7.mp4,389,91,0.9068151712417603,456,239,742,502
video7.mp4,389,92,0.9047510027885437,333,22,454,317
video7.mp4,389,94,0.9034174084663391,116,219,306,500
video7.mp4,389,96,0.6628183722496033,656,202,786,470
video7.mp4,390,91,0.9103575348854065,457,240,742,503
video7.mp4,390,94,0.9052444696426392,116,219,306,500
video7.mp4,390,92,0.8970399498939514,334,21,452,316
video7.mp4,390,96,0.6748045086860657,660,205,786,402
video7.mp4,391,91,0.9143016338348389,457,239,742,503
video7.mp4,391,94,0.9097039103507996,115,219,306,500
video7.mp4,391,92,0.9042055606842041,337,22,455,316
video7.mp4,391,96,0.6285715699195862,658,204,786,469
video7.mp4,392,91,0.9077084064483643,455,239,741,502
video7.mp4,392,94,0.9042769074440002,115,219,308,500
video7.mp4,392,92,0.9040855169296265,338,21,455,316
video7.mp4,392,96,0.550256073474884,655,205,786,432
video7.mp4,393,92,0.898560643196106,337,21,455,316
video7.mp4,393,94,0.8952389359474182,114,219,311,500
video7.mp4,393,91,0.8570234179496765,454,239,731,501
video7.mp4,393,96,0.512516975402832,649,206,786,395
video7.mp4,394,94,0.898604154586792,114,219,309,500
video7.mp4,394,91,0.8968075513839722,456,238,742,502
video7.mp4,394,92,0.8920400142669678,337,22,455,317
video7.mp4,394,96,0.6396213173866272,652,205,786,464
video7.mp4,395,91,0.902800977230072,454,239,739,502
video7.mp4,395,94,0.8997719287872314,114,219,307,500
video7.mp4,395,92,0.8673502802848816,333,23,463,317
video7.mp4,395,96,0.5674208998680115,648,206,786,469
video7.mp4,396,94,0.9032110571861267,114,220,301,500
video7.mp4,396,92,0.8963210582733154,329,23,452,316
video7.mp4,396,91,0.8939580321311951,454,240,738,502
video7.mp4,396,96,0.6835077404975891,655,207,785,461
video7.mp4,397,92,0.9071256518363953,327,23,445,316
video7.mp4,397,94,0.9049745202064514,113,221,298,500
video7.mp4,397,91,0.8870830535888672,453,240,736,502
video7.mp4,397,96,0.6190476417541504,646,208,785,461
video7.mp4,398,92,0.9108316898345947,326,23,441,316
video7.mp4,398,94,0.9012192487716675,113,221,297,499
video7.mp4,398,91,0.8338952660560608,453,240,729,502
video7.mp4,398,96,0.6290192008018494,650,207,785,402
video7.mp4,399,92,0.917641818523407,323,22,439,315
video7.mp4,399,94,0.9038803577423096,113,221,298,499
video7.mp4,399,91,0.8551579713821411,452,239,731,502
video7.mp4,399,96,0.6175434589385986,647,207,785,457
video7.mp4,400,92,0.9155808091163635,324,22,439,316
video7.mp4,400,94,0.9034478068351746,113,221,297,500
video7.mp4,400,91,0.8704273700714111,452,239,732,502
video7.mp4,400,96,0.6508760452270508,649,208,785,458
video7.mp4,401,92,0.9081580638885498,323,22,439,315
video7.mp4,401,94,0.9048187136650085,113,222,297,500
video7.mp4,401,91,0.8798263072967529,453,239,735,502
video7.mp4,401,96,0.6641905307769775,653,208,785,464
video7.mp4,402,94,0.9033558964729309,113,222,298,500
video7.mp4,402,92,0.9024668335914612,324,22,446,314
video7.mp4,402,91,0.8927624821662903,452,239,737,503
video7.mp4,402,96,0.771477222442627,650,209,785,469
video7.mp4,403,92,0.9105188846588135,325,22,446,314
video7.mp4,403,94,0.9068214297294617,114,221,300,500
video7.mp4,403,91,0.8999965786933899,452,238,738,502
video7.mp4,403,96,0.6999834179878235,656,208,786,471
video7.mp4,404,94,0.9070298075675964,114,221,304,500
video7.mp4,404,92,0.9053063988685608,326,22,446,314
video7.mp4,404,91,0.8902537226676941,453,239,737,502
video7.mp4,404,96,0.6381813883781433,659,209,786,461
video7.mp4,405,94,0.9089560508728027,114,221,300,500
video7.mp4,405,92,0.9039855599403381,326,21,443,314
video7.mp4,405,91,0.8901001214981079,453,239,736,502
video7.mp4,405,96,0.6511350870132446,660,209,786,462
video7.mp4,406,94,0.9070117473602295,114,222,303,500
video7.mp4,406,92,0.9015167355537415,326,21,442,313
video7.mp4,406,91,0.8933956623077393,453,239,737,502
video7.mp4,406,96,0.6522270441055298,655,209,786,467
video7.mp4,407,94,0.9043477177619934,114,221,304,500
video7.mp4,407,92,0.8993316888809204,325,21,442,313
video7.mp4,407,91,0.8968040943145752,453,238,737,502
video7.mp4,407,96,0.589890718460083,652,209,786,473
video7.mp4,408,94,0.9039642810821533,114,222,306,500
video7.mp4,408,91,0.9013217687606812,453,238,739,502
video7.mp4,408,92,0.8998398184776306,326,21,441,313
video7.mp4,408,96,0.6028664112091064,651,211,786,474
video7.mp4,409,91,0.9052088260650635,454,239,739,501
video7.mp4,409,92,0.9015385508537292,326,21,442,313
video7.mp4,409,94,0.8973431587219238,114,222,308,500
video7.mp4,409,96,0.6408876776695251,651,209,786,470
video7.mp4,410,91,0.9094066619873047,454,239,740,502
video7.mp4,410,92,0.9024044871330261,327,21,442,313
video7.mp4,410,94,0.9022221565246582,114,222,306,500
video7.mp4,410,96,0.5701667070388794,657,210,786,485
video7.mp4,411,91,0.9046564698219299,454,239,741,501
video7.mp4,411,94,0.90016770362854,115,222,307,499
video7.mp4,411,92,0.89998459815979,325,21,441,313
video7.mp4,411,96,0.5361750721931458,649,209,786,470
video7.mp4,811,98,0.9060207605361938,113,219,289,500
video7.mp4,811,99,0.8946961164474487,287,25,465,302
video7.mp4,811,102,0.6931559443473816,445,240,725,500
video7.mp4,811,101,0.6890908479690552,668,205,786,470
video7.mp4,812,98,0.9102129340171814,113,220,289,500
video7.mp4,812,99,0.8861658573150635,287,25,463,302
video7.mp4,812,102,0.6760684251785278,444,239,723,497
video7.mp4,812,101,0.6740959882736206,666,204,786,459
video7.mp4,813,98,0.9137791991233826,113,222,288,500
video7.mp4,813,99,0.893803596496582,287,26,463,301
video7.mp4,813,101,0.6965760588645935,662,205,786,461
video7.mp4,813,102,0.6689361929893494,443,240,718,498
video7.mp4,814,98,0.9158586859703064,113,221,288,501
video7.mp4,814,99,0.8888787031173706,286,26,465,302
video7.mp4,814,102,0.8029894828796387,441,239,735,500
video7.mp4,814,101,0.7204787731170654,659,205,785,467
video7.mp4,815,98,0.9147201776504517,113,218,287,500
video7.mp4,815,99,0.885222852230072,285,26,464,299
video7.mp4,815,102,0.8293814063072205,442,239,736,500
video7.mp4,815,101,0.7151839733123779,659,204,785,462
video7.mp4,816,98,0.9139814972877502,113,219,286,501
video7.mp4,816,99,0.8905113339424133,284,25,463,299
video7.mp4,816,102,0.7820947170257568,441,239,732,499
video7.mp4,816,101,0.7568090558052063,662,203,785,465
video7.mp4,817,98,0.9144607186317444,113,219,286,501
video7.mp4,817,99,0.8860554695129395,284,25,466,299
video7.mp4,817,101,0.7698096036911011,664,203,785,465
video7.mp4,817,102,0.736525297164917,441,239,734,500
video7.mp4,818,98,0.9169370532035828,113,218,286,501
video7.mp4,818,99,0.8895366191864014,284,25,464,299
video7.mp4,818,102,0.7770316004753113,441,239,734,500
video7.mp4,818,101,0.7560533285140991,659,203,785,463
video7.mp4,819,98,0.9153232574462891,113,219,286,501
video7.mp4,819,99,0.896492063999176,284,25,463,300
video7.mp4,819,102,0.8349160552024841,442,239,734,498
video7.mp4,819,101,0.741489052772522,662,203,785,463
video7.mp4,820,98,0.9169336557388306,113,220,286,501
video7.mp4,820,99,0.8953381180763245,284,25,463,299
video7.mp4,820,102,0.784949541091919,442,239,731,498
video7.mp4,820,101,0.7683799266815186,661,203,785,464
video7.mp4,821,98,0.914597749710083,113,218,286,500
video7.mp4,821,99,0.8905991911888123,284,25,464,299
video7.mp4,821,101,0.6833727359771729,663,202,785,459
video7.mp4,821,102,0.6512821912765503,442,240,681,494
video7.mp4,822,98,0.9145515561103821,113,220,286,500
video7.mp4,822,99,0.8925067782402039,284,26,463,300
video7.mp4,822,101,0.7637196183204651,663,204,785,464
video7.mp4,822,102,0.7012651562690735,441,240,702,498
video7.mp4,823,98,0.9132878184318542,113,219,286,500
video7.mp4,823,99,0.8938421010971069,284,26,464,299
video7.mp4,823,102,0.7030437588691711,441,240,690,498
video7.mp4,823,101,0.7013176679611206,667,204,785,396
video7.mp4,824,98,0.9125455617904663,113,219,285,500
video7.mp4,824,99,0.8903172016143799,284,25,464,302
video7.mp4,824,102,0.7597320079803467,441,239,681,497
video7.mp4,824,101,0.7249191403388977,665,204,785,463
video7.mp4,825,98,0.9146193861961365,113,220,286,500
video7.mp4,825,99,0.8951579928398132,285,26,463,303
video7.mp4,825,101,0.7512640357017517,664,204,785,464
video7.mp4,825,102,0.7324041128158569,443,239,716,499
video7.mp4,826,98,0.9127323627471924,113,221,288,500
video7.mp4,826,99,0.8949071168899536,286,25,465,307
video7.mp4,826,101,0.7740622758865356,665,204,785,463
video7.mp4,826,102,0.7333980202674866,444,239,689,499
video7.mp4,827,98,0.9151651859283447,113,221,288,500
video7.mp4,827,99,0.8977751135826111,286,25,465,307
video7.mp4,827,101,0.7667607069015503,662,203,785,464
video7.mp4,827,102,0.6372077465057373,444,239,691,499
video7.mp4,828,98,0.9134327173233032,113,220,288,500
video7.mp4,828,99,0.9004795551300049,286,25,465,308
video7.mp4,828,101,0.7545675039291382,663,203,785,464
video7.mp4,828,102,0.661530077457428,444,239,684,499
video7.mp4,829,98,0.9121894240379333,113,219,288,500
video7.mp4,829,99,0.9031496047973633,286,24,465,307
video7.mp4,829,101,0.7569892406463623,665,204,785,464
video7.mp4,829,102,0.6352452039718628,444,238,695,499
video7.mp4,830,98,0.9105422496795654,114,219,288,498
video7.mp4,830,99,0.903612494468689,287,24,466,306
video7.mp4,830,101,0.7875313758850098,668,203,785,462
video7.mp4,830,102,0.7306544184684753,444,238,684,497
video7.mp4,831,98,0.9158155918121338,113,219,288,500
video7.mp4,831,99,0.9038585424423218,287,25,465,306
video7.mp4,831,101,0.7545320391654968,666,204,785,463
video7.mp4,831,102,0.7048398852348328,444,239,684,499
video7.mp4,832,98,0.914290726184845,113,219,288,500
video7.mp4,832,99,0.9029001593589783,287,24,465,307
video7.mp4,832,101,0.7816864252090454,668,203,785,463
video7.mp4,832,102,0.7389519214630127,445,238,682,498
video7.mp4,833,98,0.9131875038146973,113,220,289,498
video7.mp4,833,99,0.9071223139762878,288,25,466,310
video7.mp4,833,101,0.78885817527771,671,204,785,462
video7.mp4,833,102,0.7714104652404785,445,239,684,497
video7.mp4,834,98,0.9115245342254639,113,221,288,498
video7.mp4,834,99,0.9084935784339905,288,25,466,311
video7.mp4,834,102,0.7958298921585083,445,240,689,499
video7.mp4,834,101,0.7086883783340454,671,206,786,459
video7.mp4,835,98,0.9140984416007996,113,219,289,500
video7.mp4,835,99,0.9037743806838989,288,24,466,309
video7.mp4,835,101,0.7345338463783264,672,205,786,468
video7.mp4,835,102,0.7278860211372375,444,239,692,500
video7.mp4,836,98,0.9165813326835632,113,219,288,500
video7.mp4,836,99,0.9016865491867065,287,25,465,307
video7.mp4,836,101,0.7706911563873291,669,205,785,462
video7.mp4,836,102,0.7384598851203918,444,239,690,500
video7.mp4,837,98,0.9136176705360413,113,218,288,500
video7.mp4,837,99,0.9017532467842102,287,23,465,307
video7.mp4,837,101,0.7593467235565186,669,203,785,461
video7.mp4,837,102,0.7564669251441956,445,238,681,495
video7.mp4,838,98,0.9168747663497925,113,219,287,500
video7.mp4,838,99,0.9013287425041199,287,24,465,308
video7.mp4,838,101,0.7748904228210449,664,204,785,462
video7.mp4,838,102,0.7059201002120972,443,239,719,500
video7.mp4,839,98,0.9174829125404358,113,219,287,500
video7.mp4,839,99,0.8979209065437317,287,24,465,308
video7.mp4,839,101,0.7352461218833923,664,203,785,459
video7.mp4,839,102,0.6770808696746826,441,238,733,501
video7.mp4,840,98,0.9185493588447571,113,220,286,500
video7.mp4,840,99,0.8927072286605835,286,23,465,307
video7.mp4,840,101,0.7391517162322998,664,203,785,462
video7.mp4,840,102,0.6942007541656494,442,238,720,498
video7.mp4,841,98,0.9167702198028564,113,220,286,500
video7.mp4,841,99,0.8886493444442749,286,23,466,307
video7.mp4,841,102,0.7133538126945496,441,238,729,499
video7.mp4,841,101,0.669644296169281,660,203,785,456
video7.mp4,842,98,0.9170460104942322,113,220,286,500
video7.mp4,842,99,0.8932771682739258,286,24,464,305
video7.mp4,842,101,0.7176647782325745,663,204,785,458
video7.mp4,842,102,0.6979374885559082,441,239,722,498
video7.mp4,843,98,0.9107383489608765,113,219,285,500
video7.mp4,843,99,0.8804784417152405,286,23,464,303
video7.mp4,843,101,0.7617490887641907,665,203,785,391
video7.mp4,843,102,0.641421914100647,441,237,690,496
video7.mp4,844,98,0.908803403377533,113,219,284,500
video7.mp4,844,99,0.8838770389556885,285,22,463,303
video7.mp4,844,101,0.7717207670211792,665,203,785,391
video7.mp4,844,102,0.6865198612213135,440,238,677,495
video7.mp4,845,98,0.9134664535522461,113,218,284,500
video7.mp4,845,99,0.8835489153862,285,23,464,303
video7.mp4,845,101,0.7881976366043091,665,203,785,389
video7.mp4,845,102,0.6511049866676331,440,238,679,496
video7.mp4,846,98,0.914233922958374,113,220,285,500
video7.mp4,846,99,0.8922938704490662,286,23,464,304
video7.mp4,846,102,0.7391119003295898,441,238,693,499
video7.mp4,846,101,0.7381581664085388,663,202,785,461
video7.mp4,847,98,0.914415180683136,113,220,285,500
video7.mp4,847,99,0.8936823010444641,286,23,463,303
video7.mp4,847,102,0.7059099078178406,441,239,693,498
video7.mp4,847,101,0.6977876424789429,662,201,785,460
video7.mp4,848,98,0.9157658219337463,113,220,287,499
video7.mp4,848,99,0.892805814743042,286,23,464,307
video7.mp4,848,101,0.7780764102935791,657,202,786,463
video7.mp4,848,102,0.6516996026039124,442,238,709,498
video7.mp4,849,98,0.915153980255127,113,219,288,500
video7.mp4,849,99,0.9013893008232117,289,24,465,306
video7.mp4,849,102,0.7768979668617249,443,239,690,498
video7.mp4,849,101,0.7222330570220947,667,201,786,465
video7.mp4,850,98,0.9102079272270203,113,221,288,498
video7.mp4,850,99,0.8987537622451782,289,23,465,306
video7.mp4,850,102,0.7835022807121277,445,239,694,498
video7.mp4,850,101,0.7210906744003296,667,202,786,466
video7.mp4,851,98,0.9128960371017456,113,219,288,500
video7.mp4,851,99,0.8961650729179382,288,23,465,305
video7.mp4,851,102,0.7827942371368408,444,238,690,498
video7.mp4,851,101,0.7549418210983276,663,201,786,463
video7.mp4,852,98,0.9112106561660767,113,220,288,498
video7.mp4,852,99,0.8919116854667664,288,24,466,305
video7.mp4,852,102,0.783592700958252,445,239,683,496
video7.mp4,852,101,0.7516740560531616,664,201,786,469
video7.mp4,853,98,0.9099286794662476,113,221,288,497
video7.mp4,853,99,0.8902299404144287,289,23,466,304
video7.mp4,853,102,0.7887704372406006,445,238,687,498
video7.mp4,853,101,0.6954872012138367,668,200,786,465
video7.mp4,854,98,0.9066913723945618,113,221,289,497
video7.mp4,854,99,0.8928958177566528,289,24,466,304
video7.mp4,854,102,0.7708854079246521,445,239,685,497
video7.mp4,854,101,0.6992620825767517,658,201,786,467
video7.mp4,855,98,0.9067904949188232,113,221,288,499
video7.mp4,855,99,0.8964388966560364,289,25,466,304
video7.mp4,855,102,0.7161893248558044,444,239,699,499
video7.mp4,855,101,0.679798424243927,663,202,786,470
video7.mp4,856,98,0.9057539701461792,113,220,289,499
video7.mp4,856,99,0.8944645524024963,288,25,466,304
video7.mp4,856,102,0.7532463669776917,444,239,684,496
video7.mp4,856,101,0.7109972238540649,663,201,786,469
video7.mp4,857,98,0.9079753160476685,113,222,288,498
video7.mp4,857,99,0.8984877467155457,288,25,465,303
video7.mp4,857,102,0.7623250484466553,444,238,682,496
video7.mp4,857,101,0.7294020056724548,664,201,786,467
video7.mp4,858,98,0.9121780395507812,113,221,288,499
video7.mp4,858,99,0.8989202976226807,288,27,466,303
video7.mp4,858,102,0.7345508337020874,444,239,693,498
video7.mp4,858,101,0.7338240146636963,664,202,786,468
video7.mp4,859,98,0.9178949594497681,113,219,288,500
video7.mp4,859,99,0.8982588052749634,286,27,465,304
video7.mp4,859,101,0.6848572492599487,660,201,786,470
video7.mp4,859,102,0.6846156716346741,443,239,719,498
video7.mp4,860,98,0.9152410626411438,113,219,287,500
video7.mp4,860,99,0.8977304697036743,286,26,464,304
video7.mp4,860,101,0.7149773836135864,658,200,786,467
video7.mp4,860,102,0.6728052496910095,442,238,719,498
video7.mp4,861,98,0.9151437878608704,113,219,287,500
video7.mp4,861,99,0.8919821977615356,285,27,464,304
video7.mp4,861,101,0.7202300429344177,652,200,786,467
video7.mp4,861,102,0.6572750806808472,442,238,698,497
video7.mp4,862,98,0.9185903072357178,113,219,287,500
video7.mp4,862,99,0.8997979760169983,286,27,464,303
video7.mp4,862,101,0.828631579875946,650,200,786,467
video7.mp4,862,102,0.670326828956604,442,239,709,498
video7.mp4,863,98,0.9146586656570435,113,219,287,500
video7.mp4,863,99,0.9014595746994019,286,27,464,303
video7.mp4,863,101,0.7305426001548767,654,199,786,468
video7.mp4,863,102,0.6862158179283142,442,238,722,498
video7.mp4,864,98,0.9114840030670166,113,219,288,499
video7.mp4,864,99,0.8934016227722168,288,27,464,301
video7.mp4,864,101,0.7985360026359558,652,199,786,465
video7.mp4,864,102,0.6617196798324585,443,238,710,497
video7.mp4,865,98,0.9120079278945923,113,218,288,500
video7.mp4,865,99,0.8960582613945007,289,27,465,301
video7.mp4,865,102,0.7250432372093201,443,238,728,498
video7.mp4,865,101,0.7204903960227966,657,199,786,468
video7.mp4,866,98,0.9097646474838257,113,220,289,500
video7.mp4,866,99,0.9066387414932251,289,28,466,302
video7.mp4,866,101,0.7067719101905823,662,200,786,470
video7.mp4,866,102,0.693998396396637,444,239,700,500
video7.mp4,867,98,0.9110175967216492,113,219,289,500
video7.mp4,867,99,0.8996278047561646,289,28,466,303
video7.mp4,867,102,0.7464941143989563,444,239,718,499
video7.mp4,867,101,0.7017154097557068,662,200,786,465
video7.mp4,868,98,0.9099607467651367,113,220,289,499
video7.mp4,868,99,0.9033717513084412,289,28,466,304
video7.mp4,868,102,0.7551723122596741,444,239,732,500
video7.mp4,868,101,0.7319309711456299,666,200,786,468
video7.mp4,869,99,0.9096497297286987,290,28,466,304
video7.mp4,869,98,0.9083945155143738,113,220,289,499
video7.mp4,869,102,0.8248597979545593,445,239,737,499
video7.mp4,869,101,0.7216833829879761,654,200,786,468
video7.mp4,870,99,0.9050242304801941,291,28,469,308
video7.mp4,870,98,0.8785367608070374,113,221,300,500
video7.mp4,870,102,0.8479881882667542,446,239,740,500
video7.mp4,870,101,0.7651867866516113,656,200,786,473
video7.mp4,871,99,0.9104682207107544,291,27,469,309
video7.mp4,871,98,0.9085280895233154,113,220,292,500
video7.mp4,871,102,0.8804203271865845,447,239,742,500
video7.mp4,871,101,0.7577089071273804,653,200,786,473
video7.mp4,872,99,0.9104052782058716,292,28,470,309
video7.mp4,872,98,0.8998041749000549,113,221,292,499
video7.mp4,872,102,0.8533497452735901,447,239,740,500
video7.mp4,872,101,0.6707959771156311,657,200,786,472
video7.mp4,873,99,0.9088037014007568,292,28,470,309
video7.mp4,873,98,0.9041891694068909,113,220,292,500
video7.mp4,873,102,0.8324607610702515,446,240,741,498
video7.mp4,873,101,0.6624739766120911,651,200,786,474
video7.mp4,874,99,0.9118615984916687,293,27,471,310
video7.mp4,874,98,0.9032720327377319,113,220,293,500
video7.mp4,874,102,0.8258603811264038,446,238,738,498
video7.mp4,874,101,0.7562018632888794,660,198,786,472
video7.mp4,875,98,0.9140615463256836,112,219,291,499
video7.mp4,875,99,0.9107648730278015,292,24,470,304
video7.mp4,875,102,0.8065864443778992,447,236,729,498
video7.mp4,875,101,0.7621582746505737,670,196,786,470
video7.mp4,876,98,0.91105717420578,113,220,289,500
video7.mp4,876,99,0.8980199098587036,289,27,468,309
video7.mp4,876,102,0.8589310050010681,443,240,736,500
video7.mp4,876,101,0.8150085210800171,647,200,786,469
video7.mp4,877,98,0.9121901392936707,113,220,289,500
video7.mp4,877,99,0.9007648825645447,288,26,467,309
video7.mp4,877,101,0.8286387324333191,645,198,786,469
video7.mp4,877,102,0.7996034622192383,444,240,727,499
video7.mp4,878,98,0.9110732078552246,113,220,288,500
video7.mp4,878,99,0.893012285232544,286,26,469,308
video7.mp4,878,102,0.8337454199790955,442,240,730,499
video7.mp4,878,101,0.8250123858451843,643,199,786,467
video7.mp4,879,98,0.9127905368804932,113,220,288,500
video7.mp4,879,99,0.8923082947731018,285,25,471,307
video7.mp4,879,101,0.8457346558570862,643,198,786,470
video7.mp4,879,102,0.8433862328529358,441,240,727,499
video7.mp4,880,98,0.9150390625,113,219,288,500
video7.mp4,880,99,0.9041182398796082,285,24,469,307
video7.mp4,880,102,0.8471832871437073,441,239,727,499
video7.mp4,880,101,0.8378939628601074,644,198,786,474
video7.mp4,881,98,0.9178705215454102,113,219,288,500
video7.mp4,881,99,0.9051926136016846,285,24,470,307
video7.mp4,881,102,0.8572407960891724,441,239,726,498
video7.mp4,881,101,0.8419129252433777,646,197,786,472
video7.mp4,882,98,0.9086326956748962,113,220,288,500
video7.mp4,882,99,0.8983155488967896,284,24,471,307
video7.mp4,882,101,0.8626810908317566,646,198,786,471
video7.mp4,882,102,0.8558884263038635,440,240,733,498
video7.mp4,883,98,0.9127423763275146,113,220,288,500
video7.mp4,883,99,0.9061861634254456,283,24,471,304
video7.mp4,883,102,0.8711994886398315,440,239,734,499
video7.mp4,883,101,0.8390366435050964,650,197,786,470
video7.mp4,884,98,0.9164276123046875,113,219,288,500
video7.mp4,884,99,0.909866213798523,284,23,472,304
video7.mp4,884,102,0.8791695833206177,440,239,737,500
video7.mp4,884,101,0.8498387336730957,649,197,785,469
video7.mp4,885,98,0.9159570932388306,113,219,288,500
video7.mp4,885,99,0.9023505449295044,283,23,471,309
video7.mp4,885,102,0.8806450963020325,440,239,737,500
video7.mp4,885,101,0.8303927779197693,653,197,785,470
video7.mp4,886,98,0.9123710989952087,113,219,288,500
video7.mp4,886,99,0.90765380859375,283,24,471,308
video7.mp4,886,102,0.8660065531730652,440,240,738,500
video7.mp4,886,101,0.838371217250824,654,197,785,469
video7.mp4,887,98,0.9168539643287659,113,217,288,500
video7.mp4,887,99,0.9005798101425171,282,24,454,304
video7.mp4,887,102,0.8487964868545532,440,239,737,500
video7.mp4,887,101,0.8480198979377747,651,196,785,465
video7.mp4,888,98,0.918451189994812,113,217,288,501
video7.mp4,888,99,0.903575599193573,281,23,452,307
video7.mp4,888,101,0.8423240780830383,654,196,785,465
video7.mp4,888,102,0.8366084098815918,440,239,736,500
video7.mp4,889,98,0.9171275496482849,113,216,289,500
video7.mp4,889,99,0.8871121406555176,282,23,453,306
video7.mp4,889,102,0.8336640000343323,440,239,730,500
video7.mp4,889,101,0.8336548805236816,653,196,785,466
video7.mp4,890,98,0.9187206029891968,113,216,289,500
video7.mp4,890,99,0.8851946592330933,282,25,446,306
video7.mp4,890,101,0.8593430519104004,650,196,785,467
video7.mp4,890,102,0.8468905091285706,441,239,721,500
video7.mp4,891,98,0.9160965085029602,113,215,289,500
video7.mp4,891,99,0.9027379155158997,280,25,437,309
video7.mp4,891,102,0.8374797701835632,441,239,726,500
video7.mp4,891,101,0.832118034362793,655,196,785,465
video7.mp4,892,98,0.9146285653114319,113,215,289,500
video7.mp4,892,99,0.8990032076835632,281,25,434,311
video7.mp4,892,102,0.8403801918029785,441,239,720,500
video7.mp4,892,101,0.8335886597633362,656,197,785,467
video7.mp4,893,98,0.9102222323417664,113,215,290,500
video7.mp4,893,99,0.9005922675132751,282,25,431,311
video7.mp4,893,101,0.8350995182991028,658,196,785,467
video7.mp4,893,102,0.8349606394767761,441,239,716,500
video7.mp4,894,98,0.912139356136322,113,213,291,500
video7.mp4,894,99,0.9028454422950745,284,26,425,311
video7.mp4,894,101,0.8487789630889893,656,197,785,467
video7.mp4,894,102,0.8382940292358398,441,239,718,500
video7.mp4,895,98,0.9029335975646973,113,213,292,500
video7.mp4,895,99,0.9015517234802246,284,27,424,311
video7.mp4,895,102,0.8516004681587219,442,239,729,500
video7.mp4,895,101,0.8506977558135986,652,196,785,468
video7.mp4,896,99,0.9066294431686401,287,27,423,313
video7.mp4,896,98,0.8866835236549377,113,211,292,497
video7.mp4,896,101,0.861504077911377,651,196,785,467
video7.mp4,896,102,0.8322831988334656,441,239,738,499
video7.mp4,897,99,0.90677809715271,288,28,423,313
video7.mp4,897,98,0.8992322683334351,113,212,292,500
video7.mp4,897,101,0.8558128476142883,651,196,785,466
video7.mp4,897,102,0.8453852534294128,442,239,739,498
video7.mp4,898,99,0.914405107498169,290,28,424,312
video7.mp4,898,98,0.8981991410255432,113,212,292,500
video7.mp4,898,101,0.8330699801445007,652,196,785,464
video7.mp4,898,102,0.8203137516975403,442,239,738,498
video7.mp4,899,99,0.9144153594970703,289,29,425,313
video7.mp4,899,98,0.8965629935264587,113,211,293,500
video7.mp4,899,101,0.8210444450378418,652,195,785,465
video7.mp4,899,102,0.8050603270530701,442,239,738,499
video7.mp4,900,99,0.9125983715057373,290,31,428,312
video7.mp4,900,98,0.88260817527771,113,215,292,497
video7.mp4,900,101,0.7320818305015564,649,195,785,477
video7.mp4,900,102,0.6858993172645569,443,241,738,501
video7.mp4,901,99,0.8491437435150146,290,32,432,315
video7.mp4,901,98,0.8184983730316162,113,220,293,496
video7.mp4,901,101,0.6602095365524292,671,198,786,496
video7.mp4,902,101,0.7944784760475159,671,200,786,498
video7.mp4,902,99,0.7864959239959717,299,32,434,314
video7.mp4,902,98,0.7516130208969116,114,223,294,486
video7.mp4,903,99,0.8009177446365356,295,33,434,316
video7.mp4,903,98,0.6757032871246338,113,219,296,482
video7.mp4,903,101,0.6226440668106079,671,197,787,495
video7.mp4,904,99,0.8329479694366455,306,33,434,316
video7.mp4,904,98,0.5680968761444092,114,221,295,488
video7.mp4,905,99,0.7497221231460571,313,32,435,323
video7.mp4,906,99,0.7581389546394348,314,32,437,320
video7.mp4,906,98,0.6068958640098572,146,226,292,408
video7.mp4,907,98,0.6130087375640869,145,221,301,408
video7.mp4,907,99,0.5500603318214417,313,30,438,334
video7.mp4,908,98,0.5663156509399414,145,225,298,408
video7.mp4,908,99,0.5395920872688293,313,31,439,334
video7.mp4,924,102,0.5351652503013611,564,264,785,500
video7.mp4,932,103,0.7208876609802246,253,91,783,499
video7.mp4,933,103,0.7759085297584534,258,87,783,499
video7.mp4,934,103,0.864669919013977,270,89,782,499
video7.mp4,935,103,0.7836915850639343,280,96,781,499
video7.mp4,936,103,0.8114671111106873,289,112,785,497
video7.mp4,937,103,0.8072728514671326,296,117,784,498
video7.mp4,938,103,0.8154306411743164,306,127,779,498
video7.mp4,939,103,0.8609171509742737,309,132,782,498
video7.mp4,940,103,0.8364339470863342,311,137,779,498
video7.mp4,941,103,0.7789586186408997,312,132,774,499
video7.mp4,942,103,0.7605202198028564,313,129,777,498
video7.mp4,943,103,0.6771185398101807,311,137,774,499
video7.mp4,946,103,0.5416784286499023,335,143,778,498
video7.mp4,950,103,0.5321505069732666,310,142,776,498
video7.mp4,952,103,0.6984409093856812,114,6,770,497
video7.mp4,953,103,0.8082558512687683,114,3,776,498
video7.mp4,954,103,0.8505738973617554,116,2,773,497
video7.mp4,955,103,0.8740969300270081,116,2,774,498
video7.mp4,956,103,0.8803372979164124,115,1,779,499
video7.mp4,957,103,0.8878313302993774,114,1,779,498
video7.mp4,958,103,0.8597897291183472,116,2,777,498
video7.mp4,959,103,0.8842647075653076,116,2,781,498
video7.mp4,960,103,0.8428190350532532,116,1,777,495
video7.mp4,961,103,0.6814593076705933,118,1,781,496
video7.mp4,962,103,0.7772618532180786,122,0,777,498
video7.mp4,963,103,0.5870746970176697,315,130,781,498
video7.mp4,964,103,0.6993587017059326,317,140,782,497
video7.mp4,965,103,0.6581548452377319,317,142,783,498
video7.mp4,966,103,0.744745671749115,316,142,783,498
video7.mp4,967,103,0.74091637134552,316,141,783,498
video7.mp4,968,103,0.7604607939720154,317,145,783,498
video7.mp4,969,103,0.5350846648216248,314,143,782,499
video7.mp4,970,103,0.807338535785675,315,143,783,498
video7.mp4,971,103,0.7357181310653687,315,146,783,498
video7.mp4,972,103,0.7683565616607666,315,146,784,497
video7.mp4,973,103,0.7452817559242249,314,144,784,498
video7.mp4,974,103,0.7618632912635803,315,142,783,498
video7.mp4,975,103,0.6876628994941711,315,142,781,497
video7.mp4,976,103,0.672541618347168,315,141,784,498
video7.mp4,977,103,0.7511531710624695,315,145,784,497
video7.mp4,978,103,0.6875760555267334,315,146,784,498
video7.mp4,979,103,0.5858114361763,314,145,784,498
video7.mp4,980,103,0.6520400047302246,312,132,782,499
video7.mp4,981,103,0.7416027188301086,314,143,783,497
video7.mp4,982,103,0.6401797533035278,314,126,781,498
video7.mp4,983,103,0.6403250694274902,114,1,781,497
video7.mp4,984,103,0.6468055248260498,112,2,781,498
video7.mp4,985,103,0.7162750363349915,114,1,780,497
video7.mp4,986,103,0.8512595891952515,115,0,780,497
video7.mp4,987,103,0.8009962439537048,115,1,781,497
video7.mp4,988,103,0.7668114304542542,116,1,782,497
video7.mp4,989,103,0.7765153050422668,120,1,780,497
video7.mp4,990,103,0.816945493221283,123,1,780,498
video7.mp4,991,103,0.8145038485527039,123,1,779,499
video7.mp4,992,103,0.7654597759246826,121,1,778,495
video7.mp4,993,103,0.8706953525543213,127,1,781,498
video7.mp4,994,103,0.8877379894256592,122,1,782,497
video7.mp4,995,103,0.8400961756706238,123,1,782,497
video7.mp4,996,103,0.5755181312561035,120,1,780,497
video7.mp4,997,103,0.6836354732513428,123,1,783,495
video7.mp4,998,103,0.632530689239502,136,2,783,496
video7.mp4,999,103,0.7069721221923828,118,1,782,496
video7.mp4,1000,103,0.7476423978805542,118,3,782,495
video7.mp4,1001,103,0.6865944862365723,123,2,783,496
video7.mp4,1002,103,0.526078999042511,124,4,783,497
video7.mp4,1003,103,0.6025267839431763,117,3,783,496
video7.mp4,1004,103,0.6608860492706299,118,3,776,496
video7.mp4,1005,103,0.6579033136367798,135,2,782,497
video7.mp4,1006,103,0.6504438519477844,148,2,780,498
video7.mp4,1007,103,0.7204955816268921,146,1,779,497
video7.mp4,1008,103,0.7812636494636536,163,1,778,497
video7.mp4,1009,103,0.8283627033233643,159,0,782,497
video7.mp4,1010,103,0.8409993052482605,162,1,783,497
video7.mp4,1011,103,0.6936804056167603,161,2,781,497
video7.mp4,1012,103,0.500870943069458,152,1,783,498
video7.mp4,1013,103,0.6163098812103271,159,1,782,498
video7.mp4,1014,103,0.7691340446472168,327,2,776,498
video7.mp4,1015,103,0.7096084356307983,329,160,782,500
video7.mp4,1016,103,0.7253956198692322,330,161,783,499
video7.mp4,1017,103,0.6760151982307434,328,162,781,499
video7.mp4,1018,103,0.6113355159759521,331,160,781,499
video7.mp4,1019,103,0.6209978461265564,327,159,785,498
video7.mp4,1021,103,0.7639479637145996,323,146,785,499
video7.mp4,1022,103,0.7343822121620178,319,156,785,497
video7.mp4,1023,103,0.6693673133850098,317,154,785,498
video7.mp4,1025,103,0.5645462274551392,275,133,780,499
video7.mp4,1026,103,0.6219553351402283,322,119,777,500
video7.mp4,1027,103,0.555356502532959,347,108,776,498
video7.mp4,1034,103,0.8124001026153564,190,19,680,500
video7.mp4,1035,103,0.6313931345939636,143,4,667,499
video7.mp4,1039,103,0.5133649706840515,116,6,661,497
video7.mp4,1040,103,0.6408043503761292,135,4,655,497
video7.mp4,1042,103,0.608684778213501,116,2,642,498
video7.mp4,1043,103,0.6956013441085815,125,2,633,497
video7.mp4,1044,103,0.720605731010437,142,10,625,499
video7.mp4,1045,103,0.5326152443885803,122,18,615,499
video7.mp4,1046,103,0.5944897532463074,118,6,601,495
video7.mp4,1051,103,0.5744500756263733,122,3,634,501
video7.mp4,1055,103,0.6246969699859619,233,117,729,497
video7.mp4,1062,103,0.6472400426864624,361,256,785,500
video7.mp4,1063,103,0.5423133969306946,375,266,785,499
video7.mp4,1064,103,0.6175259351730347,383,289,785,501
video7.mp4,1065,103,0.5147340297698975,405,305,786,501
video7.mp4,1141,104,0.8327609300613403,412,0,549,358
video7.mp4,1142,104,0.8365973234176636,413,0,548,361
video7.mp4,1143,104,0.7191669940948486,413,0,571,387
video7.mp4,1144,104,0.7496892213821411,414,0,559,394
video7.mp4,1145,104,0.7109017372131348,414,0,559,393
video7.mp4,1146,104,0.7160329818725586,415,0,564,390
video7.mp4,1146,107,0.6798490285873413,241,8,352,478
video7.mp4,1146,106,0.5628018975257874,550,0,675,359
video7.mp4,1147,104,0.7930411100387573,414,1,547,391
video7.mp4,1147,106,0.7443611025810242,545,0,675,389
video7.mp4,1147,107,0.7420092821121216,240,16,352,477
video7.mp4,1148,104,0.7986711263656616,413,0,545,393
video7.mp4,1148,106,0.761419951915741,545,0,673,394
video7.mp4,1148,107,0.7527956366539001,238,12,352,476
video7.mp4,1149,106,0.796567440032959,548,0,674,394
video7.mp4,1149,104,0.7871696352958679,414,0,547,392
video7.mp4,1149,107,0.7354196310043335,238,14,352,476
video7.mp4,1150,106,0.8093084096908569,549,0,675,398
video7.mp4,1150,104,0.8016999363899231,413,0,546,394
video7.mp4,1150,107,0.7634361386299133,239,13,352,475
video7.mp4,1151,106,0.8202417492866516,549,0,674,399
video7.mp4,1151,104,0.8082970380783081,412,0,543,401
video7.mp4,1151,107,0.7632370591163635,238,5,351,474
video7.mp4,1152,106,0.8236426711082458,549,0,674,399
video7.mp4,1152,104,0.7962604761123657,410,0,542,414
video7.mp4,1152,107,0.7636188864707947,237,6,351,475
video7.mp4,1153,104,0.807395339012146,412,0,542,424
video7.mp4,1153,106,0.8036355376243591,549,0,674,400
video7.mp4,1153,107,0.7736843228340149,238,5,351,474
video7.mp4,1154,106,0.8062498569488525,549,0,674,400
video7.mp4,1154,104,0.8031332492828369,412,0,542,428
video7.mp4,1154,107,0.7870493531227112,237,5,351,475
video7.mp4,1155,106,0.7993623614311218,549,0,674,400
video7.mp4,1155,104,0.7966737151145935,412,0,541,426
video7.mp4,1155,107,0.772614061832428,237,6,351,473
video7.mp4,1156,104,0.8177738189697266,412,0,542,422
video7.mp4,1156,106,0.8116843104362488,548,0,674,400
video7.mp4,1156,107,0.7652092576026917,238,5,351,473
video7.mp4,1157,104,0.8261556029319763,412,0,542,417
video7.mp4,1157,106,0.813958466053009,549,0,674,399
video7.mp4,1157,107,0.774479866027832,238,5,351,473
video7.mp4,1158,106,0.811586856842041,549,0,674,401
video7.mp4,1158,104,0.8026742339134216,412,0,542,421
video7.mp4,1158,107,0.786423921585083,238,6,351,474
video7.mp4,1159,104,0.8342734575271606,413,0,544,416
video7.mp4,1159,106,0.8174185156822205,548,0,674,400
video7.mp4,1159,107,0.7642110586166382,238,7,351,471
video7.mp4,1160,104,0.8292755484580994,414,0,545,426
video7.mp4,1160,106,0.8168225288391113,549,0,674,400
video7.mp4,1160,107,0.7770281434059143,238,6,351,472
video7.mp4,1161,104,0.8145581483840942,412,1,544,423
video7.mp4,1161,106,0.8096813559532166,549,0,674,400
video7.mp4,1161,107,0.767746090888977,238,6,351,472
video7.mp4,1162,106,0.8122613430023193,550,0,674,401
video7.mp4,1162,104,0.8098136782646179,413,0,545,427
video7.mp4,1162,107,0.7977436780929565,238,5,352,474
video7.mp4,1163,104,0.8261238932609558,414,0,546,425
video7.mp4,1163,106,0.8217464685440063,550,0,674,401
video7.mp4,1163,107,0.7779446244239807,238,5,351,472
video7.mp4,1164,104,0.827958345413208,413,0,546,427
video7.mp4,1164,106,0.8206821084022522,550,0,674,400
video7.mp4,1164,107,0.771731972694397,238,5,351,472
video7.mp4,1165,106,0.8137913346290588,550,0,674,400
video7.mp4,1165,104,0.8049047589302063,412,0,544,424
video7.mp4,1165,107,0.7726157903671265,238,6,351,473
video7.mp4,1166,104,0.8066543340682983,414,0,548,422
video7.mp4,1166,106,0.8049976825714111,550,0,674,400
video7.mp4,1166,107,0.7891378402709961,238,5,351,473
video7.mp4,1167,104,0.8120374083518982,412,0,544,431
video7.mp4,1167,107,0.7998526096343994,237,4,350,474
video7.mp4,1167,106,0.7896041870117188,548,0,673,399
video7.mp4,1168,104,0.8094453811645508,413,0,544,430
video7.mp4,1168,107,0.8025609850883484,237,4,351,474
video7.mp4,1168,106,0.7858690023422241,549,0,673,398
video7.mp4,1169,107,0.78559809923172,237,8,351,476
video7.mp4,1169,104,0.7808923721313477,412,0,545,427
video7.mp4,1169,106,0.7767376899719238,549,0,673,399
video7.mp4,1170,104,0.8039582967758179,411,0,543,425
video7.mp4,1170,107,0.7882792949676514,237,9,351,475
video7.mp4,1170,106,0.7774849534034729,549,0,673,399
video7.mp4,1171,107,0.7952589988708496,237,5,351,475
video7.mp4,1171,104,0.7912549376487732,412,0,544,428
video7.mp4,1171,106,0.785418689250946,548,0,673,399
video7.mp4,1172,107,0.7945253252983093,237,6,351,476
video7.mp4,1172,104,0.7865585684776306,413,0,548,430
video7.mp4,1172,106,0.781365692615509,549,0,674,399
video7.mp4,1173,104,0.7933324575424194,411,0,543,427
video7.mp4,1173,107,0.7920660972595215,237,6,351,475
video7.mp4,1173,106,0.7700123190879822,549,0,673,399
video7.mp4,1174,107,0.7943646311759949,237,5,351,474
video7.mp4,1174,104,0.7894505262374878,411,0,543,429
video7.mp4,1174,106,0.739876925945282,549,0,673,399
video7.mp4,1175,104,0.8260073661804199,411,0,541,430
video7.mp4,1175,107,0.8010267019271851,237,5,348,475
video7.mp4,1175,106,0.7721701860427856,547,0,672,398
video7.mp4,1176,104,0.8144387006759644,411,0,542,427
video7.mp4,1176,107,0.7981507778167725,237,3,351,474
video7.mp4,1176,106,0.7612745761871338,548,0,674,399
video7.mp4,1177,104,0.8216849565505981,414,0,547,429
video7.mp4,1177,107,0.7884696125984192,238,8,352,474
video7.mp4,1177,106,0.7822584509849548,549,0,675,399
video7.mp4,1178,107,0.8058018088340759,238,4,352,475
video7.mp4,1178,106,0.7993535399436951,550,0,676,401
video7.mp4,1178,104,0.7762946486473083,415,0,553,432
video7.mp4,1179,107,0.7990151047706604,238,6,352,474
video7.mp4,1179,104,0.795672595500946,415,0,550,432
video7.mp4,1179,106,0.781664252281189,550,0,675,401
video7.mp4,1180,104,0.8093255162239075,415,0,547,423
video7.mp4,1180,106,0.8060659170150757,550,0,676,400
video7.mp4,1180,107,0.7772402763366699,239,5,352,473
video7.mp4,1181,104,0.8162209391593933,414,0,545,424
video7.mp4,1181,107,0.766703724861145,237,5,351,473
video7.mp4,1181,106,0.7511379718780518,548,0,674,399
video7.mp4,1182,104,0.8208029866218567,413,0,546,430
video7.mp4,1182,107,0.7919618487358093,238,7,352,475
video7.mp4,1182,106,0.7736495137214661,549,0,675,402
video7.mp4,1183,104,0.8094978928565979,413,0,546,434
video7.mp4,1183,107,0.7833559513092041,237,7,351,474
video7.mp4,1183,106,0.7451299428939819,548,0,675,400
video7.mp4,1184,104,0.8116738796234131,411,0,544,432
video7.mp4,1184,107,0.7939530611038208,237,3,350,475
video7.mp4,1184,106,0.7496444582939148,548,0,674,399
video7.mp4,1185,104,0.8180385231971741,413,0,545,433
video7.mp4,1185,107,0.7918162941932678,237,4,351,474
video7.mp4,1185,106,0.743779182434082,549,0,674,398
video7.mp4,1186,104,0.8171365857124329,414,0,549,430
video7.mp4,1186,107,0.7924949526786804,239,4,352,475
video7.mp4,1186,106,0.7908675670623779,550,0,676,400
video7.mp4,1187,104,0.786776602268219,412,0,543,428
video7.mp4,1187,106,0.7741163372993469,549,0,674,400
video7.mp4,1187,107,0.7700467705726624,237,10,351,475
video7.mp4,1188,104,0.7936328053474426,411,0,541,427
video7.mp4,1188,107,0.7856963276863098,237,5,350,475
video7.mp4,1188,106,0.781000018119812,549,0,673,399
video7.mp4,1189,104,0.8137751221656799,411,0,541,424
video7.mp4,1189,107,0.7913770079612732,237,4,349,475
video7.mp4,1189,106,0.7731763124465942,547,0,673,399
video7.mp4,1190,104,0.819840669631958,412,0,542,432
video7.mp4,1190,107,0.7947900295257568,237,5,350,476
video7.mp4,1190,106,0.7677697539329529,547,0,673,399
video7.mp4,1191,104,0.8050727248191833,412,0,541,418
video7.mp4,1191,107,0.7984074354171753,237,6,351,475
video7.mp4,1191,106,0.7692834138870239,548,0,673,399
video7.mp4,1192,104,0.8336443305015564,414,0,542,420
video7.mp4,1192,107,0.8075799942016602,238,8,351,474
video7.mp4,1192,106,0.7789812088012695,549,0,674,399
video7.mp4,1193,104,0.816283643245697,414,0,545,425
video7.mp4,1193,107,0.8070860505104065,239,5,351,475
video7.mp4,1193,106,0.7860780358314514,550,0,675,399
video7.mp4,1194,107,0.8174755573272705,239,5,351,475
video7.mp4,1194,104,0.801281213760376,414,0,548,423
video7.mp4,1194,106,0.796343982219696,550,0,675,399
video7.mp4,1195,104,0.8097555637359619,414,0,546,422
video7.mp4,1195,107,0.7977510094642639,238,6,351,474
video7.mp4,1195,106,0.7711402177810669,549,0,675,401
video7.mp4,1196,104,0.8036759495735168,413,0,545,428
video7.mp4,1196,107,0.7951536774635315,237,4,351,475
video7.mp4,1196,106,0.776610255241394,548,0,674,400
video7.mp4,1197,107,0.7963850498199463,241,1,352,437
video7.mp4,1197,104,0.7590258717536926,415,0,546,383
video7.mp4,1197,106,0.6633502840995789,570,0,703,361
video7.mp4,1198,107,0.7547417283058167,246,0,352,389
video7.mp4,1198,104,0.5331276059150696,414,0,539,306
video7.mp4,1203,108,0.8714601993560791,509,246,610,505
video7.mp4,1204,108,0.8651546835899353,501,173,611,504
video7.mp4,1205,104,0.7540892362594604,391,77,495,289
video7.mp4,1206,104,0.7561232447624207,391,78,496,289
video7.mp4,1206,111,0.6272402405738831,674,37,788,485
video7.mp4,1207,104,0.7724142670631409,392,77,496,292
video7.mp4,1207,111,0.5724851489067078,677,39,788,482
video7.mp4,1208,104,0.7738395929336548,391,78,495,291
video7.mp4,1208,111,0.6046603918075562,673,38,788,486
video7.mp4,1209,104,0.8065745234489441,392,78,496,295
video7.mp4,1209,108,0.7977904081344604,505,55,623,452
video7.mp4,1209,111,0.5332013964653015,675,40,787,484
video7.mp4,1210,104,0.830101490020752,392,78,497,296
video7.mp4,1210,108,0.7414557337760925,504,55,618,444
video7.mp4,1210,111,0.5462737679481506,675,39,787,489
video7.mp4,1211,104,0.8586265444755554,392,78,496,297
video7.mp4,1211,108,0.7241330742835999,504,55,618,444
video7.mp4,1211,111,0.5586841702461243,680,42,787,490
video7.mp4,1212,104,0.8436474204063416,393,78,497,297
video7.mp4,1212,108,0.7318724393844604,504,55,618,443
video7.mp4,1212,111,0.5254841446876526,673,39,787,490
video7.mp4,1213,104,0.7971791625022888,393,77,497,295
video7.mp4,1213,108,0.7191135883331299,504,54,620,446
video7.mp4,1213,111,0.5643177628517151,679,52,788,491
video7.mp4,1214,104,0.7751628756523132,394,77,497,295
video7.mp4,1214,108,0.7206123471260071,505,54,620,447
video7.mp4,1214,111,0.535940945148468,682,58,788,492
video7.mp4,1215,104,0.791452944278717,393,78,497,295
video7.mp4,1215,108,0.7413086295127869,504,54,626,452
video7.mp4,1215,111,0.5682706832885742,680,50,788,493
video7.mp4,1216,108,0.7226896286010742,505,53,625,451
video7.mp4,1216,104,0.7103739380836487,394,77,497,294
video7.mp4,1216,111,0.5337232351303101,681,60,788,491
video7.mp4,1217,108,0.731630802154541,505,53,624,451
video7.mp4,1217,104,0.719383955001831,394,77,497,294
video7.mp4,1217,111,0.5701902508735657,680,60,788,492
video7.mp4,1218,104,0.7615820169448853,394,78,497,295
video7.mp4,1218,108,0.664100706577301,506,54,618,447
video7.mp4,1218,111,0.5577858686447144,682,54,788,493
video7.mp4,1219,104,0.7850455641746521,394,78,498,295
video7.mp4,1219,108,0.6099522113800049,507,54,617,448
video7.mp4,1219,111,0.5156804919242859,683,56,788,490
video7.mp4,1220,104,0.7523153424263,394,78,497,295
video7.mp4,1220,108,0.6296782493591309,507,54,618,446
video7.mp4,1220,111,0.5349213480949402,681,53,788,491
video7.mp4,1221,104,0.7441413402557373,394,78,497,294
video7.mp4,1221,108,0.7251056432723999,505,54,620,448
video7.mp4,1221,111,0.5685610175132751,681,51,788,493
video7.mp4,1222,104,0.7973504066467285,394,78,498,296
video7.mp4,1222,108,0.6947118043899536,505,54,625,452
video7.mp4,1222,111,0.5336769223213196,682,59,788,492
video7.mp4,1223,104,0.7801051735877991,393,77,497,295
video7.mp4,1223,108,0.7685471773147583,503,54,625,452
video7.mp4,1223,111,0.5518189668655396,680,57,788,493
video7.mp4,1224,104,0.7600516676902771,393,77,497,294
video7.mp4,1224,108,0.7509250044822693,504,54,622,449
video7.mp4,1224,111,0.5629040002822876,681,53,787,491
video7.mp4,1225,108,0.7444362640380859,504,55,622,448
video7.mp4,1225,104,0.7434455156326294,392,78,497,294
video7.mp4,1225,111,0.5063416361808777,681,48,787,489
video7.mp4,1226,104,0.6908037662506104,394,77,497,294
video7.mp4,1226,108,0.579349160194397,507,54,618,373
video7.mp4,1226,111,0.5161970257759094,675,55,787,487
video7.mp4,1227,108,0.7459155321121216,503,56,620,448
video7.mp4,1227,104,0.7322248220443726,393,78,497,293
video7.mp4,1227,111,0.5370668172836304,677,50,787,487
video7.mp4,1228,108,0.7228158712387085,504,54,619,448
video7.mp4,1228,104,0.6863351464271545,393,77,497,292
video7.mp4,1228,111,0.5485361218452454,678,53,787,490
video7.mp4,1229,108,0.6933704614639282,503,54,616,438
video7.mp4,1229,104,0.6820022463798523,392,78,495,291
video7.mp4,1229,111,0.6118826270103455,674,38,788,494
video7.mp4,1230,104,0.7236281037330627,392,78,496,292
video7.mp4,1230,108,0.7026938796043396,503,55,619,448
video7.mp4,1230,111,0.66229248046875,677,39,788,492
video7.mp4,1231,104,0.692233681678772,392,78,495,291
video7.mp4,1231,108,0.6637073755264282,503,55,617,445
video7.mp4,1231,111,0.6197174191474915,678,37,788,492
video7.mp4,1232,104,0.6947521567344666,392,78,496,292
video7.mp4,1232,108,0.694229245185852,504,55,619,449
video7.mp4,1232,111,0.6704735159873962,676,38,788,492
video7.mp4,1233,108,0.7930350303649902,504,55,622,453
video7.mp4,1233,104,0.7361032962799072,393,78,497,295
video7.mp4,1233,111,0.5373417139053345,675,51,787,491
video7.mp4,1234,108,0.7855731844902039,505,55,620,453
video7.mp4,1234,104,0.7446198463439941,393,78,498,295
video7.mp4,1234,111,0.5338336229324341,681,60,788,493
video7.mp4,1235,108,0.7632104754447937,504,54,621,453
video7.mp4,1235,104,0.6648677587509155,393,78,497,292
video7.mp4,1235,111,0.5793908834457397,680,44,786,487
video7.mp4,1236,108,0.7544236183166504,503,54,623,452
video7.mp4,1236,104,0.7060644626617432,393,78,497,293
video7.mp4,1236,111,0.6031412482261658,680,47,788,493
video7.mp4,1237,108,0.7626653909683228,503,54,623,452
video7.mp4,1237,104,0.6702287197113037,393,77,497,293
video7.mp4,1237,111,0.6459747552871704,680,52,788,495
video7.mp4,1238,108,0.7335146069526672,503,54,623,453
video7.mp4,1238,104,0.6970888376235962,392,78,497,293
video7.mp4,1238,111,0.6701610088348389,678,41,788,495
video7.mp4,1239,108,0.7017481923103333,503,54,619,449
video7.mp4,1239,111,0.6697499752044678,677,42,788,493
video7.mp4,1239,104,0.6627166271209717,392,77,495,293
video7.mp4,1240,108,0.6962183117866516,504,54,619,449
video7.mp4,1240,111,0.6851410269737244,676,39,788,494
video7.mp4,1240,104,0.6736944317817688,392,77,496,292
video7.mp4,1241,108,0.8119204640388489,504,53,622,452
video7.mp4,1241,104,0.6922913789749146,392,77,497,293
video7.mp4,1241,111,0.643766462802887,678,44,788,494
video7.mp4,1242,108,0.8027320504188538,504,54,621,452
video7.mp4,1242,104,0.6672800183296204,392,78,496,293
video7.mp4,1242,111,0.6449159979820251,677,42,788,494
video7.mp4,1243,108,0.7681730389595032,502,53,623,452
video7.mp4,1243,111,0.6559878587722778,679,41,788,493
video7.mp4,1243,104,0.5987202525138855,392,77,495,292
video7.mp4,1244,108,0.756978452205658,504,54,623,452
video7.mp4,1244,111,0.6599513292312622,677,39,788,494
video7.mp4,1244,104,0.6594144701957703,392,77,496,293
video7.mp4,1245,108,0.725105345249176,503,54,626,452
video7.mp4,1245,111,0.6478762030601501,676,43,788,493
video7.mp4,1245,104,0.6143423914909363,392,77,495,292
video7.mp4,1246,108,0.7228588461875916,503,54,625,452
video7.mp4,1246,111,0.6561919450759888,677,41,788,494
video7.mp4,1246,104,0.576721727848053,392,77,495,292
video7.mp4,1247,108,0.7909644246101379,501,53,620,452
video7.mp4,1247,111,0.6134915351867676,677,45,788,492
video7.mp4,1247,104,0.5886779427528381,392,76,495,293
video7.mp4,1248,108,0.7880456447601318,504,54,625,453
video7.mp4,1248,104,0.6425924897193909,393,78,496,293
video7.mp4,1248,111,0.5990456938743591,678,40,788,493
video7.mp4,1249,108,0.7689416408538818,504,54,623,452
video7.mp4,1249,104,0.6853994727134705,393,78,497,294
video7.mp4,1249,111,0.6201009750366211,679,49,788,493
video7.mp4,1250,104,0.7558280229568481,392,77,496,293
video7.mp4,1250,108,0.7048481702804565,503,54,619,449
video7.mp4,1250,111,0.6425190567970276,679,43,788,492
video7.mp4,1251,108,0.7376126050949097,502,53,623,451
video7.mp4,1251,111,0.6530792117118835,679,45,788,492
video7.mp4,1251,104,0.5831431150436401,392,76,496,291
video7.mp4,1252,108,0.7591292858123779,502,53,622,451
video7.mp4,1252,104,0.6684926152229309,392,76,496,291
video7.mp4,1252,111,0.6178181767463684,679,49,787,486
video7.mp4,1253,104,0.7077831625938416,392,77,495,294
video7.mp4,1253,111,0.6145145893096924,677,41,787,483
video7.mp4,1253,108,0.593249499797821,503,54,617,423
video7.mp4,1254,104,0.660818338394165,393,78,496,293
video7.mp4,1254,111,0.6216371059417725,678,45,788,490
video7.mp4,1254,108,0.6196939945220947,504,54,618,447
video7.mp4,1255,108,0.7052758932113647,503,53,624,451
video7.mp4,1255,104,0.6487775444984436,392,76,496,293
video7.mp4,1255,111,0.6130598187446594,677,45,788,489
video7.mp4,1256,104,0.7094622850418091,393,77,496,294
video7.mp4,1256,108,0.6724383234977722,503,54,620,447
video7.mp4,1256,111,0.6394928097724915,679,49,787,487
video7.mp4,1257,104,0.7492828369140625,393,78,497,295
video7.mp4,1257,111,0.582920253276825,673,52,788,492
video7.mp4,1257,108,0.5664300322532654,506,54,617,360
video7.mp4,1258,108,0.7619464993476868,505,54,630,452
video7.mp4,1258,104,0.6783766746520996,395,78,500,294
video7.mp4,1258,111,0.5665556192398071,685,50,788,486
video7.mp4,1259,108,0.7097867727279663,506,54,623,450
video7.mp4,1259,104,0.6530757546424866,396,78,500,294
video7.mp4,1259,111,0.5661171078681946,684,50,788,487
video7.mp4,1260,108,0.718864381313324,506,54,624,450
video7.mp4,1260,104,0.6879333257675171,396,78,500,295
video7.mp4,1260,111,0.5604355335235596,683,45,788,486
video7.mp4,1261,108,0.7579638957977295,506,53,629,452
video7.mp4,1261,104,0.6506397128105164,395,77,500,294
video7.mp4,1261,111,0.5875345468521118,685,49,788,491
video7.mp4,1262,108,0.6780050992965698,507,55,622,451
video7.mp4,1262,104,0.6652476191520691,396,78,499,295
video7.mp4,1262,111,0.5704759359359741,683,47,788,491
video7.mp4,1263,104,0.7360042929649353,393,77,497,295
video7.mp4,1263,111,0.593741238117218,678,57,788,495
video7.mp4,1263,108,0.5804396867752075,505,54,619,417
video7.mp4,1264,108,0.8089006543159485,504,53,625,452
video7.mp4,1264,104,0.768380343914032,392,77,496,295
video7.mp4,1264,111,0.656647801399231,676,49,788,494
video7.mp4,1265,104,0.7548527717590332,392,78,497,293
video7.mp4,1265,108,0.7233392596244812,504,56,621,449
video7.mp4,1265,111,0.6131651401519775,677,47,787,491
video7.mp4,1266,104,0.8282421827316284,392,79,497,294
video7.mp4,1266,108,0.7578797340393066,504,55,618,448
video7.mp4,1267,104,0.8229801654815674,392,79,496,293
video7.mp4,1267,108,0.7975555062294006,503,55,618,450
video7.mp4,1268,108,0.7781084179878235,505,54,622,451
video7.mp4,1268,104,0.7091529369354248,393,77,496,289
video7.mp4,1269,108,0.752825140953064,504,55,617,448
video7.mp4,1269,104,0.6463479399681091,392,78,495,276
video7.mp4,1270,108,0.7587778568267822,504,55,619,448
video7.mp4,1270,104,0.6968844532966614,393,77,496,285
video7.mp4,1271,108,0.7767106890678406,505,55,623,453
video7.mp4,1271,104,0.7241643071174622,393,79,497,275
video7.mp4,1272,108,0.7892749309539795,504,55,619,448
video7.mp4,1272,104,0.7233400940895081,393,78,497,280
video7.mp4,1273,108,0.7969918847084045,506,54,620,449
video7.mp4,1273,104,0.6733211278915405,396,78,498,279
video7.mp4,1274,108,0.8211439847946167,504,55,618,449
video7.mp4,1274,104,0.7410795092582703,395,79,498,277
video7.mp4,1275,108,0.7937431931495667,504,54,619,448
video7.mp4,1275,104,0.6864617466926575,395,78,498,276
video7.mp4,1276,108,0.8061046600341797,506,55,619,445
video7.mp4,1276,104,0.6691151857376099,397,78,499,279
video7.mp4,1277,108,0.7973734736442566,506,55,618,445
video7.mp4,1277,104,0.7034345865249634,396,78,498,277
video7.mp4,1278,108,0.8001831769943237,507,55,619,445
video7.mp4,1278,104,0.6642136573791504,397,79,500,277
video7.mp4,1279,108,0.8326355218887329,507,55,620,452
video7.mp4,1279,104,0.6961755752563477,397,79,499,277
video7.mp4,1280,108,0.8223882913589478,509,55,625,448
video7.mp4,1280,104,0.794215738773346,399,79,502,273
video7.mp4,1281,108,0.8463863730430603,509,55,628,446
video7.mp4,1281,104,0.7831432819366455,400,80,504,270
video7.mp4,1282,108,0.8365573287010193,510,55,631,446
video7.mp4,1282,104,0.7165356278419495,400,79,503,267
video7.mp4,1283,108,0.7947560548782349,510,55,630,436
video7.mp4,1283,104,0.7384942770004272,400,80,500,267
video7.mp4,1284,104,0.7637738585472107,399,80,499,265
video7.mp4,1284,108,0.6977856755256653,507,56,625,422
video7.mp4,1285,108,0.5769914984703064,517,55,621,365
